tier,archive_index,species,form,held_item,move_1,move_2,move_3,move_4,nature,ev_distribution,ev_hp,ev_attack,ev_defense,ev_speed,ev_sp_attack,ev_sp_defense,player_ivs,opponent_ivs,ability_rule,gender_rule,friendship,availability,trainer_ids,trainer_id_classes,ability_slots,sex_vector
Cleavant (Hiker),0,Barbaracle,Default,Bright Powder,Stone Edge,Razor Shell,Shell Smash,Double Team,Adamant,255 Attack / 255 Speed,0,255,0,255,0,0,31 all,19 all,Tough Claws (1/3) / Sniper (1/3) / Pickpocket (1/3),PID-derived species ratio (sex_vector=127),255,NPC + Agency,20,Trainer IDs 0-49 (19 IV),Tough Claws / Sniper / Pickpocket,127
"Florian, Robin, Max, Bert (Youngster) / Sophia, Shanta, Rachel, Chan (Lass) / Parker, Isaac, Ayden, Alwyn, Mardea, Gabriella (Youth Athlete)",1,Hawlucha,Default,Salac Berry,Acrobatics,High Jump Kick,Feather Dance,Taunt,Jolly,255 Attack / 255 Speed,0,255,0,255,0,0,31 all,19 all,Limber (1/3) / Unburden (1/3) / Mold Breaker (1/3),PID-derived species ratio (sex_vector=127),255,NPC + Agency,"0,1,2,3,4,5,6,7,38,39,40,41,42,43",Trainer IDs 0-49 (19 IV),Limber / Unburden / Mold Breaker,127
"Florian, Robin, Max, Bert (Youngster) / Ferdinand, Rico, Jasper, Mercy, Helen, Gladys (Preschooler) / Buster (Hiker) / Winnie, Prudence, Dominica (Office Worker)",2,Carbink,Default,Light Clay,Reflect,Light Screen,Safeguard,Dazzling Gleam,Calm,255 Defense / 255 Sp. Def,0,0,255,0,0,255,31 all,19 all,Clear Body (2/3) / Sturdy (1/3),Genderless,255,NPC + Agency,"0,1,2,3,8,9,11,13,14,15,21,27,28,29",Trainer IDs 0-49 (19 IV),Clear Body / Clear Body / Sturdy,255
"Darla, Kayla (Backpacker) / Parker, Isaac, Ayden, Alwyn, Mardea, Gabriella (Youth Athlete) / Cooper, Darien (Sightseer) / Henry (Gentleman)",3,Pyroar,Default,King's Rock,Flamethrower,Hyper Voice,Snarl,Noble Roar,Timid,255 Speed / 255 Sp. Atk,0,0,0,255,255,0,31 all,"19,23 all",Rivalry (1/3) / Unnerve (1/3) / Moxie (1/3),PID-derived species ratio (sex_vector=225),255,NPC + Agency,"16,19,38,39,40,41,42,43,50,51,62",Trainer IDs 0-49 (19 IV); Trainer IDs 50-69 (23 IV),Rivalry / Unnerve / Moxie,225
"Kass, Scoop, Dylan, Evander (Punk Guy) / Christopher, Brandi (Rising Star) / Kaula, Charlene (Sightseer) / Jairo (Janitor) / JT, Benjamin (Worker)",4,Avalugg,Default,Leftovers,Avalanche,Confide,Protect,Toxic,Relaxed,255 HP / 255 Defense,255,0,255,0,0,0,31 all,"19,23 all",Own Tempo (1/3) / Ice Body (1/3) / Sturdy (1/3),PID-derived species ratio (sex_vector=127),255,NPC + Agency,"30,31,32,33,45,48,53,54,56,60,61",Trainer IDs 0-49 (19 IV); Trainer IDs 50-69 (23 IV),Own Tempo / Ice Body / Sturdy,127
Cleavant (Hiker),5,Tyrantrum,Default,Lax Incense,Stealth Rock,Dragon Tail,Double Team,Earthquake,Relaxed,255 Defense / 255 Sp. Def,0,0,255,0,0,255,31 all,19 all,Strong Jaw (2/3) / Rock Head (1/3),PID-derived species ratio (sex_vector=31),255,NPC + Agency,20,Trainer IDs 0-49 (19 IV),Strong Jaw / Strong Jaw / Rock Head,31
"Cleavant, Buster (Hiker) / Christopher, Brandi (Rising Star) / Cooper, Darien (Sightseer) / Skip, JT, Benjamin (Worker)",6,Aurorus,Default,Sitrus Berry,Substitute,Thunder Wave,Round,Thunderbolt,Calm,255 HP / 255 Sp. Def,255,0,0,0,0,255,31 all,"19,23 all",Refrigerate (2/3) / Snow Warning (1/3),PID-derived species ratio (sex_vector=31),255,NPC + Agency,"20,21,45,48,50,51,59,60,61",Trainer IDs 0-49 (19 IV); Trainer IDs 50-69 (23 IV),Refrigerate / Refrigerate / Snow Warning,31
"Parker, Isaac, Ayden, Alwyn, Mardea, Gabriella (Youth Athlete) / Henry (Gentleman) / Cheryl (Madame)",7,Talonflame,Default,Charti Berry,Round,Me First,Will-O-Wisp,Flamethrower,Timid,255 Speed / 255 Sp. Atk,0,0,0,255,255,0,31 all,"19,23 all",Flame Body (2/3) / Gale Wings (1/3),PID-derived species ratio (sex_vector=127),255,NPC + Agency,"38,39,40,41,42,43,62,65",Trainer IDs 0-49 (19 IV); Trainer IDs 50-69 (23 IV),Flame Body / Flame Body / Gale Wings,127
"Sophia, Shanta, Rachel, Chan (Lass) / Darla, Kayla (Backpacker) / Winnie, Prudence, Dominica (Office Worker) / Cheryl (Madame) / Xio (Veteran)",8,Sylveon,Default,Misty Seed,Misty Terrain,Tail Whip,Helping Hand,Dazzling Gleam,Calm,255 HP / 255 Sp. Def,255,0,0,0,0,255,31 all,"19,23,31 all",Cute Charm (2/3) / Pixilate (1/3),PID-derived species ratio (sex_vector=31),255,NPC + Agency,"4,5,6,7,16,19,27,28,29,65,127",Trainer IDs 0-49 (19 IV); Trainer IDs 50-69 (23 IV); Trainer IDs 90-189 (31 IV),Cute Charm / Cute Charm / Pixilate,31
"Alwyn, Mardea, Gabriella (Youth Athlete) / Ryder, Beatrice (Rising Star) / Henry (Gentleman)",9,Chesnaught,Default,Leftovers,Taunt,Spiky Shield,Feint,Wood Hammer,Adamant,255 Attack / 255 Defense,0,255,255,0,0,0,31 all,"19,23 all",Overgrow (2/3) / Bulletproof (1/3),PID-derived species ratio (sex_vector=31),255,NPC + Agency,"41,42,43,44,47,62",Trainer IDs 0-49 (19 IV); Trainer IDs 50-69 (23 IV),Overgrow / Overgrow / Bulletproof,31
"Winnie, Prudence, Dominica (Office Worker) / Ryder, Beatrice (Rising Star) / Cheryl (Madame)",10,Delphox,Default,Petaya Berry,Confide,Psychic,Flamethrower,Round,Timid,255 Speed / 255 Sp. Atk,0,0,0,255,255,0,31 all,"19,23 all",Blaze (2/3) / Magician (1/3),PID-derived species ratio (sex_vector=31),255,NPC + Agency,"27,28,29,44,47,65",Trainer IDs 0-49 (19 IV); Trainer IDs 50-69 (23 IV),Blaze / Blaze / Magician,31
"Kass, Scoop, Dylan, Evander (Punk Guy) / Ryder, Beatrice (Rising Star) / Duncan, Nobunaga (Collector)",11,Greninja,Default,Leftovers,Mat Block,Spikes,Scald,Toxic,Calm,255 Defense / 255 Sp. Def,0,0,255,0,0,255,31 all,"19,23 all",Torrent (2/3) / Protean (1/3),PID-derived species ratio (sex_vector=31),255,NPC + Agency,"30,31,32,33,44,47,68,69",Trainer IDs 0-49 (19 IV); Trainer IDs 50-69 (23 IV),Torrent / Torrent / Protean,31
"Sophia, Shanta, Rachel, Chan (Lass) / Mercy, Helen, Gladys (Preschooler) / Kaula, Charlene (Sightseer)",12,Gogoat,Default,Yache Berry,Substitute,Horn Leech,Bulk Up,Payback,Impish,255 Defense / 255 Sp. Def,0,0,255,0,0,255,31 all,"19,23 all",Sap Sipper (2/3) / Grass Pelt (1/3),PID-derived species ratio (sex_vector=127),255,NPC + Agency,"4,5,6,7,13,14,15,53,54",Trainer IDs 0-49 (19 IV); Trainer IDs 50-69 (23 IV),Sap Sipper / Sap Sipper / Grass Pelt,127
"Kass, Scoop, Dylan, Evander (Punk Guy) / Myrna, Eva, Agrata, Abby (Punk Girl) / Parker, Isaac, Ayden, Alwyn, Mardea, Gabriella (Youth Athlete)",13,Noivern,Default,Yache Berry,Super Fang,Boomburst,Round,Torment,Timid,255 Speed / 255 Sp. Atk,0,0,0,255,255,0,31 all,19 all,Frisk (1/3) / Infiltrator (1/3) / Telepathy (1/3),PID-derived species ratio (sex_vector=127),255,NPC + Agency,"30,31,32,33,34,35,36,37,38,39,40,41,42,43",Trainer IDs 0-49 (19 IV),Frisk / Infiltrator / Telepathy,127
"Winnie, Prudence, Dominica (Office Worker) / Alwyn, Mardea, Gabriella (Youth Athlete) / Cooper, Darien (Sightseer) / Cheryl (Madame)",14,Florges,Default,Babiri Berry,Flower Shield,Dazzling Gleam,Energy Ball,Wish,Sassy,255 Defense / 255 Sp. Def,0,0,255,0,0,255,31 all,"19,23 all",Flower Veil (2/3) / Symbiosis (1/3),Female-only,255,NPC + Agency,"27,28,29,41,42,43,50,51,65",Trainer IDs 0-49 (19 IV); Trainer IDs 50-69 (23 IV),Flower Veil / Flower Veil / Symbiosis,254
"Winnie, Prudence, Dominica (Office Worker) / Myrna, Eva, Agrata, Abby (Punk Girl) / Sorley, Marsha (Rising Star) / Skip (Worker)",15,Goodra,Default,Lax Incense,Substitute,Muddy Water,Dragon Pulse,Sludge Wave,Modest,255 Sp. Atk / 255 Sp. Def,0,0,0,0,255,255,31 all,"19,23 all",Sap Sipper (1/3) / Hydration (1/3) / Gooey (1/3),PID-derived species ratio (sex_vector=127),255,NPC + Agency,"27,28,29,34,35,36,37,46,49,59",Trainer IDs 0-49 (19 IV); Trainer IDs 50-69 (23 IV),Sap Sipper / Hydration / Gooey,127
"Percy, Conley, Emery (Office Worker) / Kass, Scoop, Dylan, Evander (Punk Guy) / Duncan, Nobunaga (Collector)",16,Trevenant,Default,Wise Glasses,Psychic,Shadow Ball,Energy Ball,Round,Modest,255 Sp. Atk / 255 Sp. Def,0,0,0,0,255,255,31 all,"19,23 all",Natural Cure (1/3) / Frisk (1/3) / Harvest (1/3),PID-derived species ratio (sex_vector=127),255,NPC + Agency,"24,25,26,30,31,32,33,68,69",Trainer IDs 0-49 (19 IV); Trainer IDs 50-69 (23 IV),Natural Cure / Frisk / Harvest,127
"Buster (Hiker) / Myrna, Eva, Agrata, Abby (Punk Girl) / Cooper, Darien (Sightseer) / Cheryl (Madame)",17,Gourgeist,Default,Sitrus Berry,Will-O-Wisp,Trick-or-Treat,Pain Split,Phantom Force,Impish,255 HP / 255 Defense,255,0,255,0,0,0,31 all,"19,23 all",Pickup (1/3) / Frisk (1/3) / Insomnia (1/3),PID-derived species ratio (sex_vector=127),255,NPC + Agency,"21,34,35,36,37,50,51,65",Trainer IDs 0-49 (19 IV); Trainer IDs 50-69 (23 IV),Pickup / Frisk / Insomnia,127
"Cooper, Darien (Sightseer) / Jairo (Janitor)",18,Clawitzer,Default,Bright Powder,Heal Pulse,Muddy Water,Double Team,Confide,Calm,255 Defense / 255 Sp. Def,0,0,255,0,0,255,31 all,23 all,Mega Launcher (3/3),PID-derived species ratio (sex_vector=127),255,NPC + Agency,"50,51,56",Trainer IDs 50-69 (23 IV),Mega Launcher / Mega Launcher / Mega Launcher,127
"Florian, Robin, Max, Bert (Youngster) / Kass, Scoop, Dylan, Evander (Punk Guy) / Myrna, Eva, Agrata, Abby (Punk Girl) / Ryder, Beatrice (Rising Star)",19,Beedrill,Default,Expert Belt,Poison Jab,Pursuit,Fell Stinger,Toxic,Adamant,255 Attack / 255 Speed,0,255,0,255,0,0,31 all,19 all,Swarm (2/3) / Sniper (1/3),PID-derived species ratio (sex_vector=127),255,NPC + Agency,"0,1,2,3,30,31,32,33,34,35,36,37,44,47",Trainer IDs 0-49 (19 IV),Swarm / Swarm / Sniper,127
"Florian, Robin, Max, Bert (Youngster) / Sophia, Shanta, Rachel, Chan (Lass) / Ferdinand, Rico, Jasper, Mercy, Helen, Gladys (Preschooler) / Winnie, Prudence, Dominica (Office Worker)",20,Aromatisse,Default,Lax Incense,Charm,Sweet Kiss,Attract,Draining Kiss,Calm,255 HP / 255 Sp. Def,255,0,0,0,0,255,31 all,19 all,Healer (2/3) / Aroma Veil (1/3),PID-derived species ratio (sex_vector=127),255,NPC + Agency,"0,1,2,3,4,5,6,7,8,9,11,13,14,15,27,28,29",Trainer IDs 0-49 (19 IV),Healer / Healer / Aroma Veil,127
"Florian, Robin, Max, Bert (Youngster) / Ferdinand, Rico, Jasper, Mercy, Helen, Gladys (Preschooler) / Darla, Kayla (Backpacker) / Buster (Hiker) / Xaden, Giles (Janitor)",21,Minior,Meteor,Light Clay,U-turn,Rock Tomb,Light Screen,Reflect,Sassy,255 HP / 255 Sp. Def,255,0,0,0,0,255,31 all,"19,23 all",Shields Down (3/3),Genderless,255,NPC + Agency,"0,1,2,3,8,9,11,13,14,15,16,19,21,57,58",Trainer IDs 0-49 (19 IV); Trainer IDs 50-69 (23 IV),Shields Down / Shields Down / Shields Down,255
"Florian, Robin, Max, Bert (Youngster) / Sophia, Shanta, Rachel, Chan (Lass) / Hart, Odessa (Sightseer) / Cheryl (Madame)",22,Oricorio,Sensu,Weakness Policy,Revelation Dance,Pluck,Calm Mind,Baton Pass,Calm,255 HP / 255 Sp. Def,255,0,0,0,0,255,31 all,"19,23 all",Dancer (3/3),PID-derived species ratio (sex_vector=191),255,NPC + Agency,"0,1,2,3,4,5,6,7,52,55,65",Trainer IDs 0-49 (19 IV); Trainer IDs 50-69 (23 IV),Dancer / Dancer / Dancer,191
"Sophia, Shanta, Rachel, Chan (Lass) / Darla, Kayla (Backpacker) / Buster, Arlo, Levine (Hiker) / Parker, Isaac, Ayden, Alwyn, Mardea, Gabriella (Youth Athlete) / Xaden, Giles (Janitor)",23,Lycanroc,Midday,Rockium Z,Stealth Rock,Accelerock,Rock Polish,Rock Climb,Naughty,170 HP / 170 Attack / 170 Defense,170,170,170,0,0,0,31 all,"19,23 all",Keen Eye (1/3) / Sand Rush (1/3) / Steadfast (1/3),PID-derived species ratio (sex_vector=127),255,NPC + Agency,"4,5,6,7,16,19,21,22,23,38,39,40,41,42,43,57,58",Trainer IDs 0-49 (19 IV); Trainer IDs 50-69 (23 IV),Keen Eye / Sand Rush / Steadfast,127
"Florian, Robin, Max, Bert (Youngster) / Ferdinand, Rico, Jasper, Mercy, Helen, Gladys (Preschooler) / Darla, Kayla (Backpacker) / Winnie, Prudence, Dominica (Office Worker)",24,Comfey,Default,Petaya Berry,Energy Ball,Flower Shield,Dazzling Gleam,Endure,Modest,255 HP / 255 Sp. Atk,255,0,0,0,255,0,31 all,19 all,Flower Veil (1/3) / Triage (1/3) / Natural Cure (1/3),PID-derived species ratio (sex_vector=191),255,NPC + Agency,"0,1,2,3,8,9,11,13,14,15,16,19,27,28,29",Trainer IDs 0-49 (19 IV),Flower Veil / Triage / Natural Cure,191
"Florian, Robin, Max, Bert (Youngster) / Kass, Scoop, Dylan, Evander (Punk Guy) / Myrna, Eva, Agrata, Abby (Punk Girl) / Jairo (Janitor)",25,Toxapex,Default,Poisonium Z,Toxic Spikes,Venom Drench,Venoshock,Scald,Sassy,170 HP / 170 Defense / 170 Sp. Def,170,0,170,0,0,170,31 all,"19,23 all",Merciless (1/3) / Limber (1/3) / Regenerator (1/3),PID-derived species ratio (sex_vector=127),255,NPC + Agency,"0,1,2,3,30,31,32,33,34,35,36,37,56",Trainer IDs 0-49 (19 IV); Trainer IDs 50-69 (23 IV),Merciless / Limber / Regenerator,127
"Florian, Robin, Max, Bert (Youngster) / Ferdinand, Rico, Jasper (Preschooler) / Sorley, Beatrice, Marsha (Rising Star) / Hart, Odessa (Sightseer) / Zero (Bellhop) / Noah (Cook)",26,Golisopod,Default,Eject Button,First Impression,Struggle Bug,Scald,Ice Beam,Modest,255 HP / 255 Sp. Atk,255,0,0,0,255,0,31 all,"19,23,27 all",Emergency Exit (3/3),PID-derived species ratio (sex_vector=127),255,NPC + Agency,"0,1,2,3,8,9,11,46,47,49,52,55,84,87",Trainer IDs 0-49 (19 IV); Trainer IDs 50-69 (23 IV); Trainer IDs 70-89 (27 IV),Emergency Exit / Emergency Exit / Emergency Exit,127
"Rocky, Kendra (Preschooler) / Darla, Kayla (Backpacker) / Winnie, Prudence, Dominica (Office Worker) / Ikram, Jerry (Gentleman) / Cheryl (Madame) / Kiernan, Gertrude (Pokémon Breeder)",27,Lurantis,Default,Heat Rock,Solar Beam,Weather Ball,Sunny Day,Synthesis,Modest,255 Sp. Atk / 255 Sp. Def,0,0,0,0,255,255,31 all,"19,23,27 all",Leaf Guard (2/3) / Contrary (1/3),PID-derived species ratio (sex_vector=127),255,NPC + Agency,"10,12,16,19,27,28,29,63,64,65,78,81",Trainer IDs 0-49 (19 IV); Trainer IDs 50-69 (23 IV); Trainer IDs 70-89 (27 IV),Leaf Guard / Leaf Guard / Contrary,127
"Florian, Robin, Max, Bert (Youngster) / Sophia, Shanta, Rachel, Chan (Lass) / Ferdinand, Rico, Jasper, Mercy, Helen, Gladys (Preschooler) / Winnie, Prudence, Dominica (Office Worker)",28,Ribombee,Default,Big Root,Substitute,Leech Life,Draining Kiss,Stun Spore,Naive,255 HP / 255 Speed,255,0,0,255,0,0,31 all,19 all,Honey Gather (1/3) / Shield Dust (1/3) / Sweet Veil (1/3),PID-derived species ratio (sex_vector=127),255,NPC + Agency,"0,1,2,3,4,5,6,7,8,9,11,13,14,15,27,28,29",Trainer IDs 0-49 (19 IV),Honey Gather / Shield Dust / Sweet Veil,127
"Florian, Robin, Max, Bert (Youngster) / Percy, Conley, Emery (Office Worker) / Skip (Worker)",29,Vikavolt,Default,Focus Band,Charge Beam,Energy Ball,Mud-Slap,Charge,Quiet,255 Defense / 255 Sp. Atk,0,0,255,0,255,0,31 all,"19,23 all",Levitate (3/3),PID-derived species ratio (sex_vector=127),255,NPC + Agency,"0,1,2,3,24,25,26,59",Trainer IDs 0-49 (19 IV); Trainer IDs 50-69 (23 IV),Levitate / Levitate / Levitate,127
"Darla, Kayla (Backpacker) / Buster (Hiker) / Alwyn, Mardea, Gabriella (Youth Athlete) / Xaden, Giles (Janitor)",30,Mudsdale,Default,Sitrus Berry,Counter,Rest,Sleep Talk,Payback,Sassy,255 HP / 255 Sp. Def,255,0,0,0,0,255,31 all,"19,23 all",Own Tempo (1/3) / Stamina (1/3) / Inner Focus (1/3),PID-derived species ratio (sex_vector=127),255,NPC + Agency,"16,19,21,41,42,43,57,58",Trainer IDs 0-49 (19 IV); Trainer IDs 50-69 (23 IV),Own Tempo / Stamina / Inner Focus,127
"Buster (Hiker) / Percy, Conley, Emery (Office Worker) / Ryder, Beatrice (Rising Star) / Duncan, Nobunaga (Collector)",31,Decidueye,Default,Flyinium Z,Brave Bird,Feather Dance,Ominous Wind,Defog,Naive,170 HP / 170 Attack / 170 Speed,170,170,0,170,0,0,31 all,"19,23 all",Overgrow (2/3) / Long Reach (1/3),PID-derived species ratio (sex_vector=31),255,NPC + Agency,"21,24,25,26,44,47,68,69",Trainer IDs 0-49 (19 IV); Trainer IDs 50-69 (23 IV),Overgrow / Overgrow / Long Reach,31
"Florian, Robin, Max, Bert (Youngster) / Ryder, Beatrice (Rising Star) / Hart, Odessa (Sightseer)",32,Incineroar,Default,Razor Fang,Brutal Swing,Fire Fang,Bulk Up,Lick,Naughty,255 Attack / 255 Speed,0,255,0,255,0,0,31 all,"19,23 all",Blaze (2/3) / Intimidate (1/3),PID-derived species ratio (sex_vector=31),255,NPC + Agency,"0,1,2,3,44,47,52,55",Trainer IDs 0-49 (19 IV); Trainer IDs 50-69 (23 IV),Blaze / Blaze / Intimidate,31
"Sophia, Shanta, Rachel, Chan (Lass) / Sorley, Beatrice, Marsha (Rising Star)",33,Primarina,Default,Mystic Water,Bubble Beam,Shadow Ball,Energy Ball,Aqua Ring,Lax,255 HP / 255 Sp. Def,255,0,0,0,0,255,31 all,19 all,Torrent (2/3) / Liquid Voice (1/3),PID-derived species ratio (sex_vector=31),255,NPC + Agency,"4,5,6,7,46,47,49",Trainer IDs 0-49 (19 IV),Torrent / Torrent / Liquid Voice,31
Ryder (Rising Star),34,Araquanid,Default,Bright Powder,Double Team,Toxic,Stockpile,Aqua Ring,Relaxed,255 HP / 255 Defense,255,0,255,0,0,0,31 all,19 all,Water Bubble (2/3) / Water Absorb (1/3),PID-derived species ratio (sex_vector=127),255,NPC + Agency,44,Trainer IDs 0-49 (19 IV),Water Bubble / Water Bubble / Water Absorb,127
"Sophia, Shanta, Rachel, Chan (Lass) / Ferdinand, Rico, Jasper, Mercy, Helen, Gladys (Preschooler) / Winnie, Prudence, Dominica (Office Worker)",35,Bewear,Default,Persim Berry,Thrash,Brutal Swing,Low Sweep,Wide Guard,Sassy,255 Attack / 255 Sp. Def,0,255,0,0,0,255,31 all,19 all,Fluffy (1/3) / Klutz (1/3) / Unnerve (1/3),PID-derived species ratio (sex_vector=127),255,NPC + Agency,"4,5,6,7,8,9,11,13,14,15,27,28,29",Trainer IDs 0-49 (19 IV),Fluffy / Klutz / Unnerve,127
"Ferdinand, Rico, Jasper (Preschooler) / Percy, Conley, Emery (Office Worker) / Jairo (Janitor)",36,Turtonator,Default,Rocky Helmet,Shell Trap,Dragon Tail,Fire Spin,Taunt,Sassy,255 HP / 255 Sp. Def,255,0,0,0,0,255,31 all,"19,23 all",Shell Armor (3/3),PID-derived species ratio (sex_vector=127),255,NPC + Agency,"8,9,11,24,25,26,56",Trainer IDs 0-49 (19 IV); Trainer IDs 50-69 (23 IV),Shell Armor / Shell Armor / Shell Armor,127
"Florian, Robin, Max, Bert (Youngster) / Buster (Hiker) / Christopher, Sorley, Brandi, Marsha (Rising Star) / Jairo (Janitor)",37,Bruxish,Default,Wacan Berry,Psychic,Scald,Blizzard,Disable,Modest,255 HP / 255 Sp. Atk,255,0,0,0,255,0,31 all,"19,23 all",Dazzling (1/3) / Strong Jaw (1/3) / Wonder Skin (1/3),PID-derived species ratio (sex_vector=127),255,NPC + Agency,"0,1,2,3,21,45,46,48,49,56",Trainer IDs 0-49 (19 IV); Trainer IDs 50-69 (23 IV),Dazzling / Strong Jaw / Wonder Skin,127
"Darla, Kayla (Backpacker) / Cleavant (Hiker) / Parker, Isaac, Ayden (Youth Athlete) / Duncan, Nobunaga (Collector)",38,Drampa,Default,Shell Bell,Thunderbolt,Flamethrower,Surf,Dragon Pulse,Lax,255 HP / 255 Defense,255,0,255,0,0,0,31 all,"19,23 all",Berserk (1/3) / Sap Sipper (1/3) / Cloud Nine (1/3),PID-derived species ratio (sex_vector=127),255,NPC + Agency,"16,19,20,38,39,40,68,69",Trainer IDs 0-49 (19 IV); Trainer IDs 50-69 (23 IV),Berserk / Sap Sipper / Cloud Nine,127
"Florian, Robin, Max, Bert (Youngster) / Ferdinand, Rico, Jasper (Preschooler) / Jairo (Janitor)",39,Dhelmise,Default,Float Stone,Heavy Slam,Shadow Claw,Switcheroo,Energy Ball,Brave,170 HP / 170 Attack / 170 Sp. Atk,170,170,0,0,170,0,31 all,"19,23 all",Steelworker (3/3),Genderless,255,NPC + Agency,"0,1,2,3,8,9,11,56",Trainer IDs 0-49 (19 IV); Trainer IDs 50-69 (23 IV),Steelworker / Steelworker / Steelworker,255
"Florian, Robin, Max, Bert (Youngster) / Ferdinand, Rico, Jasper, Mercy, Helen, Gladys (Preschooler) / Darla, Kayla (Backpacker) / Winnie, Prudence, Dominica (Office Worker)",40,Togedemaru,Default,Rocky Helmet,Spiky Shield,Wish,Nuzzle,Reflect,Impish,255 HP / 255 Defense,255,0,255,0,0,0,31 all,19 all,Iron Barbs (1/3) / Lightning Rod (1/3) / Sturdy (1/3),PID-derived species ratio (sex_vector=127),255,NPC + Agency,"0,1,2,3,8,9,11,13,14,15,16,19,27,28,29",Trainer IDs 0-49 (19 IV),Iron Barbs / Lightning Rod / Sturdy,127
"Placido, Priya (Veteran) / Napoleon, Brady (Youngster) / Gwenny (Backpacker) / Donny, Gracie (Madame) / Horace (Ace Trainer)",41,Azelf,Default,Weakness Policy,Explosion,Payback,Acrobatics,Rest,Adamant,255 HP / 255 Attack,255,255,0,0,0,0,31 all,31 all,Levitate (3/3),Genderless,255,NPC + Agency,"124,128,130,131,138,168,169,186",Trainer IDs 90-189 (31 IV),Levitate / Levitate / Levitate,255
"Hashim, Poppy, Horace (Ace Trainer) / Victor, Naya (Preschooler) / Donny, Gracie (Madame)",42,Kommo-o,Default,Focus Sash,Counter,Reversal,Dragon Tail,Taunt,Sassy,255 HP / 255 Sp. Def,255,0,0,0,0,255,31 all,31 all,Bulletproof (1/3) / Soundproof (1/3) / Overcoat (1/3),PID-derived species ratio (sex_vector=127),255,NPC + Agency,"117,119,135,137,168,169,186",Trainer IDs 90-189 (31 IV),Bulletproof / Soundproof / Overcoat,127
"Aino (Veteran) / Brady (Youngster) / Inez (Lass) / Gwenny (Backpacker) / Donny, Gracie (Madame) / Horace (Ace Trainer)",43,Uxie,Default,Chesto Berry,Calm Mind,Rest,Extrasensory,Thunder Wave,Bold,170 HP / 170 Defense / 170 Sp. Def,170,0,170,0,0,170,31 all,31 all,Levitate (3/3),Genderless,255,NPC + Agency,"126,131,133,138,168,169,186",Trainer IDs 90-189 (31 IV),Levitate / Levitate / Levitate,255
"Tasanee (Dancer) / Brady (Youngster) / Gwenny (Backpacker) / Donny, Gracie (Madame) / Horace (Ace Trainer)",44,Mesprit,Default,Flame Orb,Acrobatics,U-turn,Facade,Fling,Adamant,255 HP / 255 Attack,255,255,0,0,0,0,31 all,31 all,Levitate (3/3),Genderless,255,NPC + Agency,"115,131,138,168,169,186",Trainer IDs 90-189 (31 IV),Levitate / Levitate / Levitate,255
"Kendra (Preschooler) / Kaula, Charlene (Sightseer) / Jairo (Janitor) / Ikram, Jerry (Gentleman)",45,Rotom,Heat,Sitrus Berry,Thunder Wave,Electro Ball,Double Team,Ominous Wind,Mild,255 HP / 255 Sp. Atk,255,0,0,0,255,0,31 all,"19,23 all",Levitate (3/3),Genderless,255,NPC + Agency,"12,53,54,56,63,64",Trainer IDs 0-49 (19 IV); Trainer IDs 50-69 (23 IV),Levitate / Levitate / Levitate,255
"Cooper, Darien (Sightseer) / Skip (Worker) / Christy, Verna (Madame)",46,Rotom,Wash,Leftovers,Charge Beam,Confuse Ray,Double Team,Substitute,Quiet,255 HP / 255 Sp. Atk,255,0,0,0,255,0,31 all,23 all,Levitate (3/3),Genderless,255,NPC + Agency,"50,51,59,66,67",Trainer IDs 50-69 (23 IV),Levitate / Levitate / Levitate,255
"Ferdinand, Rico, Jasper, Mercy, Helen, Gladys (Preschooler) / Hart, Odessa (Sightseer) / Xaden, Giles (Janitor) / Cheryl (Madame)",47,Rotom,Mow,Light Clay,Reflect,Light Screen,Volt Switch,Leaf Storm,Lax,255 HP / 255 Defense,255,0,255,0,0,0,31 all,"19,23 all",Levitate (3/3),Genderless,255,NPC + Agency,"8,9,11,13,14,15,52,55,57,58,65",Trainer IDs 0-49 (19 IV); Trainer IDs 50-69 (23 IV),Levitate / Levitate / Levitate,255
"JT, Benjamin (Worker)",48,Rotom,Fan,Bright Powder,Double Team,Charge Beam,Charge,Ominous Wind,Calm,255 HP / 255 Sp. Def,255,0,0,0,0,255,31 all,23 all,Levitate (3/3),Genderless,255,NPC + Agency,"60,61",Trainer IDs 50-69 (23 IV),Levitate / Levitate / Levitate,255
"Darla, Kayla (Backpacker) / Kass, Scoop, Dylan, Evander (Punk Guy) / Henry (Gentleman) / Duncan, Nobunaga (Collector)",49,Rotom,Frost,Damp Rock,Rain Dance,Thunder,Air Slash,Shadow Ball,Sassy,255 HP / 255 Sp. Def,255,0,0,0,0,255,31 all,"19,23 all",Levitate (3/3),Genderless,255,NPC + Agency,"16,19,30,31,32,33,62,68,69",Trainer IDs 0-49 (19 IV); Trainer IDs 50-69 (23 IV),Levitate / Levitate / Levitate,255
"Cleavant (Hiker) / Percy, Conley, Emery (Office Worker) / Kaula, Charlene (Sightseer) / Skip (Worker) / Duncan, Nobunaga (Collector)",50,Electivire,Default,Bright Powder,Thunder Wave,Focus Punch,Rock Slide,Fire Punch,Naive,255 Attack / 255 Speed,0,255,0,255,0,0,31 all,"19,23 all",Motor Drive (2/3) / Vital Spirit (1/3),PID-derived species ratio (sex_vector=63),255,NPC + Agency,"20,24,25,26,53,54,59,68,69",Trainer IDs 0-49 (19 IV); Trainer IDs 50-69 (23 IV),Motor Drive / Motor Drive / Vital Spirit,63
"Rocky, Kendra (Preschooler) / Cleavant (Hiker) / Parker, Ayden (Youth Athlete) / Ikram, Jerry (Gentleman) / Cheryl (Madame) / Duncan, Nobunaga (Collector)",51,Magmortar,Default,Quick Claw,Will-O-Wisp,Confuse Ray,Thunder Punch,Fire Punch,Lonely,255 HP / 255 Attack,255,255,0,0,0,0,31 all,"19,23 all",Flame Body (2/3) / Vital Spirit (1/3),PID-derived species ratio (sex_vector=63),255,NPC + Agency,"10,12,20,38,40,63,64,65,68,69",Trainer IDs 0-49 (19 IV); Trainer IDs 50-69 (23 IV),Flame Body / Flame Body / Vital Spirit,63
"Cooper, Darien (Sightseer) / Skip (Worker) / Christy, Verna (Madame) / Duncan, Nobunaga (Collector)",52,Barbaracle,Default,Wise Glasses,Ancient Power,Blizzard,Surf,Focus Blast,Modest,255 Defense / 255 Sp. Atk,0,0,255,0,255,0,31 all,23 all,Tough Claws (1/3) / Sniper (1/3) / Pickpocket (1/3),PID-derived species ratio (sex_vector=127),255,NPC + Agency,"50,51,59,66,67,68,69",Trainer IDs 50-69 (23 IV),Tough Claws / Sniper / Pickpocket,127
"Cooper, Darien (Sightseer) / Henry (Gentleman) / Dyson, Chip (Bellhop)",53,Hawlucha,Default,Leftovers,Toxic,Bounce,Roost,Protect,Careful,255 Defense / 255 Sp. Def,0,0,255,0,0,255,31 all,"23,27 all",Limber (1/3) / Unburden (1/3) / Mold Breaker (1/3),PID-derived species ratio (sex_vector=127),255,NPC + Agency,"50,51,62,82,83",Trainer IDs 50-69 (23 IV); Trainer IDs 70-89 (27 IV),Limber / Unburden / Mold Breaker,127
"Jairo, Xaden, Giles (Janitor) / Cheryl (Madame)",54,Carbink,Default,Smooth Rock,Toxic,Protect,Sandstorm,Power Gem,Bold,255 Defense / 255 Sp. Def,0,0,255,0,0,255,31 all,23 all,Clear Body (2/3) / Sturdy (1/3),Genderless,255,NPC + Agency,"56,57,58,65",Trainer IDs 50-69 (23 IV),Clear Body / Clear Body / Sturdy,255
"Darien (Sightseer) / Ikram, Jerry (Gentleman) / Arnon, Alim, Anisa, Calliope (Golfer) / Kiernan, Gertrude (Pokémon Breeder)",55,Pyroar,Default,Heat Rock,Sunny Day,Hyper Voice,Fire Blast,Solar Beam,Timid,255 Speed / 255 Sp. Atk,0,0,0,255,255,0,31 all,"23,27 all",Rivalry (1/3) / Unnerve (1/3) / Moxie (1/3),PID-derived species ratio (sex_vector=225),255,NPC + Agency,"51,63,64,70,71,73,74,78,81",Trainer IDs 50-69 (23 IV); Trainer IDs 70-89 (27 IV),Rivalry / Unnerve / Moxie,225
"Jairo (Janitor) / JT, Benjamin (Worker) / Duncan, Nobunaga (Collector) / Anisa, Calliope (Golfer)",56,Avalugg,Default,Apicot Berry,Rest,Curse,Frost Breath,Skull Bash,Careful,255 Defense / 255 Sp. Def,0,0,255,0,0,255,31 all,"23,27 all",Own Tempo (1/3) / Ice Body (1/3) / Sturdy (1/3),PID-derived species ratio (sex_vector=127),255,NPC + Agency,"56,60,61,68,69,73,74",Trainer IDs 50-69 (23 IV); Trainer IDs 70-89 (27 IV),Own Tempo / Ice Body / Sturdy,127
"Kaula, Charlene (Sightseer) / Xaden, Giles (Janitor) / Duncan, Nobunaga (Collector)",57,Tyrantrum,Default,Leftovers,Crunch,Charm,Sandstorm,Dragon Claw,Impish,255 Defense / 255 Sp. Def,0,0,255,0,0,255,31 all,23 all,Strong Jaw (2/3) / Rock Head (1/3),PID-derived species ratio (sex_vector=31),255,NPC + Agency,"53,54,57,58,68,69",Trainer IDs 50-69 (23 IV),Strong Jaw / Strong Jaw / Rock Head,31
"JT, Benjamin (Worker) / Cheryl (Madame) / Duncan, Nobunaga (Collector) / Iniko, Arnold (Black Belt)",58,Aurorus,Default,Leftovers,Ancient Power,Hail,Sandstorm,Freeze-Dry,Calm,255 HP / 255 Sp. Def,255,0,0,0,0,255,31 all,"23,31 all",Refrigerate (2/3) / Snow Warning (1/3),PID-derived species ratio (sex_vector=31),255,NPC + Agency,"60,61,65,68,69,97,98",Trainer IDs 50-69 (23 IV); Trainer IDs 90-189 (31 IV),Refrigerate / Refrigerate / Snow Warning,31
"Ikram, Jerry (Gentleman) / Cheryl (Madame) / Nedry, Sheridan, Kiernan, Dara, Rada, Gertrude (Pokémon Breeder)",59,Talonflame,Default,Heat Rock,Round,Fire Blast,Sunny Day,Solar Beam,Timid,255 Speed / 255 Sp. Atk,0,0,0,255,255,0,31 all,"23,27 all",Flame Body (2/3) / Gale Wings (1/3),PID-derived species ratio (sex_vector=127),255,NPC + Agency,"63,64,65,76,77,78,79,80,81",Trainer IDs 50-69 (23 IV); Trainer IDs 70-89 (27 IV),Flame Body / Flame Body / Gale Wings,127
"Hart, Odessa (Sightseer) / Cheryl (Madame) / Zeno, Christina (Golfer) / Nedry, Sheridan, Dara, Rada (Pokémon Breeder) / Perri (Pokémon Center Lady)",60,Sylveon,Default,Ganlon Berry,Baton Pass,Calm Mind,Psych Up,Moonblast,Calm,255 Defense / 255 Sp. Def,0,0,255,0,0,255,31 all,"23,27,31 all",Cute Charm (2/3) / Pixilate (1/3),PID-derived species ratio (sex_vector=31),255,NPC + Agency,"52,55,65,72,75,76,77,79,80,187",Trainer IDs 50-69 (23 IV); Trainer IDs 70-89 (27 IV); Trainer IDs 90-189 (31 IV),Cute Charm / Cute Charm / Pixilate,31
"Cooper, Darien (Sightseer) / Henry (Gentleman)",61,Chesnaught,Default,Expert Belt,Dragon Claw,Seed Bomb,Earthquake,Brick Break,Adamant,255 Attack / 255 Defense,0,255,255,0,0,0,31 all,23 all,Overgrow (2/3) / Bulletproof (1/3),PID-derived species ratio (sex_vector=31),255,NPC + Agency,"50,51,62",Trainer IDs 50-69 (23 IV),Overgrow / Overgrow / Bulletproof,31
"Cheryl (Madame) / Duncan, Nobunaga (Collector) / Arnon, Alim (Golfer) / Kiernan, Gertrude (Pokémon Breeder)",62,Delphox,Default,Flame Orb,Role Play,Switcheroo,Mystical Fire,Shadow Ball,Modest,255 Speed / 255 Sp. Atk,0,0,0,255,255,0,31 all,"23,27 all",Blaze (2/3) / Magician (1/3),PID-derived species ratio (sex_vector=31),255,NPC + Agency,"65,68,69,70,71,78,81",Trainer IDs 50-69 (23 IV); Trainer IDs 70-89 (27 IV),Blaze / Blaze / Magician,31
"Henry (Gentleman) / Christy, Verna (Madame) / Anisa, Calliope (Golfer) / Brantley, Camber (Firefighter) / Variel, Atalanta (Dancer)",63,Greninja,Default,Damp Rock,Rain Dance,Surf,Round,Ice Beam,Timid,255 Speed / 255 Sp. Atk,0,0,0,255,255,0,31 all,"23,27,31 all",Torrent (2/3) / Protean (1/3),PID-derived species ratio (sex_vector=31),255,NPC + Agency,"62,66,67,73,74,88,89,100,101",Trainer IDs 50-69 (23 IV); Trainer IDs 70-89 (27 IV); Trainer IDs 90-189 (31 IV),Torrent / Torrent / Protean,31
"Cooper, Darien (Sightseer) / Jairo (Janitor) / Arnon, Alim, Anisa, Calliope (Golfer) / Dyson, Chip (Bellhop)",64,Gogoat,Default,Occa Berry,Surf,Energy Ball,Rock Slide,Grass Knot,Quiet,255 Attack / 255 Sp. Atk,0,255,0,0,255,0,31 all,"23,27 all",Sap Sipper (2/3) / Grass Pelt (1/3),PID-derived species ratio (sex_vector=127),255,NPC + Agency,"50,51,56,70,71,73,74,82,83",Trainer IDs 50-69 (23 IV); Trainer IDs 70-89 (27 IV),Sap Sipper / Sap Sipper / Grass Pelt,127
"Cooper, Darien (Sightseer) / Henry (Gentleman) / Arnon, Alim (Golfer)",65,Noivern,Default,Roseli Berry,Dragon Claw,Wild Charge,X-Scissor,Acrobatics,Adamant,255 Attack / 255 Speed,0,255,0,255,0,0,31 all,"23,27 all",Frisk (1/3) / Infiltrator (1/3) / Telepathy (1/3),PID-derived species ratio (sex_vector=127),255,NPC + Agency,"50,51,62,70,71",Trainer IDs 50-69 (23 IV); Trainer IDs 70-89 (27 IV),Frisk / Infiltrator / Telepathy,127
"Kaula, Charlene (Sightseer) / Henry (Gentleman) / Xenophon, Xio (Veteran) / Perri (Pokémon Center Lady)",66,Florges,Default,Kebia Berry,Misty Terrain,Grassy Terrain,Nature Power,Round,Quiet,255 Sp. Atk / 255 Sp. Def,0,0,0,0,255,255,31 all,"23,31 all",Flower Veil (2/3) / Symbiosis (1/3),Female-only,255,NPC + Agency,"53,54,62,123,127,187",Trainer IDs 50-69 (23 IV); Trainer IDs 90-189 (31 IV),Flower Veil / Flower Veil / Symbiosis,254
"Jairo (Janitor) / Cheryl (Madame) / Duncan, Nobunaga (Collector) / Brantley, Camber (Firefighter)",67,Goodra,Default,Lum Berry,Aqua Tail,Body Slam,Earthquake,Outrage,Careful,255 Attack / 255 Sp. Def,0,255,0,0,0,255,31 all,"23,27 all",Sap Sipper (1/3) / Hydration (1/3) / Gooey (1/3),PID-derived species ratio (sex_vector=127),255,NPC + Agency,"56,65,68,69,88,89",Trainer IDs 50-69 (23 IV); Trainer IDs 70-89 (27 IV),Sap Sipper / Hydration / Gooey,127
"Kaula, Charlene (Sightseer) / Skip (Worker) / Arnon, Alim, Anisa, Calliope (Golfer)",68,Trevenant,Default,Leftovers,Toxic,Ingrain,Protect,Phantom Force,Careful,255 Defense / 255 Sp. Def,0,0,255,0,0,255,31 all,"23,27 all",Natural Cure (1/3) / Frisk (1/3) / Harvest (1/3),PID-derived species ratio (sex_vector=127),255,NPC + Agency,"53,54,59,70,71,73,74",Trainer IDs 50-69 (23 IV); Trainer IDs 70-89 (27 IV),Natural Cure / Frisk / Harvest,127
"Cooper, Darien (Sightseer) / Jairo (Janitor) / Anisa, Calliope (Golfer) / Nedry, Sheridan, Dara, Rada (Pokémon Breeder)",69,Gourgeist,Default,Iron Ball,Trick Room,Gyro Ball,Seed Bomb,Explosion,Impish,170 HP / 170 Defense / 170 Sp. Def,170,0,170,0,0,170,31 all,"23,27 all",Pickup (1/3) / Frisk (1/3) / Insomnia (1/3),PID-derived species ratio (sex_vector=127),255,NPC + Agency,"50,51,56,73,74,76,77,79,80",Trainer IDs 50-69 (23 IV); Trainer IDs 70-89 (27 IV),Pickup / Frisk / Insomnia,127
"Henry (Gentleman) / Duncan, Nobunaga (Collector) / Julien, Sly (Cook)",70,Clawitzer,Default,Petaya Berry,Flash Cannon,Scald,Sludge Wave,Round,Modest,255 Sp. Atk / 255 Sp. Def,0,0,0,0,255,255,31 all,"23,27 all",Mega Launcher (3/3),PID-derived species ratio (sex_vector=127),255,NPC + Agency,"62,68,69,85,86",Trainer IDs 50-69 (23 IV); Trainer IDs 70-89 (27 IV),Mega Launcher / Mega Launcher / Mega Launcher,127
"Cooper, Darien (Sightseer) / Jairo (Janitor)",71,Beedrill,Default,Occa Berry,Infestation,Protect,Attract,Toxic,Calm,255 HP / 255 Sp. Def,255,0,0,0,0,255,31 all,23 all,Swarm (2/3) / Sniper (1/3),PID-derived species ratio (sex_vector=127),255,NPC + Agency,"50,51,56",Trainer IDs 50-69 (23 IV),Swarm / Swarm / Sniper,127
"Cooper, Darien (Sightseer) / Cheryl (Madame) / Perri (Pokémon Center Lady)",72,Aromatisse,Default,Assault Vest,Round,Psychic,Energy Ball,Dazzling Gleam,Calm,255 Sp. Atk / 255 Sp. Def,0,0,0,0,255,255,31 all,"23,31 all",Healer (2/3) / Aroma Veil (1/3),PID-derived species ratio (sex_vector=127),255,NPC + Agency,"50,51,65,187",Trainer IDs 50-69 (23 IV); Trainer IDs 90-189 (31 IV),Healer / Healer / Aroma Veil,127
"Darien, Kaula (Sightseer) / Xaden, Giles (Janitor) / Skip (Worker)",73,Probopass,Default,Chesto Berry,Thunder Wave,Double Team,Rest,Magnet Bomb,Impish,255 HP / 255 Defense,255,0,255,0,0,0,31 all,23 all,Sturdy (1/3) / Magnet Pull (1/3) / Sand Force (1/3),PID-derived species ratio (sex_vector=127),255,NPC + Agency,"51,53,57,58,59",Trainer IDs 50-69 (23 IV),Sturdy / Magnet Pull / Sand Force,127
"Tammy, Reese (Backpacker) / Cleavant (Hiker) / Winnie, Prudence, Dominica (Office Worker) / Cooper, Darien, Kaula, Charlene (Sightseer) / Duncan, Nobunaga (Collector)",74,Lickilicky,Default,Expert Belt,Blizzard,Muddy Water,Fire Blast,Thunder,Modest,255 HP / 255 Sp. Atk,255,0,0,0,255,0,31 all,"19,23 all",Own Tempo (1/3) / Oblivious (1/3) / Cloud Nine (1/3),PID-derived species ratio (sex_vector=127),255,NPC + Agency,"17,18,20,27,28,29,50,51,53,54,68,69",Trainer IDs 0-49 (19 IV); Trainer IDs 50-69 (23 IV),Own Tempo / Oblivious / Cloud Nine,127
"Jairo, Xaden, Giles (Janitor) / Cheryl (Madame)",75,Minior,Meteor,Absorb Bulb,Confuse Ray,Cosmic Power,Ancient Power,Charge Beam,Bold,170 HP / 170 Defense / 170 Sp. Def,170,0,170,0,0,170,31 all,23 all,Shields Down (3/3),Genderless,255,NPC + Agency,"56,57,58,65",Trainer IDs 50-69 (23 IV),Shields Down / Shields Down / Shields Down,255
"Kaula, Charlene (Sightseer) / Cheryl (Madame) / Perri (Pokémon Center Lady)",76,Oricorio,Pa'u,Charti Berry,Revelation Dance,Teeter Dance,Feather Dance,Acrobatics,Hasty,255 HP / 255 Speed,255,0,0,255,0,0,31 all,"23,31 all",Dancer (3/3),PID-derived species ratio (sex_vector=191),255,NPC + Agency,"53,54,65,187",Trainer IDs 50-69 (23 IV); Trainer IDs 90-189 (31 IV),Dancer / Dancer / Dancer,191
"Xaden, Giles (Janitor) / Skip (Worker) / Arnon, Alim, Anisa, Calliope (Golfer)",77,Lycanroc,Midnight,Focus Sash,Counter,Reversal,Sucker Punch,Rock Slide,Calm,255 HP / 255 Sp. Def,255,0,0,0,0,255,31 all,"23,27 all",Keen Eye (1/3) / Vital Spirit (1/3) / No Guard (1/3),PID-derived species ratio (sex_vector=127),255,NPC + Agency,"57,58,59,70,71,73,74",Trainer IDs 50-69 (23 IV); Trainer IDs 70-89 (27 IV),Keen Eye / Vital Spirit / No Guard,127
"Cooper, Darien, Kaula, Charlene (Sightseer) / Cheryl (Madame)",78,Comfey,Default,Muscle Band,U-turn,Play Rough,Petal Dance,Acrobatics,Adamant,255 Attack / 255 Speed,0,255,0,255,0,0,31 all,23 all,Flower Veil (1/3) / Triage (1/3) / Natural Cure (1/3),PID-derived species ratio (sex_vector=191),255,NPC + Agency,"50,51,53,54,65",Trainer IDs 50-69 (23 IV),Flower Veil / Triage / Natural Cure,191
"Cheryl, Christy, Verna (Madame)",79,Toxapex,Default,Wacan Berry,Sludge Wave,Surf,Blizzard,Wide Guard,Quiet,170 HP / 170 Sp. Atk / 170 Sp. Def,170,0,0,0,170,170,31 all,23 all,Merciless (1/3) / Limber (1/3) / Regenerator (1/3),PID-derived species ratio (sex_vector=127),255,NPC + Agency,"65,66,67",Trainer IDs 50-69 (23 IV),Merciless / Limber / Regenerator,127
"Henry (Gentleman) / Cheryl (Madame) / Dyson, Chip (Bellhop)",80,Golisopod,Default,Sitrus Berry,Swords Dance,Leech Life,Razor Shell,Sucker Punch,Lonely,255 HP / 255 Attack,255,255,0,0,0,0,31 all,"23,27 all",Emergency Exit (3/3),PID-derived species ratio (sex_vector=127),255,NPC + Agency,"62,65,82,83",Trainer IDs 50-69 (23 IV); Trainer IDs 70-89 (27 IV),Emergency Exit / Emergency Exit / Emergency Exit,127
"Kaula, Charlene (Sightseer) / Skip (Worker) / Arnon, Alim, Anisa, Calliope (Golfer)",81,Lurantis,Default,Grassium Z,Solar Blade,Ingrain,Synthesis,Giga Drain,Sassy,255 HP / 255 Sp. Def,255,0,0,0,0,255,31 all,"23,27 all",Leaf Guard (2/3) / Contrary (1/3),PID-derived species ratio (sex_vector=127),255,NPC + Agency,"53,54,59,70,71,73,74",Trainer IDs 50-69 (23 IV); Trainer IDs 70-89 (27 IV),Leaf Guard / Leaf Guard / Contrary,127
"Cooper, Darien, Kaula, Charlene (Sightseer) / Lillie (Pokémon Trainer)",82,Ribombee,Default,Light Clay,Pollen Puff,Reflect,Light Screen,U-turn,Timid,255 HP / 255 Speed,255,0,0,255,0,0,31 all,"23,31 all",Honey Gather (1/3) / Shield Dust (1/3) / Sweet Veil (1/3),PID-derived species ratio (sex_vector=127),255,NPC + Agency,"50,51,53,54,206",Lillie scouted-partner ID 206 (31 IV); Trainer IDs 50-69 (23 IV),Honey Gather / Shield Dust / Sweet Veil,127
"Jairo (Janitor) / Skip (Worker) / Cheryl (Madame) / Dyson, Chip (Bellhop)",83,Vikavolt,Default,Magnet,Wild Charge,Bug Bite,Sky Drop,Electroweb,Impish,170 HP / 170 Defense / 170 Sp. Def,170,0,170,0,0,170,31 all,"23,27 all",Levitate (3/3),PID-derived species ratio (sex_vector=127),255,NPC + Agency,"56,59,65,82,83",Trainer IDs 50-69 (23 IV); Trainer IDs 70-89 (27 IV),Levitate / Levitate / Levitate,127
"Xaden, Giles (Janitor) / Skip (Worker) / Dyson, Chip (Bellhop)",84,Mudsdale,Default,Rindo Berry,Earthquake,Superpower,Rock Tomb,Roar,Naughty,255 HP / 255 Attack,255,255,0,0,0,0,31 all,"23,27 all",Own Tempo (1/3) / Stamina (1/3) / Inner Focus (1/3),PID-derived species ratio (sex_vector=127),255,NPC + Agency,"57,58,59,82,83",Trainer IDs 50-69 (23 IV); Trainer IDs 70-89 (27 IV),Own Tempo / Stamina / Inner Focus,127
"Kaula, Charlene (Sightseer) / Skip (Worker) / Anisa, Calliope (Golfer) / Nedry, Sheridan (Pokémon Breeder)",85,Decidueye,Default,Sitrus Berry,Curse,Confuse Ray,Roost,Energy Ball,Calm,255 HP / 255 Sp. Def,255,0,0,0,0,255,31 all,"23,27 all",Overgrow (2/3) / Long Reach (1/3),PID-derived species ratio (sex_vector=31),255,NPC + Agency,"53,54,59,73,74,76,77",Trainer IDs 50-69 (23 IV); Trainer IDs 70-89 (27 IV),Overgrow / Overgrow / Long Reach,31
"Hart, Odessa (Sightseer) / Cheryl (Madame) / Zero (Bellhop) / Julien, Sly, Noah (Cook)",86,Incineroar,Default,Firium Z,Fake Out,Heat Wave,Snarl,Will-O-Wisp,Modest,255 HP / 255 Sp. Atk,255,0,0,0,255,0,31 all,"23,27 all",Blaze (2/3) / Intimidate (1/3),PID-derived species ratio (sex_vector=31),255,NPC + Agency,"52,55,65,84,85,86,87",Trainer IDs 50-69 (23 IV); Trainer IDs 70-89 (27 IV),Blaze / Blaze / Intimidate,31
"Cheryl, Christy, Verna (Madame) / Dara, Rada (Pokémon Breeder)",87,Primarina,Default,Normalium Z,Hyper Voice,Disarming Voice,Growl,Sing,Mild,170 HP / 170 Defense / 170 Sp. Def,170,0,170,0,0,170,31 all,"23,27 all",Torrent (2/3) / Liquid Voice (1/3),PID-derived species ratio (sex_vector=31),255,NPC + Agency,"65,66,67,79,80",Trainer IDs 50-69 (23 IV); Trainer IDs 70-89 (27 IV),Torrent / Torrent / Liquid Voice,31
"Henry (Gentleman) / Christy, Verna (Madame)",88,Araquanid,Default,Sitrus Berry,Mirror Coat,Leech Life,Blizzard,Scald,Relaxed,255 HP / 255 Defense,255,0,255,0,0,0,31 all,23 all,Water Bubble (2/3) / Water Absorb (1/3),PID-derived species ratio (sex_vector=127),255,NPC + Agency,"62,66,67",Trainer IDs 50-69 (23 IV),Water Bubble / Water Bubble / Water Absorb,127
"Kaula, Charlene (Sightseer) / Skip (Worker) / Dyson, Chip (Bellhop) / Perri (Pokémon Center Lady)",89,Bewear,Default,Chesto Berry,Bulk Up,Rest,Force Palm,Payback,Careful,255 HP / 255 Sp. Def,255,0,0,0,0,255,31 all,"23,27,31 all",Fluffy (1/3) / Klutz (1/3) / Unnerve (1/3),PID-derived species ratio (sex_vector=127),255,NPC + Agency,"53,54,59,82,83,187",Trainer IDs 50-69 (23 IV); Trainer IDs 70-89 (27 IV); Trainer IDs 90-189 (31 IV),Fluffy / Klutz / Unnerve,127
"Ikram, Jerry (Gentleman) / Cheryl (Madame) / Nedry, Sheridan, Kiernan, Gertrude (Pokémon Breeder) / Julien, Sly (Cook)",90,Turtonator,Default,Heat Rock,Shell Trap,Solar Beam,Flamethrower,Sunny Day,Calm,255 HP / 255 Sp. Def,255,0,0,0,0,255,31 all,"23,27 all",Shell Armor (3/3),PID-derived species ratio (sex_vector=127),255,NPC + Agency,"63,64,65,76,77,78,81,85,86",Trainer IDs 50-69 (23 IV); Trainer IDs 70-89 (27 IV),Shell Armor / Shell Armor / Shell Armor,127
"Cheryl (Madame) / Duncan, Nobunaga (Collector) / Julien, Sly (Cook)",91,Bruxish,Default,Normalium Z,Aqua Jet,Screech,Confide,Facade,Brave,255 HP / 255 Attack,255,255,0,0,0,0,31 all,"23,27 all",Dazzling (1/3) / Strong Jaw (1/3) / Wonder Skin (1/3),PID-derived species ratio (sex_vector=127),255,NPC + Agency,"65,68,69,85,86",Trainer IDs 50-69 (23 IV); Trainer IDs 70-89 (27 IV),Dazzling / Strong Jaw / Wonder Skin,127
"Henry (Gentleman) / Duncan, Nobunaga (Collector)",92,Drampa,Default,Sitrus Berry,Roost,Snarl,Play Nice,Dragon Breath,Bold,255 HP / 255 Defense,255,0,255,0,0,0,31 all,23 all,Berserk (1/3) / Sap Sipper (1/3) / Cloud Nine (1/3),PID-derived species ratio (sex_vector=127),255,NPC + Agency,"62,68,69",Trainer IDs 50-69 (23 IV),Berserk / Sap Sipper / Cloud Nine,127
"Kaula, Charlene (Sightseer) / Skip (Worker) / Arnon, Alim, Anisa, Calliope (Golfer)",93,Dhelmise,Default,Steelium Z,Metal Sound,Flash Cannon,Energy Ball,Shadow Ball,Modest,255 HP / 255 Sp. Atk,255,0,0,0,255,0,31 all,"23,27 all",Steelworker (3/3),Genderless,255,NPC + Agency,"53,54,59,70,71,73,74",Trainer IDs 50-69 (23 IV); Trainer IDs 70-89 (27 IV),Steelworker / Steelworker / Steelworker,255
"Hart, Odessa (Sightseer) / Skip (Worker) / Zero (Bellhop) / Noah (Cook) / Kikujiro (Veteran) / Perri (Pokémon Center Lady)",94,Togedemaru,Default,Terrain Extender,Electric Terrain,Wild Charge,Fake Out,U-turn,Hasty,255 HP / 255 Speed,255,0,0,255,0,0,31 all,"23,27,31 all",Iron Barbs (1/3) / Lightning Rod (1/3) / Sturdy (1/3),PID-derived species ratio (sex_vector=127),255,NPC + Agency,"52,55,59,84,87,122,187",Trainer IDs 50-69 (23 IV); Trainer IDs 70-89 (27 IV); Trainer IDs 90-189 (31 IV),Iron Barbs / Lightning Rod / Sturdy,127
"Placido, Priya (Veteran) / Napoleon, Brady (Youngster) / Gwenny (Backpacker) / Donny, Gracie (Madame) / Horace (Ace Trainer)",95,Azelf,Default,Electrium Z,Charge Beam,Extrasensory,Thunder Wave,Grass Knot,Naive,255 Speed / 255 Sp. Atk,0,0,0,255,255,0,31 all,31 all,Levitate (3/3),Genderless,255,NPC + Agency,"124,128,130,131,138,168,169,186",Trainer IDs 90-189 (31 IV),Levitate / Levitate / Levitate,255
"Hashim, Poppy, Horace (Ace Trainer) / Victor, Naya (Preschooler) / Donny, Gracie (Madame)",96,Kommo-o,Default,Cheri Berry,Dragon Dance,Dragon Claw,Brick Break,Rock Slide,Jolly,255 Attack / 255 Speed,0,255,0,255,0,0,31 all,31 all,Bulletproof (1/3) / Soundproof (1/3) / Overcoat (1/3),PID-derived species ratio (sex_vector=127),255,NPC + Agency,"117,119,135,137,168,169,186",Trainer IDs 90-189 (31 IV),Bulletproof / Soundproof / Overcoat,127
"Aino (Veteran) / Brady (Youngster) / Inez (Lass) / Gwenny (Backpacker) / Donny, Gracie (Madame) / Horace (Ace Trainer)",97,Uxie,Default,Psychium Z,Future Sight,Memento,U-turn,Reflect,Calm,255 HP / 255 Sp. Def,255,0,0,0,0,255,31 all,31 all,Levitate (3/3),Genderless,255,NPC + Agency,"126,131,133,138,168,169,186",Trainer IDs 90-189 (31 IV),Levitate / Levitate / Levitate,255
"Tasanee (Dancer) / Brady (Youngster) / Gwenny (Backpacker) / Donny, Gracie (Madame) / Horace (Ace Trainer)",98,Mesprit,Default,Bright Powder,Future Sight,Healing Wish,Copycat,Thunder Wave,Calm,255 HP / 255 Sp. Def,255,0,0,0,0,255,31 all,31 all,Levitate (3/3),Genderless,255,NPC + Agency,"115,131,138,168,169,186",Trainer IDs 90-189 (31 IV),Levitate / Levitate / Levitate,255
"Kaula, Charlene (Sightseer) / Jairo (Janitor) / Ikram, Jerry (Gentleman) / Kiernan, Gertrude (Pokémon Breeder) / Julien, Sly (Cook)",99,Rotom,Heat,Bright Powder,Will-O-Wisp,Hex,Confuse Ray,Charge Beam,Calm,255 HP / 255 Sp. Def,255,0,0,0,0,255,31 all,"23,27 all",Levitate (3/3),Genderless,255,NPC + Agency,"53,54,56,63,64,78,81,85,86",Trainer IDs 50-69 (23 IV); Trainer IDs 70-89 (27 IV),Levitate / Levitate / Levitate,255
"Cooper, Darien (Sightseer) / Skip (Worker) / Christy, Verna (Madame) / Nedry, Sheridan (Pokémon Breeder) / Brantley, Camber (Firefighter)",100,Rotom,Wash,Choice Scarf,Trick,Thunder Wave,Discharge,Hydro Pump,Timid,255 HP / 255 Speed,255,0,0,255,0,0,31 all,"23,27 all",Levitate (3/3),Genderless,255,NPC + Agency,"50,51,59,66,67,76,77,88,89",Trainer IDs 50-69 (23 IV); Trainer IDs 70-89 (27 IV),Levitate / Levitate / Levitate,255
"Hart, Odessa (Sightseer) / Xaden, Giles (Janitor) / Cheryl (Madame) / Arnon, Alim, Anisa, Calliope (Golfer)",101,Rotom,Mow,Sitrus Berry,Will-O-Wisp,Hex,Charge,Charge Beam,Sassy,255 HP / 255 Sp. Def,255,0,0,0,0,255,31 all,"23,27 all",Levitate (3/3),Genderless,255,NPC + Agency,"52,55,57,58,65,70,71,73,74",Trainer IDs 50-69 (23 IV); Trainer IDs 70-89 (27 IV),Levitate / Levitate / Levitate,255
"JT, Benjamin (Worker) / Dara, Rada (Pokémon Breeder) / Noah (Cook)",102,Rotom,Fan,Light Clay,Blizzard,Discharge,Reflect,Light Screen,Relaxed,170 HP / 170 Defense / 170 Sp. Def,170,0,170,0,0,170,31 all,"23,27 all",Levitate (3/3),Genderless,255,NPC + Agency,"60,61,79,80,87",Trainer IDs 50-69 (23 IV); Trainer IDs 70-89 (27 IV),Levitate / Levitate / Levitate,255
"Duncan, Nobunaga (Collector) / Dyson, Chip (Bellhop)",103,Rotom,Frost,Sitrus Berry,Will-O-Wisp,Hex,Volt Switch,Confuse Ray,Timid,255 Speed / 255 Sp. Atk,0,0,0,255,255,0,31 all,"23,27 all",Levitate (3/3),Genderless,255,NPC + Agency,"68,69,82,83",Trainer IDs 50-69 (23 IV); Trainer IDs 70-89 (27 IV),Levitate / Levitate / Levitate,255
"Dyson, Chip, Donna, Gilroy (Bellhop) / Zed, Edda (Punk Girl) / Dan, Omar (Worker) / Presta, Calder (Firefighter) / Sam, Dennis (Collector)",104,Barbaracle,Default,Expert Belt,Dragon Claw,Earthquake,X-Scissor,Night Slash,Adamant,255 Attack / 255 Defense,0,255,255,0,0,0,31 all,"27,31 all",Tough Claws (1/3) / Sniper (1/3) / Pickpocket (1/3),PID-derived species ratio (sex_vector=127),255,NPC + Agency,"82,83,148,149,164,165,170,171,180,181,184,185",Trainer IDs 70-89 (27 IV); Trainer IDs 90-189 (31 IV),Tough Claws / Sniper / Pickpocket,127
"Dyson, Chip, Donna, Gilroy (Bellhop) / Hilario, Thamina (Youth Athlete)",105,Hawlucha,Default,Liechi Berry,Swords Dance,Flying Press,Acrobatics,Steel Wing,Adamant,255 Attack / 255 Speed,0,255,0,255,0,0,31 all,"27,31 all",Limber (1/3) / Unburden (1/3) / Mold Breaker (1/3),PID-derived species ratio (sex_vector=127),255,NPC + Agency,"82,83,152,153,170,171",Trainer IDs 70-89 (27 IV); Trainer IDs 90-189 (31 IV),Limber / Unburden / Mold Breaker,127
"Arnon, Alim (Golfer) / Cal, Tivon, Robyn, Stein, Cadel (Scientist) / Hashim (Ace Trainer) / Vivek, Stellan (Hiker) / Darrel, Jana (Office Worker) / Sika, Paulo (Janitor)",106,Carbink,Default,Iron Ball,Trick Room,Gyro Ball,Dazzling Gleam,Power Gem,Quiet,255 Sp. Atk / 255 Sp. Def,0,0,0,0,255,255,31 all,"27,31 all",Clear Body (2/3) / Sturdy (1/3),Genderless,255,NPC + Agency,"70,71,93,94,95,110,111,117,140,141,144,145,162,163",Trainer IDs 70-89 (27 IV); Trainer IDs 90-189 (31 IV),Clear Body / Clear Body / Sturdy,255
"Nedry, Dara (Pokémon Breeder) / Julien, Larry, Tony (Cook) / Presta, Calder (Firefighter)",107,Pyroar,Default,Lum Berry,Return,Fire Fang,Wild Charge,Crunch,Adamant,255 Attack / 255 Speed,0,255,0,255,0,0,31 all,"27,31 all",Rivalry (1/3) / Unnerve (1/3) / Moxie (1/3),PID-derived species ratio (sex_vector=225),255,NPC + Agency,"76,79,85,180,181,182,183",Trainer IDs 70-89 (27 IV); Trainer IDs 90-189 (31 IV),Rivalry / Unnerve / Moxie,225
"Julien, Sly (Cook) / Stein, Cadel (Scientist) / Lori, Colby (Pokémon Breeder)",108,Avalugg,Default,Icy Rock,Hail,Blizzard,Recover,Flash Cannon,Bold,255 Defense / 255 Sp. Def,0,0,255,0,0,255,31 all,"27,31 all",Own Tempo (1/3) / Ice Body (1/3) / Sturdy (1/3),PID-derived species ratio (sex_vector=127),255,NPC + Agency,"85,86,110,111,176,177",Trainer IDs 70-89 (27 IV); Trainer IDs 90-189 (31 IV),Own Tempo / Ice Body / Sturdy,127
"Arnon, Alim (Golfer) / Munin (Ace Trainer) / Sam, Dennis (Collector)",109,Tyrantrum,Default,Wide Lens,Horn Drill,Stone Edge,Rest,Sleep Talk,Impish,255 HP / 255 Defense,255,0,255,0,0,0,31 all,"27,31 all",Strong Jaw (2/3) / Rock Head (1/3),PID-derived species ratio (sex_vector=31),255,NPC + Agency,"70,71,118,184,185",Trainer IDs 70-89 (27 IV); Trainer IDs 90-189 (31 IV),Strong Jaw / Strong Jaw / Rock Head,31
"Arnon, Alim (Golfer) / Dan, Omar (Worker) / Sam, Dennis (Collector)",110,Aurorus,Default,Expert Belt,Giga Impact,Earthquake,Stone Edge,Frost Breath,Adamant,255 Attack / 255 Sp. Def,0,255,0,0,0,255,31 all,"27,31 all",Refrigerate (2/3) / Snow Warning (1/3),PID-derived species ratio (sex_vector=31),255,NPC + Agency,"70,71,164,165,184,185",Trainer IDs 70-89 (27 IV); Trainer IDs 90-189 (31 IV),Refrigerate / Refrigerate / Snow Warning,31
"Julien, Sly, Larry, Tony (Cook) / Granville, Raz (Ace Trainer) / Leena, Buddy (Youth Athlete) / Kiawe, Mallow (Captain)",111,Talonflame,Default,Focus Sash,Swords Dance,Quick Attack,Flail,Acrobatics,Jolly,255 Defense / 255 Speed,0,0,255,255,0,0,31 all,"27,31 all",Flame Body (2/3) / Gale Wings (1/3),PID-derived species ratio (sex_vector=127),255,NPC + Agency,"85,86,104,105,150,151,182,183,199,200",Battle Legend/featured IDs 190-205 (31 IV); Trainer IDs 70-89 (27 IV); Trainer IDs 90-189 (31 IV),Flame Body / Flame Body / Gale Wings,127
"Zeno, Christina (Golfer) / Tamah (Ace Trainer) / Xio, Dooley (Veteran) / Darrel, Jana (Office Worker) / Perri (Pokémon Center Lady)",112,Sylveon,Default,Razor Claw,Moonblast,Shadow Ball,Round,Psyshock,Modest,255 Sp. Atk / 255 Sp. Def,0,0,0,0,255,255,31 all,"27,31 all",Cute Charm (2/3) / Pixilate (1/3),PID-derived species ratio (sex_vector=31),255,NPC + Agency,"72,75,120,127,144,145,187,188",Trainer IDs 70-89 (27 IV); Trainer IDs 90-189 (31 IV),Cute Charm / Cute Charm / Pixilate,31
"Arnon, Alim (Golfer) / Boris, Bryson (Black Belt) / Munin, Bette (Ace Trainer) / Niara, Reina (Preschooler)",113,Chesnaught,Default,Life Orb,Focus Blast,Energy Ball,Sludge Bomb,Round,Modest,255 Defense / 255 Sp. Atk,0,0,255,0,255,0,31 all,"27,31 all",Overgrow (2/3) / Bulletproof (1/3),PID-derived species ratio (sex_vector=31),255,NPC + Agency,"70,71,112,113,118,121,134,136",Trainer IDs 70-89 (27 IV); Trainer IDs 90-189 (31 IV),Overgrow / Overgrow / Bulletproof,31
"Kiernan, Dara, Rada, Gertrude (Pokémon Breeder) / Julien, Sly (Cook) / Lea, Sylvia, Levi (Ace Trainer) / Boris, Bryson (Black Belt) / Niara, Reina (Preschooler) / Erix, Marianne (Rising Star)",114,Delphox,Default,Heat Rock,Sunny Day,Solar Beam,Fire Blast,Psychic,Timid,255 Speed / 255 Sp. Atk,0,0,0,255,255,0,31 all,"27,31 all",Blaze (2/3) / Magician (1/3),PID-derived species ratio (sex_vector=31),255,NPC + Agency,"78,79,80,81,85,86,108,109,112,113,116,134,136,155,157",Trainer IDs 70-89 (27 IV); Trainer IDs 90-189 (31 IV),Blaze / Blaze / Magician,31
"Anisa, Calliope (Golfer) / Zero (Bellhop) / Noah (Cook) / Granville, Raz, Hashim, Poppy (Ace Trainer) / Boris, Bryson (Black Belt) / Niara, Reina (Preschooler) / Leena, Buddy, Hilario, Thamina (Youth Athlete)",115,Greninja,Default,King's Rock,Water Shuriken,Rock Slide,Grass Knot,U-turn,Jolly,255 Attack / 255 Speed,0,255,0,255,0,0,31 all,"27,31 all",Torrent (2/3) / Protean (1/3),PID-derived species ratio (sex_vector=31),255,NPC + Agency,"73,74,84,87,104,105,112,113,117,119,134,136,150,151,152,153",Trainer IDs 70-89 (27 IV); Trainer IDs 90-189 (31 IV),Torrent / Torrent / Protean,31
"Anisa, Calliope (Golfer) / Boris, Bryson (Black Belt) / Munin (Ace Trainer) / Donna, Gilroy (Bellhop)",116,Gogoat,Default,Big Root,Horn Leech,Leech Seed,Protect,Payback,Sassy,255 HP / 255 Attack,255,255,0,0,0,0,31 all,"27,31 all",Sap Sipper (2/3) / Grass Pelt (1/3),PID-derived species ratio (sex_vector=127),255,NPC + Agency,"73,74,112,113,118,170,171",Trainer IDs 70-89 (27 IV); Trainer IDs 90-189 (31 IV),Sap Sipper / Sap Sipper / Grass Pelt,127
"Arnon, Alim (Golfer) / Granville, Raz, Munin, Poppy (Ace Trainer) / Boris, Bryson (Black Belt) / Zed, Edda (Punk Girl) / Leena, Buddy (Youth Athlete)",117,Noivern,Default,Razor Fang,Air Slash,Dragon Pulse,Flamethrower,Psychic,Modest,255 Speed / 255 Sp. Atk,0,0,0,255,255,0,31 all,"27,31 all",Frisk (1/3) / Infiltrator (1/3) / Telepathy (1/3),PID-derived species ratio (sex_vector=127),255,NPC + Agency,"70,71,104,105,112,113,118,119,148,149,150,151",Trainer IDs 70-89 (27 IV); Trainer IDs 90-189 (31 IV),Frisk / Infiltrator / Telepathy,127
"Arnon, Alim (Golfer) / Boris, Bryson (Black Belt) / Tamah (Ace Trainer) / Xio (Veteran) / Darrel, Jana (Office Worker) / Perri (Pokémon Center Lady)",118,Florges,Default,Kebia Berry,Calm Mind,Grass Knot,Psychic,Moonblast,Modest,255 Sp. Atk / 255 Sp. Def,0,0,0,0,255,255,31 all,"27,31 all",Flower Veil (2/3) / Symbiosis (1/3),Female-only,255,NPC + Agency,"70,71,112,113,120,127,144,145,187",Trainer IDs 70-89 (27 IV); Trainer IDs 90-189 (31 IV),Flower Veil / Flower Veil / Symbiosis,254
"Arnon, Alim (Golfer) / Brantley, Camber, Presta, Calder (Firefighter) / Variel, Atalanta, Jo, Tasanee (Dancer) / Munin (Ace Trainer) / Victor, Naya (Preschooler) / Darrel, Jana (Office Worker) / Dolly, Joaquin (Rising Star) / Sika, Paulo (Janitor)",119,Goodra,Default,Damp Rock,Dragon Pulse,Rain Dance,Thunder,Muddy Water,Modest,255 Sp. Atk / 255 Sp. Def,0,0,0,0,255,255,31 all,"27,31 all",Sap Sipper (1/3) / Hydration (1/3) / Gooey (1/3),PID-derived species ratio (sex_vector=127),255,NPC + Agency,"70,71,88,89,100,101,114,115,118,135,137,144,145,154,156,162,163,180,181",Trainer IDs 70-89 (27 IV); Trainer IDs 90-189 (31 IV),Sap Sipper / Hydration / Gooey,127
"Arnon, Alim (Golfer) / Sika, Paulo (Janitor) / Mallow (Captain)",120,Trevenant,Default,Choice Band,Horn Leech,Shadow Claw,Earthquake,X-Scissor,Adamant,255 HP / 255 Attack,255,255,0,0,0,0,31 all,"27,31 all",Natural Cure (1/3) / Frisk (1/3) / Harvest (1/3),PID-derived species ratio (sex_vector=127),255,NPC + Agency,"70,71,162,163,200",Battle Legend/featured IDs 190-205 (31 IV); Trainer IDs 70-89 (27 IV); Trainer IDs 90-189 (31 IV),Natural Cure / Frisk / Harvest,127
"Julien, Sly, Larry, Tony (Cook)",121,Gourgeist,Default,Wise Glasses,Shadow Ball,Sludge Bomb,Energy Ball,Flamethrower,Modest,255 Defense / 255 Sp. Atk,0,0,255,0,255,0,31 all,"27,31 all",Pickup (1/3) / Frisk (1/3) / Insomnia (1/3),PID-derived species ratio (sex_vector=127),255,NPC + Agency,"85,86,182,183",Trainer IDs 70-89 (27 IV); Trainer IDs 90-189 (31 IV),Pickup / Frisk / Insomnia,127
"Arnon, Alim (Golfer) / Zero (Bellhop) / Noah, Larry, Tony (Cook) / Sika, Paulo (Janitor) / Presta, Calder (Firefighter)",122,Clawitzer,Default,Focus Sash,Crabhammer,Return,U-turn,Flail,Jolly,255 Attack / 255 Speed,0,255,0,255,0,0,31 all,"27,31 all",Mega Launcher (3/3),PID-derived species ratio (sex_vector=127),255,NPC + Agency,"70,71,84,87,162,163,180,181,182,183",Trainer IDs 70-89 (27 IV); Trainer IDs 90-189 (31 IV),Mega Launcher / Mega Launcher / Mega Launcher,127
"Arnon, Alim (Golfer) / Zero (Bellhop) / Noah (Cook) / Zed, Edda (Punk Girl) / Sika, Paulo (Janitor)",123,Beedrill,Default,Beedrillite,Poison Jab,U-turn,Brick Break,X-Scissor,Jolly,255 Attack / 255 Speed,0,255,0,255,0,0,31 all,"27,31 all",Swarm (2/3) / Sniper (1/3),PID-derived species ratio (sex_vector=127),255,NPC + Agency,"70,71,84,87,148,149,162,163",Trainer IDs 70-89 (27 IV); Trainer IDs 90-189 (31 IV),Swarm / Swarm / Sniper,127
"Julien, Sly, Larry, Tony (Cook) / Xio (Veteran) / Darrel, Jana (Office Worker) / Lori, Colby (Pokémon Breeder) / Perri (Pokémon Center Lady)",124,Aromatisse,Default,Expert Belt,Flash Cannon,Thunder,Psyshock,Moonblast,Modest,255 Sp. Atk / 255 Sp. Def,0,0,0,0,255,255,31 all,"27,31 all",Healer (2/3) / Aroma Veil (1/3),PID-derived species ratio (sex_vector=127),255,NPC + Agency,"85,86,127,144,145,176,177,182,183,187",Trainer IDs 70-89 (27 IV); Trainer IDs 90-189 (31 IV),Healer / Healer / Aroma Veil,127
"Kaula, Charlene (Sightseer) / Skip (Worker) / Duncan, Nobunaga (Collector) / Arnon, Alim (Golfer) / Nedry, Dara (Pokémon Breeder) / Dyson (Bellhop)",125,Electivire,Default,Electric Seed,Electric Terrain,Hammer Arm,Thunder Punch,Bulldoze,Impish,255 HP / 255 Defense,255,0,255,0,0,0,31 all,"23,27 all",Motor Drive (2/3) / Vital Spirit (1/3),PID-derived species ratio (sex_vector=63),255,NPC + Agency,"53,54,59,68,69,70,71,76,79,82",Trainer IDs 50-69 (23 IV); Trainer IDs 70-89 (27 IV),Motor Drive / Motor Drive / Vital Spirit,63
"Ikram, Jerry (Gentleman) / Cheryl (Madame) / Duncan, Nobunaga (Collector) / Anisa (Golfer) / Kiernan, Gertrude (Pokémon Breeder) / Julien, Sly (Cook)",126,Magmortar,Default,Sitrus Berry,Belly Drum,Mach Punch,Belch,Flare Blitz,Naughty,255 HP / 255 Defense,255,0,255,0,0,0,31 all,"23,27 all",Flame Body (2/3) / Vital Spirit (1/3),PID-derived species ratio (sex_vector=63),255,NPC + Agency,"63,64,65,68,69,73,78,81,85,86",Trainer IDs 50-69 (23 IV); Trainer IDs 70-89 (27 IV),Flame Body / Flame Body / Vital Spirit,63
"Darien, Kaula (Sightseer) / Xaden, Giles (Janitor) / Skip (Worker) / Anisa, Calliope (Golfer) / Nedry, Dara (Pokémon Breeder) / Chip (Bellhop)",127,Probopass,Default,Leftovers,Thunder Wave,Bulldoze,Rock Slide,Stealth Rock,Relaxed,255 HP / 255 Defense,255,0,255,0,0,0,31 all,"23,27 all",Sturdy (1/3) / Magnet Pull (1/3) / Sand Force (1/3),PID-derived species ratio (sex_vector=127),255,NPC + Agency,"51,53,57,58,59,73,74,76,79,83",Trainer IDs 50-69 (23 IV); Trainer IDs 70-89 (27 IV),Sturdy / Magnet Pull / Sand Force,127
"Cooper, Darien, Kaula, Charlene (Sightseer) / Duncan, Nobunaga (Collector) / Arnon, Calliope (Golfer) / Nedry, Sheridan, Dara, Rada (Pokémon Breeder)",128,Lickilicky,Default,Normalium Z,Defense Curl,Rollout,Me First,Power Whip,Careful,255 HP / 255 Sp. Def,255,0,0,0,0,255,31 all,"23,27 all",Own Tempo (1/3) / Oblivious (1/3) / Cloud Nine (1/3),PID-derived species ratio (sex_vector=127),255,NPC + Agency,"50,51,53,54,68,69,70,74,76,77,79,80",Trainer IDs 50-69 (23 IV); Trainer IDs 70-89 (27 IV),Own Tempo / Oblivious / Cloud Nine,127
"Arnon, Alim (Golfer) / Sika, Paulo (Janitor)",129,Minior,Meteor,Red Card,Earthquake,Acrobatics,Stone Edge,Autotomize,Jolly,255 Attack / 255 Speed,0,255,0,255,0,0,31 all,"27,31 all",Shields Down (3/3),Genderless,255,NPC + Agency,"70,71,162,163",Trainer IDs 70-89 (27 IV); Trainer IDs 90-189 (31 IV),Shields Down / Shields Down / Shields Down,255
"Nedry, Sheridan, Dara, Rada (Pokémon Breeder)",130,Oricorio,Pom-Pom,Flyinium Z,Revelation Dance,Air Slash,Roost,Tailwind,Modest,255 HP / 255 Sp. Atk,255,0,0,0,255,0,31 all,27 all,Dancer (3/3),PID-derived species ratio (sex_vector=191),255,NPC + Agency,"76,77,79,80",Trainer IDs 70-89 (27 IV),Dancer / Dancer / Dancer,191
"Sheridan, Rada (Pokémon Breeder) / Lou, Benji (Police Officer) / Hilario, Thamina (Youth Athlete) / Presta, Calder (Firefighter) / Kukui (Pokémon Trainer)",131,Lycanroc,Midday,Life Orb,Quick Attack,Thunder Fang,Accelerock,Rock Slide,Jolly,255 Attack / 255 Speed,0,255,0,255,0,0,31 all,"27,31 all",Keen Eye (1/3) / Sand Rush (1/3) / Steadfast (1/3),PID-derived species ratio (sex_vector=127),255,NPC + Agency,"77,80,91,92,152,153,180,181,205",Battle Legend/featured IDs 190-205 (31 IV); Trainer IDs 70-89 (27 IV); Trainer IDs 90-189 (31 IV),Keen Eye / Sand Rush / Steadfast,127
"Anisa, Calliope, Patrick (Golfer) / Xenophon (Veteran) / Darrel, Jana (Office Worker) / Mallow (Captain) / Lillie (Pokémon Trainer)",132,Comfey,Default,Grassium Z,Dazzling Gleam,Petal Blizzard,Grassy Terrain,Floral Healing,Timid,255 Speed / 255 Sp. Atk,0,0,0,255,255,0,31 all,"27,31 all",Flower Veil (1/3) / Triage (1/3) / Natural Cure (1/3),PID-derived species ratio (sex_vector=191),255,NPC + Agency,"73,74,123,144,145,172,200,206",Battle Legend/featured IDs 190-205 (31 IV); Lillie scouted-partner ID 206 (31 IV); Trainer IDs 70-89 (27 IV); Trainer IDs 90-189 (31 IV),Flower Veil / Triage / Natural Cure,191
"Anisa, Calliope (Golfer) / Zed, Edda (Punk Girl) / Sika, Paulo (Janitor) / Danby, Izel (Pokémon Breeder) / Presta, Calder (Firefighter) / Plumeria, Guzma (Pokémon Trainer)",133,Toxapex,Default,Red Card,Baneful Bunker,Venoshock,Surf,Ice Beam,Modest,255 HP / 255 Sp. Atk,255,0,0,0,255,0,31 all,"27,31 all",Merciless (1/3) / Limber (1/3) / Regenerator (1/3),PID-derived species ratio (sex_vector=127),255,NPC + Agency,"73,74,148,149,162,163,178,179,180,181,197,198",Battle Legend/featured IDs 190-205 (31 IV); Trainer IDs 70-89 (27 IV); Trainer IDs 90-189 (31 IV),Merciless / Limber / Regenerator,127
"Anisa, Calliope (Golfer) / Jo, Tasanee (Dancer) / Hashim (Ace Trainer) / Donna, Gilroy (Bellhop) / Danby, Izel (Pokémon Breeder) / Presta, Calder (Firefighter) / Guzma (Pokémon Trainer)",134,Golisopod,Default,Quick Claw,First Impression,Liquidation,Leech Life,Brick Break,Adamant,255 HP / 255 Attack,255,255,0,0,0,0,31 all,"27,31 all",Emergency Exit (3/3),PID-derived species ratio (sex_vector=127),255,NPC + Agency,"73,74,114,115,117,170,171,178,179,180,181,198",Battle Legend/featured IDs 190-205 (31 IV); Trainer IDs 70-89 (27 IV); Trainer IDs 90-189 (31 IV),Emergency Exit / Emergency Exit / Emergency Exit,127
"Nedry, Sheridan, Kiernan, Dara, Rada, Gertrude (Pokémon Breeder) / Darrel, Jana (Office Worker) / Plumeria (Pokémon Trainer) / Mallow (Captain)",135,Lurantis,Default,Power Herb,Solar Blade,Leech Life,Poison Jab,Payback,Adamant,255 HP / 255 Attack,255,255,0,0,0,0,31 all,"27,31 all",Leaf Guard (2/3) / Contrary (1/3),PID-derived species ratio (sex_vector=127),255,NPC + Agency,"76,77,78,79,80,81,144,145,197,200",Battle Legend/featured IDs 190-205 (31 IV); Trainer IDs 70-89 (27 IV); Trainer IDs 90-189 (31 IV),Leaf Guard / Leaf Guard / Contrary,127
"Julien, Sly, Larry, Tony (Cook) / Granville, Raz (Ace Trainer) / Darrel, Jana (Office Worker) / Leena, Buddy (Youth Athlete)",136,Ribombee,Default,Sitrus Berry,Quiver Dance,Baton Pass,Silver Wind,Draining Kiss,Bold,170 HP / 170 Defense / 170 Sp. Def,170,0,170,0,0,170,31 all,"27,31 all",Honey Gather (1/3) / Shield Dust (1/3) / Sweet Veil (1/3),PID-derived species ratio (sex_vector=127),255,NPC + Agency,"85,86,104,105,144,145,150,151,182,183",Trainer IDs 70-89 (27 IV); Trainer IDs 90-189 (31 IV),Honey Gather / Shield Dust / Sweet Veil,127
"Anisa, Calliope (Golfer) / Hashim, Munin (Ace Trainer) / Savir, Harding (Office Worker) / Christian, Ezra (Sightseer) / Dan, Omar (Worker) / Sophocles (Pokémon Trainer)",137,Vikavolt,Default,Electrium Z,Thunderbolt,Mud Shot,Flash Cannon,Volt Switch,Modest,255 HP / 255 Sp. Atk,255,0,0,0,255,0,31 all,"27,31 all",Levitate (3/3),PID-derived species ratio (sex_vector=127),255,NPC + Agency,"73,74,117,118,142,143,160,161,164,165,207",Battle Agency event IDs 207-208 (31 IV); Trainer IDs 70-89 (27 IV); Trainer IDs 90-189 (31 IV),Levitate / Levitate / Levitate,127
"Nedry, Sheridan, Dara, Rada, Danby, Izel (Pokémon Breeder) / Dan, Omar (Worker) / Donna, Gilroy (Bellhop)",138,Mudsdale,Default,Passho Berry,Earthquake,Rock Slide,Mud-Slap,Payback,Adamant,255 HP / 255 Attack,255,255,0,0,0,0,31 all,"27,31 all",Own Tempo (1/3) / Stamina (1/3) / Inner Focus (1/3),PID-derived species ratio (sex_vector=127),255,NPC + Agency,"76,77,79,80,164,165,170,171,178,179",Trainer IDs 70-89 (27 IV); Trainer IDs 90-189 (31 IV),Own Tempo / Stamina / Inner Focus,127
"Arnon, Alim (Golfer) / Nedry, Sheridan (Pokémon Breeder) / Jo, Tasanee (Dancer) / Munin, Bette (Ace Trainer) / Niara, Reina (Preschooler) / Kukui (Pokémon Trainer)",139,Decidueye,Default,Life Orb,Spirit Shackle,Leaf Blade,Sucker Punch,Smack Down,Adamant,255 Attack / 255 Speed,0,255,0,255,0,0,31 all,"27,31 all",Overgrow (2/3) / Long Reach (1/3),PID-derived species ratio (sex_vector=31),255,NPC + Agency,"70,71,76,77,114,115,118,121,134,136,205",Battle Legend/featured IDs 190-205 (31 IV); Trainer IDs 70-89 (27 IV); Trainer IDs 90-189 (31 IV),Overgrow / Overgrow / Long Reach,31
"Kiernan, Gertrude (Pokémon Breeder) / Zero (Bellhop) / Noah (Cook) / Lea, Sylvia, Levi, Poppy (Ace Trainer) / Jo, Tasanee (Dancer) / Niara, Reina (Preschooler) / Etta, Dustin (Punk Guy) / Kukui (Pokémon Trainer)",140,Incineroar,Default,Firium Z,Darkest Lariat,Throat Chop,Earthquake,Flare Blitz,Adamant,255 Attack / 255 Speed,0,255,0,255,0,0,31 all,"27,31 all",Blaze (2/3) / Intimidate (1/3),PID-derived species ratio (sex_vector=31),255,NPC + Agency,"78,81,84,87,108,109,114,115,116,119,134,136,146,147,205",Battle Legend/featured IDs 190-205 (31 IV); Trainer IDs 70-89 (27 IV); Trainer IDs 90-189 (31 IV),Blaze / Blaze / Intimidate,31
"Dara, Rada (Pokémon Breeder) / Jo, Tasanee (Dancer) / Hashim, Tamah (Ace Trainer) / Xio (Veteran) / Niara, Reina (Preschooler) / Kukui (Pokémon Trainer)",141,Primarina,Default,Kebia Berry,Hydro Pump,Moonblast,Psychic,Baby-Doll Eyes,Modest,255 HP / 255 Sp. Atk,255,0,0,0,255,0,31 all,"27,31 all",Torrent (2/3) / Liquid Voice (1/3),PID-derived species ratio (sex_vector=31),255,NPC + Agency,"79,80,114,115,117,120,127,134,136,205",Battle Legend/featured IDs 190-205 (31 IV); Trainer IDs 70-89 (27 IV); Trainer IDs 90-189 (31 IV),Torrent / Torrent / Liquid Voice,31
"Dyson, Chip (Bellhop) / Stein, Cadel (Scientist) / Presta, Calder (Firefighter)",142,Araquanid,Default,Leftovers,Lunge,Liquidation,Crunch,Stockpile,Impish,255 HP / 255 Defense,255,0,255,0,0,0,31 all,"27,31 all",Water Bubble (2/3) / Water Absorb (1/3),PID-derived species ratio (sex_vector=127),255,NPC + Agency,"82,83,110,111,180,181",Trainer IDs 70-89 (27 IV); Trainer IDs 90-189 (31 IV),Water Bubble / Water Bubble / Water Absorb,127
"Anisa, Calliope (Golfer) / Darrel, Jana (Office Worker) / Donna, Gilroy (Bellhop) / Perri (Pokémon Center Lady)",143,Bewear,Default,Quick Claw,Hammer Arm,Ice Punch,Thunder Punch,Swords Dance,Brave,255 HP / 255 Attack,255,255,0,0,0,0,31 all,"27,31 all",Fluffy (1/3) / Klutz (1/3) / Unnerve (1/3),PID-derived species ratio (sex_vector=127),255,NPC + Agency,"73,74,144,145,170,171,187",Trainer IDs 70-89 (27 IV); Trainer IDs 90-189 (31 IV),Fluffy / Klutz / Unnerve,127
"Julien, Sly, Larry, Tony (Cook) / Stein, Cadel (Scientist) / Sika, Paulo (Janitor) / Danby, Izel (Pokémon Breeder) / Dexio (Pokémon Trainer)",144,Turtonator,Default,Normalium Z,Head Smash,Explosion,Overheat,Dragon Claw,Lonely,255 HP / 255 Attack,255,255,0,0,0,0,31 all,"27,31 all",Shell Armor (3/3),PID-derived species ratio (sex_vector=127),255,NPC + Agency,"85,86,110,111,162,163,178,179,182,183,202",Battle Legend/featured IDs 190-205 (31 IV); Trainer IDs 70-89 (27 IV); Trainer IDs 90-189 (31 IV),Shell Armor / Shell Armor / Shell Armor,127
"Arnon, Alim, Anisa, Calliope (Golfer) / Brantley, Camber, Presta, Calder (Firefighter) / Variel, Atalanta (Dancer) / Dolly, Joaquin (Rising Star) / Sika, Paulo (Janitor) / Larry, Tony (Cook)",145,Bruxish,Default,Waterium Z,Psychic Fangs,Aqua Jet,Ice Fang,Rain Dance,Jolly,255 Attack / 255 Speed,0,255,0,255,0,0,31 all,"27,31 all",Dazzling (1/3) / Strong Jaw (1/3) / Wonder Skin (1/3),PID-derived species ratio (sex_vector=127),255,NPC + Agency,"70,71,73,74,88,89,100,101,154,156,162,163,180,181,182,183",Trainer IDs 70-89 (27 IV); Trainer IDs 90-189 (31 IV),Dazzling / Strong Jaw / Wonder Skin,127
"Arnon, Alim (Golfer) / Julien, Sly (Cook) / Stein, Cadel (Scientist) / Christian, Ezra (Sightseer) / Danby, Izel (Pokémon Breeder) / Sam, Dennis (Collector) / Sina (Pokémon Trainer)",146,Drampa,Default,Quick Claw,Hyper Voice,Dragon Pulse,Fire Blast,Roost,Modest,255 HP / 255 Sp. Atk,255,0,0,0,255,0,31 all,"27,31 all",Berserk (1/3) / Sap Sipper (1/3) / Cloud Nine (1/3),PID-derived species ratio (sex_vector=127),255,NPC + Agency,"70,71,85,86,110,111,160,161,178,179,184,185,201",Battle Legend/featured IDs 190-205 (31 IV); Trainer IDs 70-89 (27 IV); Trainer IDs 90-189 (31 IV),Berserk / Sap Sipper / Cloud Nine,127
"Anisa, Calliope (Golfer) / Stein, Cadel (Scientist) / Bette (Ace Trainer) / Xenophon (Veteran) / Sika, Paulo (Janitor) / Danby, Izel (Pokémon Breeder)",147,Dhelmise,Default,Expert Belt,Gyro Ball,Phantom Force,Rock Slide,Brick Break,Adamant,255 HP / 255 Attack,255,255,0,0,0,0,31 all,"27,31 all",Steelworker (3/3),Genderless,255,NPC + Agency,"73,74,110,111,121,123,162,163,178,179",Trainer IDs 70-89 (27 IV); Trainer IDs 90-189 (31 IV),Steelworker / Steelworker / Steelworker,255
"Nedry, Sheridan, Dara, Rada (Pokémon Breeder) / Darrel, Jana (Office Worker) / Dan, Omar (Worker) / Perri (Pokémon Center Lady) / Sophocles (Pokémon Trainer)",148,Togedemaru,Default,Red Card,Zing Zap,Nuzzle,Fell Stinger,Poison Jab,Adamant,255 HP / 255 Attack,255,255,0,0,0,0,31 all,"27,31 all",Iron Barbs (1/3) / Lightning Rod (1/3) / Sturdy (1/3),PID-derived species ratio (sex_vector=127),255,NPC + Agency,"76,77,79,80,144,145,164,165,187,207",Battle Agency event IDs 207-208 (31 IV); Trainer IDs 70-89 (27 IV); Trainer IDs 90-189 (31 IV),Iron Barbs / Lightning Rod / Sturdy,127
"Ignacio, Candy, Demiathena (Veteran) / Victor, Naya (Preschooler) / Donny, Gracie (Madame) / Horace (Ace Trainer)",149,Azelf,Default,Focus Sash,Nasty Plot,Psyshock,Energy Ball,Thunderbolt,Timid,255 Speed / 255 Sp. Atk,0,0,0,255,255,0,31 all,31 all,Levitate (3/3),Genderless,255,NPC + Agency,"125,129,135,137,168,169,186,189",Trainer IDs 90-189 (31 IV),Levitate / Levitate / Levitate,255
"Ignacio, Candy, Dooley (Veteran) / Victor, Naya (Preschooler) / Donny, Gracie (Madame) / Horace (Ace Trainer)",150,Kommo-o,Default,Sitrus Berry,Clanging Scales,Focus Blast,Autotomize,Flash Cannon,Modest,255 HP / 255 Sp. Atk,255,0,0,0,255,0,31 all,31 all,Bulletproof (1/3) / Soundproof (1/3) / Overcoat (1/3),PID-derived species ratio (sex_vector=127),255,NPC + Agency,"125,129,135,137,168,169,186,188",Trainer IDs 90-189 (31 IV),Bulletproof / Soundproof / Overcoat,127
"Jo (Dancer) / Samantha (Lass) / Victor, Naya (Preschooler) / Donny, Gracie (Madame) / Horace (Ace Trainer) / Demiathena (Veteran)",151,Uxie,Default,Quick Claw,Psyshock,Energy Ball,Thunder,Shadow Ball,Modest,255 HP / 255 Sp. Atk,255,0,0,0,255,0,31 all,31 all,Levitate (3/3),Genderless,255,NPC + Agency,"114,132,135,137,168,169,186,189",Trainer IDs 90-189 (31 IV),Levitate / Levitate / Levitate,255
"Tasanee (Dancer) / Victor, Naya (Preschooler) / Donny, Gracie (Madame) / Horace (Ace Trainer) / Demiathena (Veteran)",152,Mesprit,Default,Kasib Berry,Psyshock,Grass Knot,Shadow Ball,Charm,Modest,255 HP / 255 Sp. Atk,255,0,0,0,255,0,31 all,31 all,Levitate (3/3),Genderless,255,NPC + Agency,"115,135,137,168,169,186,189",Trainer IDs 90-189 (31 IV),Levitate / Levitate / Levitate,255
"Kiernan, Gertrude (Pokémon Breeder) / Julien, Sly, Larry, Tony (Cook) / Lea, Sylvia (Ace Trainer) / Boris, Bryson (Black Belt) / Kikujiro (Veteran) / Erix, Marianne (Rising Star)",153,Rotom,Heat,Passho Berry,Thunder Wave,Dark Pulse,Thunderbolt,Overheat,Modest,255 HP / 255 Sp. Atk,255,0,0,0,255,0,31 all,"27,31 all",Levitate (3/3),Genderless,255,NPC + Agency,"78,81,85,86,108,109,112,113,122,155,157,182,183",Trainer IDs 70-89 (27 IV); Trainer IDs 90-189 (31 IV),Levitate / Levitate / Levitate,255
"Nedry, Sheridan (Pokémon Breeder) / Brantley, Camber, Presta, Calder (Firefighter) / Rendor (Police Officer) / Variel, Atalanta (Dancer) / Heidi, Haley (Aether Foundation) / Levi, Bette (Ace Trainer) / Aino, Dooley (Veteran) / Dolly, Joaquin (Rising Star)",154,Rotom,Wash,Rindo Berry,Hydro Pump,Thunderbolt,Thunder Wave,Dark Pulse,Modest,255 HP / 255 Sp. Atk,255,0,0,0,255,0,31 all,"27,31 all",Levitate (3/3),Genderless,255,NPC + Agency,"76,77,88,89,90,100,101,106,107,116,121,126,154,156,180,181,188",Trainer IDs 70-89 (27 IV); Trainer IDs 90-189 (31 IV),Levitate / Levitate / Levitate,255
"Arnon, Alim, Anisa, Calliope (Golfer) / Lou, Benji (Police Officer) / Jo, Tasanee (Dancer) / Munin, Poppy (Ace Trainer) / Xenophon (Veteran) / Savir, Harding (Office Worker) / Zed, Edda (Punk Girl) / Sika, Paulo (Janitor)",155,Rotom,Mow,Grassium Z,Leaf Storm,Volt Switch,Will-O-Wisp,Shadow Ball,Modest,255 HP / 255 Sp. Atk,255,0,0,0,255,0,31 all,"27,31 all",Levitate (3/3),Genderless,255,NPC + Agency,"70,71,73,74,91,92,114,115,118,119,123,142,143,148,149,162,163",Trainer IDs 70-89 (27 IV); Trainer IDs 90-189 (31 IV),Levitate / Levitate / Levitate,255
"Chucky, Iniko, Arnold (Black Belt) / Zed, Edda (Punk Girl) / Dan, Omar (Worker) / Donna, Gilroy (Bellhop) / Presta, Calder (Firefighter) / Sam, Dennis (Collector)",156,Barbaracle,Default,Razor Claw,Stone Edge,Razor Shell,Cross Chop,Shadow Claw,Adamant,255 Attack / 255 Defense,0,255,255,0,0,0,31 all,31 all,Tough Claws (1/3) / Sniper (1/3) / Pickpocket (1/3),PID-derived species ratio (sex_vector=127),255,NPC + Agency,"96,97,98,148,149,164,165,170,171,180,181,184,185",Trainer IDs 90-189 (31 IV),Tough Claws / Sniper / Pickpocket,127
"Rendor (Police Officer) / Chucky (Black Belt) / Haley (Aether Foundation) / Hilario, Thamina (Youth Athlete) / Donna, Gilroy (Bellhop)",157,Hawlucha,Default,Power Herb,Sky Attack,Flying Press,U-turn,Stone Edge,Jolly,255 Attack / 255 Speed,0,255,0,255,0,0,31 all,31 all,Limber (1/3) / Unburden (1/3) / Mold Breaker (1/3),PID-derived species ratio (sex_vector=127),255,NPC + Agency,"90,96,107,152,153,170,171",Trainer IDs 90-189 (31 IV),Limber / Unburden / Mold Breaker,127
"Cal, Tivon, Robyn (Scientist) / Hashim (Ace Trainer) / Darrel, Jana (Office Worker) / Sika, Paulo (Janitor)",158,Carbink,Default,Scope Lens,Explosion,Psychic,Moonblast,Power Gem,Quiet,255 Attack / 255 Sp. Atk,0,255,0,0,255,0,31 all,31 all,Clear Body (2/3) / Sturdy (1/3),Genderless,255,NPC + Agency,"93,94,95,117,144,145,162,163",Trainer IDs 90-189 (31 IV),Clear Body / Clear Body / Sturdy,255
"Harvey, Luke, Heidi, Haley (Aether Foundation) / Presta, Calder (Firefighter) / Larry, Tony (Cook)",159,Pyroar,Default,White Herb,Overheat,Hyper Voice,Dark Pulse,Round,Modest,255 Speed / 255 Sp. Atk,0,0,0,255,255,0,31 all,31 all,Rivalry (1/3) / Unnerve (1/3) / Moxie (1/3),PID-derived species ratio (sex_vector=225),255,NPC + Agency,"102,103,106,107,180,181,182,183",Trainer IDs 90-189 (31 IV),Rivalry / Unnerve / Moxie,225
"Rendor (Police Officer) / Harvey, Luke, Heidi, Haley (Aether Foundation) / Stein, Cadel (Scientist) / Lori, Colby (Pokémon Breeder)",160,Avalugg,Default,Iron Ball,Stone Edge,Avalanche,Gyro Ball,Earthquake,Brave,255 Attack / 255 Defense,0,255,255,0,0,0,31 all,31 all,Own Tempo (1/3) / Ice Body (1/3) / Sturdy (1/3),PID-derived species ratio (sex_vector=127),255,NPC + Agency,"90,102,103,106,107,110,111,176,177",Trainer IDs 90-189 (31 IV),Own Tempo / Ice Body / Sturdy,127
"Chucky, Iniko, Arnold (Black Belt) / Munin (Ace Trainer) / Sam, Dennis (Collector)",161,Tyrantrum,Default,Choice Band,Crunch,Dragon Claw,Earthquake,Head Smash,Adamant,255 Attack / 255 Speed,0,255,0,255,0,0,31 all,31 all,Strong Jaw (2/3) / Rock Head (1/3),PID-derived species ratio (sex_vector=31),255,NPC + Agency,"96,97,98,118,184,185",Trainer IDs 90-189 (31 IV),Strong Jaw / Strong Jaw / Rock Head,31
"Iniko, Arnold (Black Belt) / Harvey, Luke, Heidi, Haley (Aether Foundation) / Dan, Omar (Worker) / Sam, Dennis (Collector)",162,Aurorus,Default,Life Orb,Hyper Beam,Flash Cannon,Thunder,Psychic,Modest,255 Sp. Atk / 255 Sp. Def,0,0,0,0,255,255,31 all,31 all,Refrigerate (2/3) / Snow Warning (1/3),PID-derived species ratio (sex_vector=31),255,NPC + Agency,"97,98,102,103,106,107,164,165,184,185",Trainer IDs 90-189 (31 IV),Refrigerate / Refrigerate / Snow Warning,31
"Granville, Raz (Ace Trainer) / Haley (Aether Foundation) / Leena, Buddy (Youth Athlete) / Larry, Tony (Cook) / Kiawe, Mallow (Captain)",163,Talonflame,Default,Sitrus Berry,Brave Bird,Flare Blitz,Quick Attack,Swords Dance,Adamant,255 Attack / 255 Speed,0,255,0,255,0,0,31 all,31 all,Flame Body (2/3) / Gale Wings (1/3),PID-derived species ratio (sex_vector=127),255,NPC + Agency,"104,105,107,150,151,182,183,199,200",Battle Legend/featured IDs 190-205 (31 IV); Trainer IDs 90-189 (31 IV),Flame Body / Flame Body / Gale Wings,127
"Rendor (Police Officer) / Carrie (Dancer) / Haley (Aether Foundation) / Tamah (Ace Trainer) / Xio, Dooley (Veteran) / Darrel, Jana (Office Worker) / Perri (Pokémon Center Lady)",164,Sylveon,Default,Big Root,Draining Kiss,Baby-Doll Eyes,Psyshock,Misty Terrain,Modest,255 Sp. Atk / 255 Sp. Def,0,0,0,0,255,255,31 all,31 all,Cute Charm (2/3) / Pixilate (1/3),PID-derived species ratio (sex_vector=31),255,NPC + Agency,"90,99,107,120,127,144,145,187,188",Trainer IDs 90-189 (31 IV),Cute Charm / Cute Charm / Pixilate,31
"Chucky, Iniko, Arnold, Boris, Bryson (Black Belt) / Munin, Bette (Ace Trainer) / Niara, Reina (Preschooler)",165,Chesnaught,Default,White Herb,Wood Hammer,Hammer Arm,Earthquake,Stone Edge,Adamant,255 Attack / 255 Defense,0,255,255,0,0,0,31 all,31 all,Overgrow (2/3) / Bulletproof (1/3),PID-derived species ratio (sex_vector=31),255,NPC + Agency,"96,97,98,112,113,118,121,134,136",Trainer IDs 90-189 (31 IV),Overgrow / Overgrow / Bulletproof,31
"Haley (Aether Foundation) / Lea, Sylvia, Levi (Ace Trainer) / Boris, Bryson (Black Belt) / Niara, Reina (Preschooler)",166,Delphox,Default,White Herb,Overheat,Psychic,Shadow Ball,Psyshock,Modest,255 Speed / 255 Sp. Atk,0,0,0,255,255,0,31 all,31 all,Blaze (2/3) / Magician (1/3),PID-derived species ratio (sex_vector=31),255,NPC + Agency,"107,108,109,112,113,116,134,136",Trainer IDs 90-189 (31 IV),Blaze / Blaze / Magician,31
"Variel, Atalanta (Dancer) / Granville, Raz, Hashim, Poppy (Ace Trainer) / Boris, Bryson (Black Belt) / Niara, Reina (Preschooler) / Leena, Buddy, Hilario, Thamina (Youth Athlete)",167,Greninja,Default,Wide Lens,Hydro Pump,Dark Pulse,Blizzard,Extrasensory,Modest,255 Speed / 255 Sp. Atk,0,0,0,255,255,0,31 all,31 all,Torrent (2/3) / Protean (1/3),PID-derived species ratio (sex_vector=31),255,NPC + Agency,"100,101,104,105,112,113,117,119,134,136,150,151,152,153",Trainer IDs 90-189 (31 IV),Torrent / Torrent / Protean,31
"Iniko, Arnold, Boris, Bryson (Black Belt) / Haley (Aether Foundation) / Munin (Ace Trainer) / Donna, Gilroy (Bellhop)",168,Gogoat,Default,Choice Band,Earthquake,Leaf Blade,Wild Charge,Brick Break,Adamant,255 Attack / 255 Speed,0,255,0,255,0,0,31 all,31 all,Sap Sipper (2/3) / Grass Pelt (1/3),PID-derived species ratio (sex_vector=127),255,NPC + Agency,"97,98,107,112,113,118,170,171",Trainer IDs 90-189 (31 IV),Sap Sipper / Sap Sipper / Grass Pelt,127
"Granville, Raz, Munin, Poppy (Ace Trainer) / Haley (Aether Foundation) / Boris, Bryson (Black Belt) / Zed, Edda (Punk Girl) / Leena, Buddy (Youth Athlete)",169,Noivern,Default,Wide Lens,Dragon Pulse,Hurricane,Flamethrower,Focus Blast,Modest,255 Speed / 255 Sp. Atk,0,0,0,255,255,0,31 all,31 all,Frisk (1/3) / Infiltrator (1/3) / Telepathy (1/3),PID-derived species ratio (sex_vector=127),255,NPC + Agency,"104,105,107,112,113,118,119,148,149,150,151",Trainer IDs 90-189 (31 IV),Frisk / Infiltrator / Telepathy,127
"Rendor (Police Officer) / Carrie (Dancer) / Haley (Aether Foundation) / Boris, Bryson (Black Belt) / Tamah (Ace Trainer) / Xio (Veteran) / Darrel, Jana (Office Worker) / Perri (Pokémon Center Lady)",170,Florges,Default,Lum Berry,Round,Petal Dance,Psychic,Moonblast,Modest,255 Sp. Atk / 255 Sp. Def,0,0,0,0,255,255,31 all,31 all,Flower Veil (2/3) / Symbiosis (1/3),Female-only,255,NPC + Agency,"90,99,107,112,113,120,127,144,145,187",Trainer IDs 90-189 (31 IV),Flower Veil / Flower Veil / Symbiosis,254
"Chucky (Black Belt) / Harvey, Luke, Heidi, Haley (Aether Foundation) / Jo, Tasanee (Dancer) / Munin (Ace Trainer) / Victor, Naya (Preschooler) / Darrel, Jana (Office Worker) / Sika, Paulo (Janitor) / Presta, Calder (Firefighter)",171,Goodra,Default,White Herb,Draco Meteor,Thunder,Blizzard,Fire Blast,Modest,255 Sp. Atk / 255 Sp. Def,0,0,0,0,255,255,31 all,31 all,Sap Sipper (1/3) / Hydration (1/3) / Gooey (1/3),PID-derived species ratio (sex_vector=127),255,NPC + Agency,"96,102,103,106,107,114,115,118,135,137,144,145,162,163,180,181",Trainer IDs 90-189 (31 IV),Sap Sipper / Hydration / Gooey,127
"Cal, Tivon, Robyn, Stein, Cadel (Scientist) / Vivek, Stellan (Hiker) / Sika, Paulo (Janitor) / Mallow (Captain)",172,Trevenant,Default,Iron Ball,Trick Room,Focus Blast,Energy Ball,Shadow Ball,Quiet,255 Defense / 255 Sp. Atk,0,0,255,0,255,0,31 all,31 all,Natural Cure (1/3) / Frisk (1/3) / Harvest (1/3),PID-derived species ratio (sex_vector=127),255,NPC + Agency,"93,94,95,110,111,140,141,162,163,200",Battle Legend/featured IDs 190-205 (31 IV); Trainer IDs 90-189 (31 IV),Natural Cure / Frisk / Harvest,127
"Iniko, Arnold (Black Belt) / Haley (Aether Foundation) / Larry, Tony (Cook)",173,Gourgeist,Default,Life Orb,Trick-or-Treat,Phantom Force,Seed Bomb,Rock Slide,Adamant,255 HP / 255 Attack,255,255,0,0,0,0,31 all,31 all,Pickup (1/3) / Frisk (1/3) / Insomnia (1/3),PID-derived species ratio (sex_vector=127),255,NPC + Agency,"97,98,107,182,183",Trainer IDs 90-189 (31 IV),Pickup / Frisk / Insomnia,127
"Harvey, Luke, Heidi, Haley (Aether Foundation) / Sika, Paulo (Janitor) / Presta, Calder (Firefighter) / Larry, Tony (Cook)",174,Clawitzer,Default,Choice Specs,Water Pulse,Dark Pulse,Dragon Pulse,Aura Sphere,Modest,255 Speed / 255 Sp. Atk,0,0,0,255,255,0,31 all,31 all,Mega Launcher (3/3),PID-derived species ratio (sex_vector=127),255,NPC + Agency,"102,103,106,107,162,163,180,181,182,183",Trainer IDs 90-189 (31 IV),Mega Launcher / Mega Launcher / Mega Launcher,127
"Iniko, Arnold (Black Belt) / Haley (Aether Foundation) / Zed, Edda (Punk Girl) / Sika, Paulo (Janitor)",175,Beedrill,Default,Beedrillite,Poison Jab,Pin Missile,Brick Break,Protect,Adamant,255 Attack / 255 Speed,0,255,0,255,0,0,31 all,31 all,Swarm (2/3) / Sniper (1/3),PID-derived species ratio (sex_vector=127),255,NPC + Agency,"97,98,107,148,149,162,163",Trainer IDs 90-189 (31 IV),Swarm / Swarm / Sniper,127
"Cal, Tivon, Robyn, Stein, Cadel (Scientist) / Xio (Veteran) / Vivek, Stellan (Hiker) / Darrel, Jana (Office Worker) / Lori, Colby (Pokémon Breeder) / Larry, Tony (Cook) / Perri (Pokémon Center Lady)",176,Aromatisse,Default,Leftovers,Aromatic Mist,Dazzling Gleam,Heal Pulse,Trick Room,Sassy,255 HP / 255 Sp. Def,255,0,0,0,0,255,31 all,31 all,Healer (2/3) / Aroma Veil (1/3),PID-derived species ratio (sex_vector=127),255,NPC + Agency,"93,94,95,110,111,127,140,141,144,145,176,177,182,183,187",Trainer IDs 90-189 (31 IV),Healer / Healer / Aroma Veil,127
"Dara, Rada (Pokémon Breeder) / Noah (Cook) / Cal, Tivon, Robyn, Stein, Cadel (Scientist) / Harvey, Luke (Aether Foundation) / Darrel, Jana (Office Worker) / Dan, Omar (Worker)",177,Rotom,Fan,Electrium Z,Blizzard,Thunder Wave,Dark Pulse,Thunderbolt,Modest,255 HP / 255 Sp. Atk,255,0,0,0,255,0,31 all,"27,31 all",Levitate (3/3),Genderless,255,NPC + Agency,"79,80,87,93,94,95,102,103,110,111,144,145,164,165",Trainer IDs 70-89 (27 IV); Trainer IDs 90-189 (31 IV),Levitate / Levitate / Levitate,255
"Dyson, Chip, Donna, Gilroy (Bellhop) / Chucky, Iniko, Arnold (Black Belt) / Hashim, Tamah (Ace Trainer) / Etta, Dustin (Punk Guy)",178,Rotom,Frost,Weakness Policy,Air Slash,Thunder Wave,Thunderbolt,Dark Pulse,Modest,255 HP / 255 Sp. Atk,255,0,0,0,255,0,31 all,"27,31 all",Levitate (3/3),Genderless,255,NPC + Agency,"82,83,96,97,98,117,120,146,147,170,171",Trainer IDs 70-89 (27 IV); Trainer IDs 90-189 (31 IV),Levitate / Levitate / Levitate,255
"Arnon, Alim (Golfer) / Nedry, Dara (Pokémon Breeder) / Dyson (Bellhop) / Rendor (Police Officer) / Iniko, Arnold (Black Belt) / Harvey, Heidi (Aether Foundation) / Munin (Ace Trainer) / Kikujiro (Veteran) / Savir, Harding (Office Worker) / Dan, Omar (Worker) / Mechabob, Abel (Gentleman) / Sophocles (Pokémon Trainer)",179,Electivire,Default,Expert Belt,Wild Charge,Earthquake,Fire Punch,Ice Punch,Adamant,255 HP / 255 Attack,255,255,0,0,0,0,31 all,"27,31 all",Motor Drive (2/3) / Vital Spirit (1/3),PID-derived species ratio (sex_vector=63),255,NPC + Agency,"70,71,76,79,82,90,97,98,102,106,118,122,142,143,164,165,166,167,207",Battle Agency event IDs 207-208 (31 IV); Trainer IDs 70-89 (27 IV); Trainer IDs 90-189 (31 IV),Motor Drive / Motor Drive / Vital Spirit,63
"Anisa (Golfer) / Kiernan, Gertrude (Pokémon Breeder) / Julien, Sly, Larry, Tony (Cook) / Chucky, Boris, Bryson (Black Belt) / Luke, Haley (Aether Foundation) / Lea, Sylvia, Levi, Bette (Ace Trainer) / Dolly, Joaquin (Rising Star) / Sam, Dennis (Collector)",180,Magmortar,Default,Air Balloon,Flare Blitz,Cross Chop,Flame Charge,Rock Slide,Adamant,255 HP / 255 Attack,255,255,0,0,0,0,31 all,"27,31 all",Flame Body (2/3) / Vital Spirit (1/3),PID-derived species ratio (sex_vector=63),255,NPC + Agency,"73,78,81,85,86,96,103,107,108,109,112,113,116,121,154,156,182,183,184,185",Trainer IDs 70-89 (27 IV); Trainer IDs 90-189 (31 IV),Flame Body / Flame Body / Vital Spirit,63
"Anisa, Calliope (Golfer) / Nedry, Dara (Pokémon Breeder) / Chip (Bellhop) / Lou, Benji (Police Officer) / Chucky (Black Belt) / Luke, Haley (Aether Foundation) / Hashim, Poppy (Ace Trainer) / Vivek, Stellan (Hiker) / Sika, Paulo (Janitor)",181,Probopass,Default,Quick Claw,Explosion,Rock Blast,Volt Switch,Sandstorm,Jolly,255 Attack / 255 Sp. Def,0,255,0,0,0,255,31 all,"27,31 all",Sturdy (1/3) / Magnet Pull (1/3) / Sand Force (1/3),PID-derived species ratio (sex_vector=127),255,NPC + Agency,"73,74,76,79,83,91,92,96,103,107,117,119,140,141,162,163",Trainer IDs 70-89 (27 IV); Trainer IDs 90-189 (31 IV),Sturdy / Magnet Pull / Sand Force,127
"Arnon, Calliope (Golfer) / Nedry, Sheridan, Dara, Rada (Pokémon Breeder) / Tivon, Robyn, Stein, Cadel (Scientist) / Chucky (Black Belt) / Harvey, Heidi (Aether Foundation) / Tamah (Ace Trainer) / Darrel, Jana (Office Worker) / Donna, Gilroy (Bellhop) / Sam, Dennis (Collector)",182,Lickilicky,Default,Quick Claw,Body Slam,Knock Off,Hammer Arm,Zen Headbutt,Adamant,255 HP / 255 Attack,255,255,0,0,0,0,31 all,"27,31 all",Own Tempo (1/3) / Oblivious (1/3) / Cloud Nine (1/3),PID-derived species ratio (sex_vector=127),255,NPC + Agency,"70,74,76,77,79,80,94,95,96,102,106,110,111,120,144,145,170,171,184,185",Trainer IDs 70-89 (27 IV); Trainer IDs 90-189 (31 IV),Own Tempo / Oblivious / Cloud Nine,127
"Harvey, Luke, Heidi, Haley (Aether Foundation) / Sika, Paulo (Janitor)",183,Minior,Meteor,Sitrus Berry,Rock Slide,Shell Smash,Explosion,Acrobatics,Adamant,255 HP / 255 Attack,255,255,0,0,0,0,31 all,31 all,Shields Down (3/3),Genderless,255,NPC + Agency,"102,103,106,107,162,163",Trainer IDs 90-189 (31 IV),Shields Down / Shields Down / Shields Down,255
Chucky (Black Belt) / Carrie (Dancer) / Haley (Aether Foundation),184,Oricorio,Baile,Choice Specs,Revelation Dance,Hurricane,U-turn,Air Slash,Timid,255 Speed / 255 Sp. Atk,0,0,0,255,255,0,31 all,31 all,Dancer (3/3),PID-derived species ratio (sex_vector=191),255,NPC + Agency,"96,99,107",Trainer IDs 90-189 (31 IV),Dancer / Dancer / Dancer,191
"Lou, Benji (Police Officer) / Haley (Aether Foundation) / Hilario, Thamina (Youth Athlete) / Presta, Calder (Firefighter) / Kukui (Pokémon Trainer)",185,Lycanroc,Midnight,Expert Belt,Sucker Punch,Stone Edge,Thunder Fang,Fire Fang,Adamant,255 HP / 255 Attack,255,255,0,0,0,0,31 all,31 all,Keen Eye (1/3) / Vital Spirit (1/3) / No Guard (1/3),PID-derived species ratio (sex_vector=127),255,NPC + Agency,"91,92,107,152,153,180,181,205",Battle Legend/featured IDs 190-205 (31 IV); Trainer IDs 90-189 (31 IV),Keen Eye / Vital Spirit / No Guard,127
"Rendor (Police Officer) / Carrie (Dancer) / Haley (Aether Foundation) / Darrel, Jana (Office Worker) / Patrick (Golfer) / Mallow (Captain)",186,Comfey,Default,Big Root,Draining Kiss,Calm Mind,Sweet Kiss,Leech Seed,Calm,255 HP / 255 Sp. Def,255,0,0,0,0,255,31 all,31 all,Flower Veil (1/3) / Triage (1/3) / Natural Cure (1/3),PID-derived species ratio (sex_vector=191),255,NPC + Agency,"90,99,107,144,145,172,200",Battle Legend/featured IDs 190-205 (31 IV); Trainer IDs 90-189 (31 IV),Flower Veil / Triage / Natural Cure,191
"Rendor (Police Officer) / Harvey, Luke (Aether Foundation) / Zed, Edda (Punk Girl) / Sika, Paulo (Janitor) / Danby, Izel (Pokémon Breeder) / Presta, Calder (Firefighter) / Plumeria, Guzma (Pokémon Trainer)",187,Toxapex,Default,Black Sludge,Baneful Bunker,Liquidation,Payback,Stockpile,Careful,255 HP / 255 Sp. Def,255,0,0,0,0,255,31 all,31 all,Merciless (1/3) / Limber (1/3) / Regenerator (1/3),PID-derived species ratio (sex_vector=127),255,NPC + Agency,"90,102,103,148,149,162,163,178,179,180,181,197,198",Battle Legend/featured IDs 190-205 (31 IV); Trainer IDs 90-189 (31 IV),Merciless / Limber / Regenerator,127
"Rendor (Police Officer) / Chucky (Black Belt) / Haley (Aether Foundation) / Jo, Tasanee (Dancer) / Hashim (Ace Trainer) / Donna, Gilroy (Bellhop) / Danby, Izel (Pokémon Breeder) / Presta, Calder (Firefighter) / Guzma (Pokémon Trainer)",188,Golisopod,Default,Life Orb,First Impression,Aqua Jet,Sucker Punch,Rock Slide,Adamant,255 HP / 255 Attack,255,255,0,0,0,0,31 all,31 all,Emergency Exit (3/3),PID-derived species ratio (sex_vector=127),255,NPC + Agency,"90,96,107,114,115,117,170,171,178,179,180,181,198",Battle Legend/featured IDs 190-205 (31 IV); Trainer IDs 90-189 (31 IV),Emergency Exit / Emergency Exit / Emergency Exit,127
"Haley (Aether Foundation) / Lea, Sylvia (Ace Trainer) / Darrel, Jana (Office Worker) / Erix, Marianne (Rising Star) / Plumeria (Pokémon Trainer) / Mallow (Captain)",189,Lurantis,Default,Quick Claw,Sunny Day,Solar Blade,X-Scissor,Brick Break,Adamant,255 HP / 255 Attack,255,255,0,0,0,0,31 all,31 all,Leaf Guard (2/3) / Contrary (1/3),PID-derived species ratio (sex_vector=127),255,NPC + Agency,"107,108,109,144,145,155,157,197,200",Battle Legend/featured IDs 190-205 (31 IV); Trainer IDs 90-189 (31 IV),Leaf Guard / Leaf Guard / Contrary,127
"Granville, Raz (Ace Trainer) / Haley (Aether Foundation) / Darrel, Jana (Office Worker) / Leena, Buddy (Youth Athlete) / Larry, Tony (Cook)",190,Ribombee,Default,Expert Belt,Quiver Dance,Dazzling Gleam,Bug Buzz,Energy Ball,Modest,255 HP / 255 Sp. Atk,255,0,0,0,255,0,31 all,31 all,Honey Gather (1/3) / Shield Dust (1/3) / Sweet Veil (1/3),PID-derived species ratio (sex_vector=127),255,NPC + Agency,"104,105,107,144,145,150,151,182,183",Trainer IDs 90-189 (31 IV),Honey Gather / Shield Dust / Sweet Veil,127
"Rendor (Police Officer) / Chucky (Black Belt) / Haley (Aether Foundation) / Hashim, Munin (Ace Trainer) / Savir, Harding (Office Worker) / Christian, Ezra (Sightseer) / Dan, Omar (Worker) / Sophocles (Pokémon Trainer)",191,Vikavolt,Default,Groundium Z,Mud Shot,Thunder,Bug Buzz,Guillotine,Modest,255 HP / 255 Sp. Atk,255,0,0,0,255,0,31 all,31 all,Levitate (3/3),PID-derived species ratio (sex_vector=127),255,NPC + Agency,"90,96,107,117,118,142,143,160,161,164,165,207",Battle Agency event IDs 207-208 (31 IV); Trainer IDs 90-189 (31 IV),Levitate / Levitate / Levitate,127
"Lou, Benji (Police Officer) / Haley (Aether Foundation) / Vivek, Stellan (Hiker) / Dan, Omar (Worker) / Donna, Gilroy (Bellhop) / Danby, Izel (Pokémon Breeder)",192,Mudsdale,Default,Yache Berry,Earthquake,Heavy Slam,Close Combat,Sandstorm,Brave,255 HP / 255 Attack,255,255,0,0,0,0,31 all,31 all,Own Tempo (1/3) / Stamina (1/3) / Inner Focus (1/3),PID-derived species ratio (sex_vector=127),255,NPC + Agency,"91,92,107,140,141,164,165,170,171,178,179",Trainer IDs 90-189 (31 IV),Own Tempo / Stamina / Inner Focus,127
"Chucky (Black Belt) / Heidi, Haley (Aether Foundation) / Jo, Tasanee (Dancer) / Munin, Bette (Ace Trainer) / Niara, Reina (Preschooler) / Kukui (Pokémon Trainer)",193,Decidueye,Default,Bright Powder,Nasty Plot,Shadow Ball,Grass Knot,Baton Pass,Modest,255 HP / 255 Sp. Atk,255,0,0,0,255,0,31 all,31 all,Overgrow (2/3) / Long Reach (1/3),PID-derived species ratio (sex_vector=31),255,NPC + Agency,"96,106,107,114,115,118,121,134,136,205",Battle Legend/featured IDs 190-205 (31 IV); Trainer IDs 90-189 (31 IV),Overgrow / Overgrow / Long Reach,31
"Haley (Aether Foundation) / Lea, Sylvia, Levi, Poppy (Ace Trainer) / Jo, Tasanee (Dancer) / Niara, Reina (Preschooler) / Etta, Dustin (Punk Guy) / Kukui (Pokémon Trainer)",194,Incineroar,Default,Quick Claw,Flare Blitz,Cross Chop,Crunch,U-turn,Adamant,255 HP / 255 Attack,255,255,0,0,0,0,31 all,31 all,Blaze (2/3) / Intimidate (1/3),PID-derived species ratio (sex_vector=31),255,NPC + Agency,"107,108,109,114,115,116,119,134,136,146,147,205",Battle Legend/featured IDs 190-205 (31 IV); Trainer IDs 90-189 (31 IV),Blaze / Blaze / Intimidate,31
"Variel, Atalanta, Jo, Tasanee (Dancer) / Haley (Aether Foundation) / Hashim, Tamah (Ace Trainer) / Xio (Veteran) / Niara, Reina (Preschooler) / Kukui (Pokémon Trainer)",195,Primarina,Default,Waterium Z,Sparkling Aria,Dazzling Gleam,Blizzard,Aqua Jet,Modest,255 HP / 255 Sp. Atk,255,0,0,0,255,0,31 all,31 all,Torrent (2/3) / Liquid Voice (1/3),PID-derived species ratio (sex_vector=31),255,NPC + Agency,"100,101,107,114,115,117,120,127,134,136,205",Battle Legend/featured IDs 190-205 (31 IV); Trainer IDs 90-189 (31 IV),Torrent / Torrent / Liquid Voice,31
"Chucky (Black Belt) / Heidi, Haley (Aether Foundation) / Stein, Cadel (Scientist) / Presta, Calder (Firefighter)",196,Araquanid,Default,Leftovers,Lunge,Liquidation,Poison Jab,Protect,Careful,255 HP / 255 Sp. Def,255,0,0,0,0,255,31 all,31 all,Water Bubble (2/3) / Water Absorb (1/3),PID-derived species ratio (sex_vector=127),255,NPC + Agency,"96,106,107,110,111,180,181",Trainer IDs 90-189 (31 IV),Water Bubble / Water Bubble / Water Absorb,127
"Chucky (Black Belt) / Harvey, Luke, Heidi, Haley (Aether Foundation) / Darrel, Jana (Office Worker) / Donna, Gilroy (Bellhop) / Perri (Pokémon Center Lady)",197,Bewear,Default,Normalium Z,Giga Impact,Hammer Arm,Payback,Earthquake,Adamant,255 HP / 255 Attack,255,255,0,0,0,0,31 all,31 all,Fluffy (1/3) / Klutz (1/3) / Unnerve (1/3),PID-derived species ratio (sex_vector=127),255,NPC + Agency,"96,102,103,106,107,144,145,170,171,187",Trainer IDs 90-189 (31 IV),Fluffy / Klutz / Unnerve,127
"Rendor (Police Officer) / Harvey, Luke (Aether Foundation) / Stein, Cadel (Scientist) / Sika, Paulo (Janitor) / Danby, Izel (Pokémon Breeder) / Larry, Tony (Cook) / Dexio (Pokémon Trainer)",198,Turtonator,Default,Sitrus Berry,Shell Smash,Fire Blast,Dragon Pulse,Flash Cannon,Timid,255 Speed / 255 Sp. Atk,0,0,0,255,255,0,31 all,31 all,Shell Armor (3/3),PID-derived species ratio (sex_vector=127),255,NPC + Agency,"90,102,103,110,111,162,163,178,179,182,183,202",Battle Legend/featured IDs 190-205 (31 IV); Trainer IDs 90-189 (31 IV),Shell Armor / Shell Armor / Shell Armor,127
"Harvey, Luke, Heidi, Haley (Aether Foundation) / Sika, Paulo (Janitor) / Presta, Calder (Firefighter) / Larry, Tony (Cook)",199,Bruxish,Default,Expert Belt,Psychic Fangs,Ice Fang,Aqua Jet,Crunch,Adamant,255 HP / 255 Attack,255,255,0,0,0,0,31 all,31 all,Dazzling (1/3) / Strong Jaw (1/3) / Wonder Skin (1/3),PID-derived species ratio (sex_vector=127),255,NPC + Agency,"102,103,106,107,162,163,180,181,182,183",Trainer IDs 90-189 (31 IV),Dazzling / Strong Jaw / Wonder Skin,127
"Chucky (Black Belt) / Carrie (Dancer) / Haley (Aether Foundation) / Stein, Cadel (Scientist) / Christian, Ezra (Sightseer) / Danby, Izel (Pokémon Breeder) / Sam, Dennis (Collector) / Sina (Pokémon Trainer)",200,Drampa,Default,Dragonium Z,Draco Meteor,Focus Blast,Hurricane,Glare,Timid,255 Speed / 255 Sp. Atk,0,0,0,255,255,0,31 all,31 all,Berserk (1/3) / Sap Sipper (1/3) / Cloud Nine (1/3),PID-derived species ratio (sex_vector=127),255,NPC + Agency,"96,99,107,110,111,160,161,178,179,184,185,201",Battle Legend/featured IDs 190-205 (31 IV); Trainer IDs 90-189 (31 IV),Berserk / Sap Sipper / Cloud Nine,127
"Rendor (Police Officer) / Chucky (Black Belt) / Haley (Aether Foundation) / Stein, Cadel (Scientist) / Bette (Ace Trainer) / Xenophon (Veteran) / Sika, Paulo (Janitor) / Danby, Izel (Pokémon Breeder)",201,Dhelmise,Default,Leftovers,Anchor Shot,Phantom Force,Protect,Giga Drain,Relaxed,255 HP / 255 Defense,255,0,255,0,0,0,31 all,31 all,Steelworker (3/3),Genderless,255,NPC + Agency,"90,96,107,110,111,121,123,162,163,178,179",Trainer IDs 90-189 (31 IV),Steelworker / Steelworker / Steelworker,255
"Harvey, Luke, Heidi, Haley (Aether Foundation) / Darrel, Jana (Office Worker) / Dan, Omar (Worker) / Perri (Pokémon Center Lady) / Sophocles (Pokémon Trainer)",202,Togedemaru,Default,Electrium Z,Endeavor,Zing Zap,U-turn,Spiky Shield,Jolly,255 Attack / 255 Speed,0,255,0,255,0,0,31 all,31 all,Iron Barbs (1/3) / Lightning Rod (1/3) / Sturdy (1/3),PID-derived species ratio (sex_vector=127),255,NPC + Agency,"102,103,106,107,144,145,164,165,187,207",Battle Agency event IDs 207-208 (31 IV); Trainer IDs 90-189 (31 IV),Iron Barbs / Lightning Rod / Sturdy,127
"Ignacio, Candy, Demiathena (Veteran) / Victor, Naya (Preschooler) / Donny, Gracie (Madame) / Horace (Ace Trainer)",203,Azelf,Default,Expert Belt,Psychic,Fire Blast,Thunder,Shadow Ball,Timid,255 Speed / 255 Sp. Atk,0,0,0,255,255,0,31 all,31 all,Levitate (3/3),Genderless,255,NPC + Agency,"125,129,135,137,168,169,186,189",Trainer IDs 90-189 (31 IV),Levitate / Levitate / Levitate,255
"Ignacio, Candy, Dooley (Veteran) / Victor, Naya (Preschooler) / Donny, Gracie (Madame) / Horace (Ace Trainer)",204,Kommo-o,Default,White Herb,Draco Meteor,Outrage,Sky Uppercut,Poison Jab,Adamant,255 HP / 255 Attack,255,255,0,0,0,0,31 all,31 all,Bulletproof (1/3) / Soundproof (1/3) / Overcoat (1/3),PID-derived species ratio (sex_vector=127),255,NPC + Agency,"125,129,135,137,168,169,186,188",Trainer IDs 90-189 (31 IV),Bulletproof / Soundproof / Overcoat,127
"Jo (Dancer) / Samantha (Lass) / Victor, Naya (Preschooler) / Donny, Gracie (Madame) / Horace (Ace Trainer) / Demiathena (Veteran)",205,Uxie,Default,Leftovers,Yawn,Psychic,Charge Beam,Dazzling Gleam,Modest,255 HP / 255 Sp. Atk,255,0,0,0,255,0,31 all,31 all,Levitate (3/3),Genderless,255,NPC + Agency,"114,132,135,137,168,169,186,189",Trainer IDs 90-189 (31 IV),Levitate / Levitate / Levitate,255
"Tasanee (Dancer) / Victor, Naya (Preschooler) / Donny, Gracie (Madame) / Horace (Ace Trainer) / Demiathena (Veteran)",206,Mesprit,Default,Wide Lens,Psychic,Thunder,Blizzard,Protect,Modest,255 HP / 255 Sp. Atk,255,0,0,0,255,0,31 all,31 all,Levitate (3/3),Genderless,255,NPC + Agency,"115,135,137,168,169,186,189",Trainer IDs 90-189 (31 IV),Levitate / Levitate / Levitate,255
"Granville, Raz, Lea, Sylvia (Ace Trainer) / Boris, Bryson (Black Belt) / Kikujiro (Veteran) / Erix, Marianne (Rising Star) / Larry, Tony (Cook)",207,Rotom,Heat,Firium Z,Overheat,Will-O-Wisp,Shadow Ball,Volt Switch,Modest,255 HP / 255 Sp. Atk,255,0,0,0,255,0,31 all,31 all,Levitate (3/3),Genderless,255,NPC + Agency,"104,105,108,109,112,113,122,155,157,182,183",Trainer IDs 90-189 (31 IV),Levitate / Levitate / Levitate,255
"Sophia, Shanta, Rachel, Chan (Lass) / Rocky, Kendra (Preschooler) / Ryder, Beatrice (Rising Star) / Red (Battle Legend)",208,Venusaur,Default,Big Root,Leech Seed,Toxic,Synthesis,Ingrain,Calm,255 HP / 255 Sp. Def,255,0,0,0,0,255,31 all,"19,31 all",Overgrow (2/3) / Chlorophyll (1/3),PID-derived species ratio (sex_vector=31),255,NPC + Agency,"4,5,6,7,10,12,44,47,203",Battle Legend/featured IDs 190-205 (31 IV); Trainer IDs 0-49 (19 IV),Overgrow / Overgrow / Chlorophyll,31
"Rocky, Kendra (Preschooler) / Percy, Conley, Emery (Office Worker) / Parker, Isaac, Ayden (Youth Athlete) / Ryder, Beatrice (Rising Star) / Red (Battle Legend)",209,Charizard,Default,Salac Berry,Dragon Claw,Fire Fang,Belly Drum,Shadow Claw,Careful,170 HP / 170 Speed / 170 Sp. Def,170,0,0,170,0,170,31 all,"19,31 all",Blaze (2/3) / Solar Power (1/3),PID-derived species ratio (sex_vector=31),255,NPC + Agency,"10,12,24,25,26,38,39,40,44,47,203",Battle Legend/featured IDs 190-205 (31 IV); Trainer IDs 0-49 (19 IV),Blaze / Blaze / Solar Power,31
Red (Battle Legend),210,Blastoise,Default,Zoom Lens,Aqua Ring,Rock Slide,Aqua Tail,Iron Defense,Quiet,170 HP / 170 Defense / 170 Sp. Def,170,0,170,0,0,170,31 all,31 all,Torrent (2/3) / Rain Dish (1/3),PID-derived species ratio (sex_vector=31),255,NPC + Agency,203,Battle Legend/featured IDs 190-205 (31 IV),Torrent / Torrent / Rain Dish,31
"Sophia, Shanta, Rachel, Chan (Lass) / Ryder, Beatrice (Rising Star)",211,Meganium,Default,Sitrus Berry,Light Screen,Aromatherapy,Swagger,Solar Beam,Gentle,255 HP / 255 Sp. Def,255,0,0,0,0,255,31 all,19 all,Overgrow (2/3) / Leaf Guard (1/3),PID-derived species ratio (sex_vector=31),255,NPC + Agency,"4,5,6,7,44,47",Trainer IDs 0-49 (19 IV),Overgrow / Overgrow / Leaf Guard,31
"Rocky, Kendra (Preschooler) / Parker, Isaac, Ayden (Youth Athlete) / Ryder, Beatrice (Rising Star) / Ikram, Jerry (Gentleman) / Duncan, Nobunaga (Collector) / Kiernan, Gertrude (Pokémon Breeder)",212,Typhlosion,Default,Passho Berry,Flame Burst,Flamethrower,Solar Beam,Sunny Day,Rash,255 Speed / 255 Sp. Atk,0,0,0,255,255,0,31 all,"19,23,27 all",Blaze (2/3) / Flash Fire (1/3),PID-derived species ratio (sex_vector=31),255,NPC + Agency,"10,12,38,39,40,44,47,63,64,68,69,78,81",Trainer IDs 0-49 (19 IV); Trainer IDs 50-69 (23 IV); Trainer IDs 70-89 (27 IV),Blaze / Blaze / Flash Fire,31
"Darla, Kayla (Backpacker) / Parker, Isaac, Ayden (Youth Athlete) / Ryder, Beatrice (Rising Star)",213,Feraligatr,Default,Lax Incense,Screech,Aqua Jet,Earthquake,Block,Careful,255 HP / 255 Sp. Def,255,0,0,0,0,255,31 all,19 all,Torrent (2/3) / Sheer Force (1/3),PID-derived species ratio (sex_vector=31),255,NPC + Agency,"16,19,38,39,40,44,47",Trainer IDs 0-49 (19 IV),Torrent / Torrent / Sheer Force,31
"Ferdinand, Rico, Jasper (Preschooler) / Ryder, Beatrice (Rising Star)",214,Sceptile,Default,Focus Sash,Quick Attack,Endeavor,Detect,Leaf Storm,Timid,255 Speed / 255 Sp. Atk,0,0,0,255,255,0,31 all,19 all,Overgrow (2/3) / Unburden (1/3),PID-derived species ratio (sex_vector=31),255,NPC + Agency,"8,9,11,44,47",Trainer IDs 0-49 (19 IV),Overgrow / Overgrow / Unburden,31
"Florian, Robin, Max, Bert (Youngster) / Alwyn, Mardea, Gabriella (Youth Athlete) / Ryder, Beatrice (Rising Star)",215,Blaziken,Default,Salac Berry,High Jump Kick,Counter,Flamethrower,Will-O-Wisp,Naughty,170 HP / 170 Defense / 170 Speed,170,0,170,170,0,0,31 all,19 all,Blaze (2/3) / Speed Boost (1/3),PID-derived species ratio (sex_vector=31),255,NPC + Agency,"0,1,2,3,41,42,43,44,47",Trainer IDs 0-49 (19 IV),Blaze / Blaze / Speed Boost,31
"Florian, Robin, Max, Bert (Youngster) / Ryder, Beatrice (Rising Star)",216,Swampert,Default,Jaboca Berry,Mirror Coat,Counter,Earthquake,Roar,Sassy,255 Defense / 255 Sp. Def,0,0,255,0,0,255,31 all,19 all,Torrent (2/3) / Damp (1/3),PID-derived species ratio (sex_vector=31),255,NPC + Agency,"0,1,2,3,44,47",Trainer IDs 0-49 (19 IV),Torrent / Torrent / Damp,31
"Mercy, Helen, Gladys (Preschooler) / Ryder, Beatrice (Rising Star)",217,Torterra,Default,Binding Band,Sand Tomb,Seed Bomb,Curse,Synthesis,Adamant,255 HP / 255 Attack,255,255,0,0,0,0,31 all,19 all,Overgrow (2/3) / Shell Armor (1/3),PID-derived species ratio (sex_vector=31),255,NPC + Agency,"13,14,15,44,47",Trainer IDs 0-49 (19 IV),Overgrow / Overgrow / Shell Armor,31
"Ferdinand, Rico, Rocky, Jasper, Kendra (Preschooler) / Percy, Conley, Emery (Office Worker) / Ryder, Beatrice (Rising Star)",218,Infernape,Default,King's Rock,Fake Out,Encore,Fling,Acrobatics,Jolly,255 Attack / 255 Speed,0,255,0,255,0,0,31 all,19 all,Blaze (2/3) / Iron Fist (1/3),PID-derived species ratio (sex_vector=31),255,NPC + Agency,"8,9,10,11,12,24,25,26,44,47",Trainer IDs 0-49 (19 IV),Blaze / Blaze / Iron Fist,31
"Mercy, Helen, Gladys (Preschooler) / Ryder, Beatrice (Rising Star)",219,Empoleon,Default,Sitrus Berry,Yawn,Swords Dance,Aqua Jet,Metal Claw,Lax,255 HP / 255 Defense,255,0,255,0,0,0,31 all,19 all,Torrent (2/3) / Defiant (1/3),PID-derived species ratio (sex_vector=31),255,NPC + Agency,"13,14,15,44,47",Trainer IDs 0-49 (19 IV),Torrent / Torrent / Defiant,31
"Ferdinand, Rico, Jasper (Preschooler) / Ryder, Beatrice (Rising Star)",220,Serperior,Default,Lum Berry,Attract,Leaf Tornado,Dragon Tail,Gastro Acid,Jolly,170 Defense / 170 Speed / 170 Sp. Def,0,0,170,170,0,170,31 all,19 all,Overgrow (2/3) / Contrary (1/3),PID-derived species ratio (sex_vector=31),255,NPC + Agency,"8,9,11,44,47",Trainer IDs 0-49 (19 IV),Overgrow / Overgrow / Contrary,31
"Sophia, Shanta, Rachel, Chan (Lass) / Ryder, Beatrice (Rising Star)",221,Emboar,Default,Chesto Berry,Gyro Ball,Curse,Rest,Sleep Talk,Careful,255 HP / 255 Sp. Def,255,0,0,0,0,255,31 all,19 all,Blaze (2/3) / Reckless (1/3),PID-derived species ratio (sex_vector=31),255,NPC + Agency,"4,5,6,7,44,47",Trainer IDs 0-49 (19 IV),Blaze / Blaze / Reckless,31
"Ferdinand, Rico, Jasper (Preschooler) / Ryder, Beatrice (Rising Star)",222,Samurott,Default,Normalium Z,Retaliate,Razor Shell,Assurance,Encore,Mild,255 HP / 255 Attack,255,255,0,0,0,0,31 all,19 all,Torrent (2/3) / Shell Armor (1/3),PID-derived species ratio (sex_vector=31),255,NPC + Agency,"8,9,11,44,47",Trainer IDs 0-49 (19 IV),Torrent / Torrent / Shell Armor,31
"Florian, Robin, Max, Bert (Youngster) / Buster, Arlo, Levine (Hiker) / Parker, Isaac, Ayden, Alwyn, Mardea, Gabriella (Youth Athlete) / Xaden, Giles (Janitor) / Skip (Worker)",223,Dugtrio,Alolan,Expert Belt,Dig,Rock Slide,Iron Head,Sandstorm,Hasty,255 Attack / 255 Speed,0,255,0,255,0,0,31 all,"19,23 all",Sand Veil (1/3) / Tangling Hair (1/3) / Sand Force (1/3),PID-derived species ratio (sex_vector=127),255,NPC + Agency,"0,1,2,3,21,22,23,38,39,40,41,42,43,57,58,59",Trainer IDs 0-49 (19 IV); Trainer IDs 50-69 (23 IV),Sand Veil / Tangling Hair / Sand Force,127
"Sophia, Shanta, Rachel, Chan (Lass) / Buster (Hiker) / Parker, Isaac, Ayden, Alwyn, Mardea, Gabriella (Youth Athlete) / Cooper, Darien, Kaula, Charlene (Sightseer) / Giovanni (Pokémon Trainer)",224,Marowak,Default,Red Card,Bone Rush,Double Kick,Endeavor,Smack Down,Sassy,255 HP / 255 Sp. Def,255,0,0,0,0,255,31 all,"19,23,31 all",Rock Head (1/3) / Lightning Rod (1/3) / Battle Armor (1/3),PID-derived species ratio (sex_vector=127),255,NPC + Agency,"4,5,6,7,21,38,39,40,41,42,43,50,51,53,54,208",Battle Agency event IDs 207-208 (31 IV); Trainer IDs 0-49 (19 IV); Trainer IDs 50-69 (23 IV),Rock Head / Lightning Rod / Battle Armor,127
"Cleavant, Buster (Hiker) / Percy, Conley, Emery (Office Worker) / Skip (Worker) / Cheryl (Madame)",225,Medicham,Default,Fightinium Z,Fake Out,High Jump Kick,Bulk Up,Feint,Impish,255 HP / 255 Speed,255,0,0,255,0,0,31 all,"19,23 all",Pure Power (2/3) / Telepathy (1/3),PID-derived species ratio (sex_vector=127),255,NPC + Agency,"20,21,24,25,26,59,65",Trainer IDs 0-49 (19 IV); Trainer IDs 50-69 (23 IV),Pure Power / Pure Power / Telepathy,127
"Parker, Isaac, Ayden, Alwyn, Mardea, Gabriella (Youth Athlete) / Ryder, Beatrice (Rising Star) / Blue (Battle Legend)",226,Pidgeot,Default,Charti Berry,Aerial Ace,Steel Wing,Thief,Roost,Jolly,255 Attack / 255 Speed,0,255,0,255,0,0,31 all,"19,31 all",Keen Eye (1/3) / Tangled Feet (1/3) / Big Pecks (1/3),PID-derived species ratio (sex_vector=127),255,NPC + Agency,"38,39,40,41,42,43,44,47,204",Battle Legend/featured IDs 190-205 (31 IV); Trainer IDs 0-49 (19 IV),Keen Eye / Tangled Feet / Big Pecks,127
"Florian, Robin, Max, Bert (Youngster) / Ferdinand, Rico, Jasper, Mercy, Helen, Gladys (Preschooler) / Arlo, Levine (Hiker) / Percy, Conley, Emery, Winnie, Prudence, Dominica (Office Worker) / Hart, Odessa (Sightseer)",227,Mawile,Default,Quick Claw,Crunch,Sucker Punch,Iron Head,Taunt,Adamant,255 HP / 255 Attack,255,255,0,0,0,0,31 all,"19,23 all",Hyper Cutter (1/3) / Intimidate (1/3) / Sheer Force (1/3),PID-derived species ratio (sex_vector=127),255,NPC + Agency,"0,1,2,3,8,9,11,13,14,15,22,23,24,25,26,27,28,29,52,55",Trainer IDs 0-49 (19 IV); Trainer IDs 50-69 (23 IV),Hyper Cutter / Intimidate / Sheer Force,127
"Mercy, Helen, Gladys (Preschooler) / Buster (Hiker) / Cooper, Darien (Sightseer)",228,Banette,Default,Muscle Band,Knock Off,Shadow Claw,Curse,Pursuit,Adamant,255 HP / 255 Attack,255,255,0,0,0,0,31 all,"19,23 all",Insomnia (1/3) / Frisk (1/3) / Cursed Body (1/3),PID-derived species ratio (sex_vector=127),255,NPC + Agency,"13,14,15,21,50,51",Trainer IDs 0-49 (19 IV); Trainer IDs 50-69 (23 IV),Insomnia / Frisk / Cursed Body,127
"Florian, Robin, Max, Bert (Youngster) / Kass, Scoop, Dylan, Evander (Punk Guy) / Myrna, Eva, Agrata, Abby (Punk Girl) / Ryder, Beatrice (Rising Star)",229,Sableye,Default,Lax Incense,Knock Off,Shadow Ball,Confuse Ray,Recover,Bold,255 HP / 255 Defense,255,0,255,0,0,0,31 all,19 all,Keen Eye (1/3) / Stall (1/3) / Prankster (1/3),PID-derived species ratio (sex_vector=127),255,NPC + Agency,"0,1,2,3,30,31,32,33,34,35,36,37,44,47",Trainer IDs 0-49 (19 IV),Keen Eye / Stall / Prankster,127
"Sophia, Shanta, Rachel, Chan (Lass) / Winnie, Prudence, Dominica (Office Worker) / Skip (Worker)",230,Lanturn,Default,Salac Berry,Thunder Wave,Volt Switch,Waterfall,Agility,Naughty,255 Attack / 255 Speed,0,255,0,255,0,0,31 all,"19,23 all",Volt Absorb (1/3) / Illuminate (1/3) / Water Absorb (1/3),PID-derived species ratio (sex_vector=127),255,NPC + Agency,"4,5,6,7,27,28,29,59",Trainer IDs 0-49 (19 IV); Trainer IDs 50-69 (23 IV),Volt Absorb / Illuminate / Water Absorb,127
"Ferdinand, Rico, Jasper (Preschooler) / Winnie, Prudence, Dominica (Office Worker) / Cooper, Darien (Sightseer)",231,Breloom,Default,Fightinium Z,Fake Tears,Helping Hand,Mach Punch,Stun Spore,Brave,255 HP / 255 Attack,255,255,0,0,0,0,31 all,"19,23 all",Effect Spore (1/3) / Poison Heal (1/3) / Technician (1/3),PID-derived species ratio (sex_vector=127),255,NPC + Agency,"8,9,11,27,28,29,50,51",Trainer IDs 0-49 (19 IV); Trainer IDs 50-69 (23 IV),Effect Spore / Poison Heal / Technician,127
"Ferdinand, Rico, Jasper, Mercy, Helen, Gladys (Preschooler) / Darla, Kayla (Backpacker) / Ryder, Beatrice (Rising Star)",232,Audino,Default,Leftovers,Heal Pulse,Toxic,Thunder Wave,Draining Kiss,Bold,255 HP / 255 Defense,255,0,255,0,0,0,31 all,19 all,Healer (1/3) / Regenerator (1/3) / Klutz (1/3),PID-derived species ratio (sex_vector=127),255,NPC + Agency,"8,9,11,13,14,15,16,19,44,47",Trainer IDs 0-49 (19 IV),Healer / Regenerator / Klutz,127
"Cleavant (Hiker) / Percy, Conley, Emery (Office Worker) / Myrna, Eva, Agrata, Abby (Punk Girl) / Jairo (Janitor) / Duncan, Nobunaga (Collector)",233,Skarmory,Default,Lax Incense,Spikes,Stealth Rock,Sky Drop,Whirlwind,Naive,255 HP / 255 Speed,255,0,0,255,0,0,31 all,"19,23 all",Keen Eye (1/3) / Sturdy (1/3) / Weak Armor (1/3),PID-derived species ratio (sex_vector=127),255,NPC + Agency,"20,24,25,26,34,35,36,37,56,68,69",Trainer IDs 0-49 (19 IV); Trainer IDs 50-69 (23 IV),Keen Eye / Sturdy / Weak Armor,127
"Hart, Odessa (Sightseer) / Henry (Gentleman)",234,Absol,Default,Sitrus Berry,Payback,Mean Look,Double Team,Baton Pass,Careful,170 HP / 170 Defense / 170 Sp. Def,170,0,170,0,0,170,31 all,23 all,Pressure (1/3) / Super Luck (1/3) / Justified (1/3),PID-derived species ratio (sex_vector=127),255,NPC + Agency,"52,55,62",Trainer IDs 50-69 (23 IV),Pressure / Super Luck / Justified,127
"Kass, Scoop, Dylan, Evander (Punk Guy) / Myrna, Eva, Agrata, Abby (Punk Girl) / Ryder, Beatrice (Rising Star)",235,Sharpedo,Default,Muscle Band,Aqua Jet,Ice Fang,Crunch,Bulldoze,Adamant,255 Attack / 255 Speed,0,255,0,255,0,0,31 all,19 all,Rough Skin (2/3) / Speed Boost (1/3),PID-derived species ratio (sex_vector=127),255,NPC + Agency,"30,31,32,33,34,35,36,37,44,47",Trainer IDs 0-49 (19 IV),Rough Skin / Rough Skin / Speed Boost,127
"Sophia, Shanta, Rachel, Chan (Lass) / Parker, Isaac, Ayden, Alwyn, Mardea, Gabriella (Youth Athlete)",236,Hariyama,Default,King's Rock,Feint,Fake Out,Smack Down,Vital Throw,Brave,170 Attack / 170 Defense / 170 Sp. Def,0,170,170,0,0,170,31 all,19 all,Thick Fat (1/3) / Guts (1/3) / Sheer Force (1/3),PID-derived species ratio (sex_vector=63),255,NPC + Agency,"4,5,6,7,38,39,40,41,42,43",Trainer IDs 0-49 (19 IV),Thick Fat / Guts / Sheer Force,63
"Florian, Robin, Max, Bert (Youngster) / Cooper, Darien, Hart, Odessa (Sightseer) / Cheryl (Madame)",237,Vespiquen,Default,Quick Claw,Defend Order,Toxic,Protect,Heal Order,Sassy,170 HP / 170 Defense / 170 Sp. Def,170,0,170,0,0,170,31 all,"19,23 all",Pressure (2/3) / Unnerve (1/3),Female-only,255,NPC + Agency,"0,1,2,3,50,51,52,55,65",Trainer IDs 0-49 (19 IV); Trainer IDs 50-69 (23 IV),Pressure / Pressure / Unnerve,254
"Florian, Robin, Max, Bert (Youngster) / Ferdinand, Rico, Jasper, Mercy, Helen, Gladys (Preschooler) / Darla, Kayla (Backpacker) / Percy, Conley, Emery (Office Worker)",238,Raichu,Alolan,Twisted Spoon,Volt Switch,Safeguard,Psyshock,Disarming Voice,Modest,255 Speed / 255 Sp. Atk,0,0,0,255,255,0,31 all,19 all,Surge Surfer (3/3),PID-derived species ratio (sex_vector=127),255,NPC + Agency,"0,1,2,3,8,9,11,13,14,15,16,19,24,25,26",Trainer IDs 0-49 (19 IV),Surge Surfer / Surge Surfer / Surge Surfer,127
"Kass, Scoop, Dylan, Evander (Punk Guy) / Myrna, Eva, Agrata, Abby (Punk Girl) / Ryder, Christopher, Beatrice, Brandi (Rising Star) / JT, Benjamin (Worker)",239,Glalie,Default,Icy Rock,Hail,Blizzard,Shadow Ball,Weather Ball,Bold,255 HP / 255 Defense,255,0,255,0,0,0,31 all,"19,23 all",Inner Focus (1/3) / Ice Body (1/3) / Moody (1/3),PID-derived species ratio (sex_vector=127),255,NPC + Agency,"30,31,32,33,34,35,36,37,44,45,47,48,60,61",Trainer IDs 0-49 (19 IV); Trainer IDs 50-69 (23 IV),Inner Focus / Ice Body / Moody,127
"Darla, Kayla (Backpacker) / Percy, Conley, Emery (Office Worker) / Parker, Isaac, Ayden, Alwyn, Mardea, Gabriella (Youth Athlete)",240,Manectric,Default,Life Orb,Crunch,Odor Sleuth,Quick Attack,Wild Charge,Adamant,255 Attack / 255 Speed,0,255,0,255,0,0,31 all,19 all,Static (1/3) / Lightning Rod (1/3) / Minus (1/3),PID-derived species ratio (sex_vector=127),255,NPC + Agency,"16,19,24,25,26,38,39,40,41,42,43",Trainer IDs 0-49 (19 IV),Static / Lightning Rod / Minus,127
"Kass, Scoop, Dylan, Evander (Punk Guy) / Parker, Isaac, Ayden, Alwyn, Mardea, Gabriella (Youth Athlete) / Hart, Odessa (Sightseer)",241,Staraptor,Default,Focus Sash,U-turn,Feather Dance,Quick Attack,Endeavor,Hasty,255 Attack / 255 Speed,0,255,0,255,0,0,31 all,"19,23 all",Intimidate (2/3) / Reckless (1/3),PID-derived species ratio (sex_vector=127),255,NPC + Agency,"30,31,32,33,38,39,40,41,42,43,52,55",Trainer IDs 0-49 (19 IV); Trainer IDs 50-69 (23 IV),Intimidate / Intimidate / Reckless,127
"Buster (Hiker) / Myrna, Eva, Agrata, Abby (Punk Girl) / Alwyn, Mardea, Gabriella (Youth Athlete) / Sorley, Marsha (Rising Star) / Xaden, Giles (Janitor) / Christy, Verna (Madame) / Brantley, Camber (Firefighter)",242,Gastrodon,Default,Damp Rock,Rain Dance,Sludge Bomb,Muddy Water,Counter,Gentle,255 Sp. Atk / 255 Sp. Def,0,0,0,0,255,255,31 all,"19,23,27 all",Sticky Hold (1/3) / Storm Drain (1/3) / Sand Force (1/3),PID-derived species ratio (sex_vector=127),255,NPC + Agency,"21,34,35,36,37,41,42,43,46,49,57,58,66,67,88,89",Trainer IDs 0-49 (19 IV); Trainer IDs 50-69 (23 IV); Trainer IDs 70-89 (27 IV),Sticky Hold / Storm Drain / Sand Force,127
"Buster (Hiker) / Myrna, Eva, Agrata, Abby (Punk Girl) / Ryder, Beatrice (Rising Star)",243,Camerupt,Default,Passho Berry,Yawn,Flamethrower,Earthquake,Stone Edge,Lonely,255 HP / 255 Attack,255,255,0,0,0,0,31 all,19 all,Magma Armor (1/3) / Solid Rock (1/3) / Anger Point (1/3),PID-derived species ratio (sex_vector=127),255,NPC + Agency,"21,34,35,36,37,44,47",Trainer IDs 0-49 (19 IV),Magma Armor / Solid Rock / Anger Point,127
"Darla, Kayla (Backpacker) / Cleavant, Buster (Hiker) / Kass, Scoop, Dylan, Evander (Punk Guy) / Kaula, Charlene (Sightseer) / Jairo (Janitor)",244,Sawk,Default,Black Belt,Low Sweep,Quick Guard,Retaliate,Taunt,Naughty,255 Attack / 255 Speed,0,255,0,255,0,0,31 all,"19,23 all",Sturdy (1/3) / Inner Focus (1/3) / Mold Breaker (1/3),Male-only,255,NPC + Agency,"16,19,20,21,30,31,32,33,53,54,56",Trainer IDs 0-49 (19 IV); Trainer IDs 50-69 (23 IV),Sturdy / Inner Focus / Mold Breaker,0
"Darla, Kayla (Backpacker) / Cleavant, Buster (Hiker) / Kass, Scoop, Dylan, Evander (Punk Guy) / Cooper, Darien (Sightseer) / Skip (Worker)",245,Throh,Default,Payapa Berry,Protect,Toxic,Circle Throw,Wide Guard,Impish,255 Attack / 255 Defense,0,255,255,0,0,0,31 all,"19,23 all",Guts (1/3) / Inner Focus (1/3) / Mold Breaker (1/3),Male-only,255,NPC + Agency,"16,19,20,21,30,31,32,33,50,51,59",Trainer IDs 0-49 (19 IV); Trainer IDs 50-69 (23 IV),Guts / Inner Focus / Mold Breaker,0
"Florian, Robin, Max, Bert (Youngster) / Kaula, Charlene (Sightseer) / Cheryl (Madame)",246,Unfezant,Default,Enigma Berry,Aerial Ace,U-turn,Razor Wind,Tailwind,Jolly,170 HP / 170 Attack / 170 Defense,170,170,170,0,0,0,31 all,"19,23 all",Big Pecks (1/3) / Super Luck (1/3) / Rivalry (1/3),PID-derived species ratio (sex_vector=127),255,NPC + Agency,"0,1,2,3,53,54,65",Trainer IDs 0-49 (19 IV); Trainer IDs 50-69 (23 IV),Big Pecks / Super Luck / Rivalry,127
"Sophia, Shanta, Rachel, Chan (Lass) / Percy, Conley, Emery, Winnie, Prudence, Dominica (Office Worker) / Sorley, Marsha (Rising Star) / Christy, Verna (Madame) / Brantley, Camber (Firefighter) / Variel, Atalanta (Dancer)",247,Pelipper,Default,Sea Incense,Surf,Tailwind,Blizzard,Hurricane,Modest,170 HP / 170 Speed / 170 Sp. Atk,170,0,0,170,170,0,31 all,"19,23,27,31 all",Keen Eye (1/3) / Drizzle (1/3) / Rain Dish (1/3),PID-derived species ratio (sex_vector=127),255,NPC + Agency,"4,5,6,7,24,25,26,27,28,29,46,49,66,67,88,89,100,101",Trainer IDs 0-49 (19 IV); Trainer IDs 50-69 (23 IV); Trainer IDs 70-89 (27 IV); Trainer IDs 90-189 (31 IV),Keen Eye / Drizzle / Rain Dish,127
"Florian, Robin, Max, Bert (Youngster) / Kass, Scoop, Dylan, Evander (Punk Guy) / Myrna, Eva, Agrata, Abby (Punk Girl) / Jairo (Janitor)",248,Amoonguss,Default,Petaya Berry,Energy Ball,Venoshock,Toxic,Confide,Calm,255 Sp. Atk / 255 Sp. Def,0,0,0,0,255,255,31 all,"19,23 all",Effect Spore (2/3) / Regenerator (1/3),PID-derived species ratio (sex_vector=127),255,NPC + Agency,"0,1,2,3,30,31,32,33,34,35,36,37,56",Trainer IDs 0-49 (19 IV); Trainer IDs 50-69 (23 IV),Effect Spore / Effect Spore / Regenerator,127
"Percy, Conley, Emery (Office Worker) / Parker, Isaac, Ayden, Alwyn, Mardea, Gabriella (Youth Athlete) / Skip (Worker)",249,Electrode,Default,Shuca Berry,Swagger,Light Screen,Charge Beam,Thunder Wave,Calm,255 HP / 255 Sp. Def,255,0,0,0,0,255,31 all,"19,23 all",Soundproof (1/3) / Static (1/3) / Aftermath (1/3),Genderless,255,NPC + Agency,"24,25,26,38,39,40,41,42,43,59",Trainer IDs 0-49 (19 IV); Trainer IDs 50-69 (23 IV),Soundproof / Static / Aftermath,255
"Sophia, Shanta, Rachel, Chan (Lass) / Winnie, Prudence, Dominica (Office Worker) / Parker, Isaac, Ayden, Alwyn, Mardea, Gabriella (Youth Athlete) / Sorley, Marsha (Rising Star) / Brantley, Camber (Firefighter)",250,Ludicolo,Default,Leftovers,Leech Seed,Toxic,Giga Drain,Rain Dance,Lax,170 HP / 170 Defense / 170 Sp. Atk,170,0,170,0,170,0,31 all,"19,27 all",Swift Swim (1/3) / Rain Dish (1/3) / Own Tempo (1/3),PID-derived species ratio (sex_vector=127),255,NPC + Agency,"4,5,6,7,27,28,29,38,39,40,41,42,43,46,49,88,89",Trainer IDs 0-49 (19 IV); Trainer IDs 70-89 (27 IV),Swift Swim / Rain Dish / Own Tempo,127
"Rocky, Kendra (Preschooler) / Kass, Scoop, Dylan, Evander (Punk Guy) / Myrna, Eva, Agrata, Abby (Punk Girl) / Henry (Gentleman) / Christy, Verna (Madame)",251,Shiftry,Default,Iron Ball,Fling,Razor Leaf,Brick Break,Swords Dance,Brave,170 HP / 170 Attack / 170 Sp. Def,170,170,0,0,0,170,31 all,"19,23 all",Chlorophyll (1/3) / Early Bird (1/3) / Pickpocket (1/3),PID-derived species ratio (sex_vector=127),255,NPC + Agency,"10,12,30,31,32,33,34,35,36,37,62,66,67",Trainer IDs 0-49 (19 IV); Trainer IDs 50-69 (23 IV),Chlorophyll / Early Bird / Pickpocket,127
"Sophia, Shanta, Rachel, Chan (Lass) / Ferdinand, Rico, Jasper, Mercy, Helen, Gladys (Preschooler) / Kass, Scoop, Dylan, Evander (Punk Guy) / Myrna, Eva, Agrata, Abby (Punk Girl)",252,Exploud,Default,Chople Berry,Fire Blast,Roar,Uproar,Hyper Voice,Modest,255 Defense / 255 Sp. Atk,0,0,255,0,255,0,31 all,19 all,Soundproof (2/3) / Scrappy (1/3),PID-derived species ratio (sex_vector=127),255,NPC + Agency,"4,5,6,7,8,9,11,13,14,15,30,31,32,33,34,35,36,37",Trainer IDs 0-49 (19 IV),Soundproof / Soundproof / Scrappy,127
"Ferdinand, Rico, Jasper, Mercy, Helen, Gladys (Preschooler) / Darla, Kayla (Backpacker) / Ryder, Beatrice (Rising Star)",253,Lopunny,Default,Toxic Orb,Fake Out,Encore,Fling,Dizzy Punch,Naive,255 HP / 255 Speed,255,0,0,255,0,0,31 all,19 all,Cute Charm (1/3) / Klutz (1/3) / Limber (1/3),PID-derived species ratio (sex_vector=127),255,NPC + Agency,"8,9,11,13,14,15,16,19,44,47",Trainer IDs 0-49 (19 IV),Cute Charm / Klutz / Limber,127
"Winnie, Prudence, Dominica (Office Worker) / Parker, Isaac, Ayden, Alwyn, Mardea, Gabriella (Youth Athlete) / Christopher, Brandi (Rising Star) / JT, Benjamin (Worker) / Cheryl (Madame)",254,Froslass,Default,Colbur Berry,Hail,Ice Beam,Ominous Wind,Thunderbolt,Timid,255 Speed / 255 Sp. Atk,0,0,0,255,255,0,31 all,"19,23 all",Snow Cloak (2/3) / Cursed Body (1/3),Female-only,255,NPC + Agency,"27,28,29,38,39,40,41,42,43,45,48,60,61,65",Trainer IDs 0-49 (19 IV); Trainer IDs 50-69 (23 IV),Snow Cloak / Snow Cloak / Cursed Body,254
"Cleavant (Hiker) / Winnie, Prudence, Dominica (Office Worker) / Parker, Isaac, Ayden (Youth Athlete) / Cheryl (Madame) / Duncan, Nobunaga (Collector)",255,Lilligant,Default,Persim Berry,Charm,Sleep Powder,Petal Dance,Healing Wish,Timid,255 Speed / 255 Sp. Atk,0,0,0,255,255,0,31 all,"19,23 all",Chlorophyll (1/3) / Own Tempo (1/3) / Leaf Guard (1/3),Female-only,255,NPC + Agency,"20,27,28,29,38,39,40,65,68,69",Trainer IDs 0-49 (19 IV); Trainer IDs 50-69 (23 IV),Chlorophyll / Own Tempo / Leaf Guard,254
"Ferdinand, Rico, Jasper, Mercy, Helen, Gladys (Preschooler) / Percy, Conley, Emery (Office Worker)",256,Darmanitan,Default,Firium Z,Fire Punch,Psychic,Protect,Will-O-Wisp,Naive,255 HP / 255 Speed,255,0,0,255,0,0,31 all,19 all,Sheer Force (2/3) / Zen Mode (1/3),PID-derived species ratio (sex_vector=127),255,NPC + Agency,"8,9,11,13,14,15,24,25,26",Trainer IDs 0-49 (19 IV),Sheer Force / Sheer Force / Zen Mode,127
"Sophia, Shanta, Rachel, Chan (Lass) / Ferdinand, Rico, Jasper, Mercy, Helen, Gladys (Preschooler) / Darla, Kayla (Backpacker) / Winnie, Prudence, Dominica (Office Worker)",257,Ambipom,Default,King's Rock,Fake Out,Fling,Thief,U-turn,Naive,255 Attack / 255 Speed,0,255,0,255,0,0,31 all,19 all,Technician (1/3) / Pickup (1/3) / Skill Link (1/3),PID-derived species ratio (sex_vector=127),255,NPC + Agency,"4,5,6,7,8,9,11,13,14,15,16,19,27,28,29",Trainer IDs 0-49 (19 IV),Technician / Pickup / Skill Link,127
"Tammy, Reese (Backpacker) / Myrna, Eva, Agrata, Abby (Punk Girl) / Kaula, Charlene (Sightseer) / Jairo (Janitor) / Henry (Gentleman)",258,Cofagrigus,Default,Chesto Berry,Night Shade,Will-O-Wisp,Mean Look,Rest,Sassy,255 HP / 255 Sp. Def,255,0,0,0,0,255,31 all,"19,23 all",Mummy (3/3),PID-derived species ratio (sex_vector=127),255,NPC + Agency,"17,18,34,35,36,37,53,54,56,62",Trainer IDs 0-49 (19 IV); Trainer IDs 50-69 (23 IV),Mummy / Mummy / Mummy,127
"Cooper, Darien (Sightseer)",259,Golurk,Default,Muscle Band,Shadow Punch,Iron Defense,Bulldoze,Heavy Slam,Lonely,255 HP / 255 Sp. Def,255,0,0,0,0,255,31 all,23 all,Iron Fist (1/3) / Klutz (1/3) / No Guard (1/3),Genderless,255,NPC + Agency,"50,51",Trainer IDs 50-69 (23 IV),Iron Fist / Klutz / No Guard,255
"Florian, Robin, Max, Bert (Youngster) / Darla, Kayla (Backpacker) / Percy, Conley, Emery (Office Worker)",260,Durant,Default,Sitrus Berry,Crunch,Dig,Bug Bite,Metal Sound,Naive,170 HP / 170 Attack / 170 Speed,170,170,0,170,0,0,31 all,19 all,Swarm (1/3) / Hustle (1/3) / Truant (1/3),PID-derived species ratio (sex_vector=127),255,NPC + Agency,"0,1,2,3,16,19,24,25,26",Trainer IDs 0-49 (19 IV),Swarm / Hustle / Truant,127
"Ferdinand, Rico, Jasper (Preschooler) / Buster (Hiker) / Ryder (Rising Star) / Jairo (Janitor) / Skip (Worker) / Sophocles (Pokémon Trainer)",261,Golem,Alolan,Air Balloon,Wild Charge,Double-Edge,Rock Blast,Earthquake,Brave,255 HP / 255 Attack,255,255,0,0,0,0,31 all,"19,23,31 all",Magnet Pull (1/3) / Sturdy (1/3) / Galvanize (1/3),PID-derived species ratio (sex_vector=127),255,NPC + Agency,"8,9,11,21,44,56,59,207",Battle Agency event IDs 207-208 (31 IV); Trainer IDs 0-49 (19 IV); Trainer IDs 50-69 (23 IV),Magnet Pull / Sturdy / Galvanize,127
"Sophia, Shanta, Rachel, Chan (Lass) / Ryder, Beatrice (Rising Star)",262,Slowbro,Default,Sitrus Berry,Yawn,Psychic,Calm Mind,Water Pulse,Bold,255 HP / 255 Defense,255,0,255,0,0,0,31 all,19 all,Oblivious (1/3) / Own Tempo (1/3) / Regenerator (1/3),PID-derived species ratio (sex_vector=127),255,NPC + Agency,"4,5,6,7,44,47",Trainer IDs 0-49 (19 IV),Oblivious / Own Tempo / Regenerator,127
"Kass, Scoop, Dylan, Evander (Punk Guy) / Myrna, Eva, Agrata, Abby (Punk Girl) / Jairo (Janitor)",263,Weezing,Default,Payapa Berry,Pain Split,Explosion,Haze,Will-O-Wisp,Impish,255 HP / 255 Defense,255,0,255,0,0,0,31 all,"19,23 all",Levitate (3/3),PID-derived species ratio (sex_vector=127),255,NPC + Agency,"30,31,32,33,34,35,36,37,56",Trainer IDs 0-49 (19 IV); Trainer IDs 50-69 (23 IV),Levitate / Levitate / Levitate,127
"Sophia, Shanta, Rachel, Chan (Lass) / Mercy, Helen, Gladys (Preschooler) / Cleavant (Hiker) / Duncan, Nobunaga (Collector)",264,Kangaskhan,Default,Normalium Z,Dizzy Punch,Fake Out,Chip Away,Roar,Adamant,255 Attack / 255 Speed,0,255,0,255,0,0,31 all,"19,23 all",Early Bird (1/3) / Scrappy (1/3) / Inner Focus (1/3),Female-only,255,NPC + Agency,"4,5,6,7,13,14,15,20,68,69",Trainer IDs 0-49 (19 IV); Trainer IDs 50-69 (23 IV),Early Bird / Scrappy / Inner Focus,254
"Cleavant (Hiker) / Percy, Conley, Emery (Office Worker) / Parker, Isaac, Ayden, Alwyn, Mardea, Gabriella (Youth Athlete) / Hart, Odessa (Sightseer) / Duncan, Nobunaga (Collector)",265,Tauros,Default,Liechi Berry,Earthquake,Rock Slide,Zen Headbutt,Substitute,Naughty,255 Attack / 255 Speed,0,255,0,255,0,0,31 all,"19,23 all",Intimidate (1/3) / Anger Point (1/3) / Sheer Force (1/3),Male-only,255,NPC + Agency,"20,24,25,26,38,39,40,41,42,43,52,55,68,69",Trainer IDs 0-49 (19 IV); Trainer IDs 50-69 (23 IV),Intimidate / Anger Point / Sheer Force,0
"Cleavant (Hiker) / Kass, Scoop, Dylan, Evander (Punk Guy) / Myrna, Eva, Agrata, Abby (Punk Girl) / Duncan, Nobunaga (Collector)",266,Spiritomb,Default,Sitrus Berry,Sucker Punch,Pain Split,Toxic,Grudge,Calm,255 HP / 255 Sp. Def,255,0,0,0,0,255,31 all,"19,23 all",Pressure (2/3) / Infiltrator (1/3),PID-derived species ratio (sex_vector=127),255,NPC + Agency,"20,30,31,32,33,34,35,36,37,68,69",Trainer IDs 0-49 (19 IV); Trainer IDs 50-69 (23 IV),Pressure / Pressure / Infiltrator,127
"Florian, Robin, Max, Bert (Youngster) / Sophia, Shanta, Rachel, Chan (Lass) / Ferdinand, Rico, Rocky, Jasper, Kendra, Mercy, Helen, Gladys (Preschooler) / Winnie, Prudence, Dominica (Office Worker)",267,Whimsicott,Default,Wise Glasses,Dazzling Gleam,Psychic,Cotton Spore,Grass Knot,Modest,255 HP / 255 Sp. Atk,255,0,0,0,255,0,31 all,19 all,Prankster (1/3) / Infiltrator (1/3) / Chlorophyll (1/3),PID-derived species ratio (sex_vector=127),255,NPC + Agency,"0,1,2,3,4,5,6,7,8,9,10,11,12,13,14,15,27,28,29",Trainer IDs 0-49 (19 IV),Prankster / Infiltrator / Chlorophyll,127
"Florian, Robin, Max, Bert (Youngster) / Parker, Isaac, Ayden, Alwyn, Mardea, Gabriella (Youth Athlete)",268,Druddigon,Default,Roseli Berry,Crunch,Scary Face,Glare,Dragon Tail,Impish,255 Attack / 255 Defense,0,255,255,0,0,0,31 all,19 all,Rough Skin (1/3) / Sheer Force (1/3) / Mold Breaker (1/3),PID-derived species ratio (sex_vector=127),255,NPC + Agency,"0,1,2,3,38,39,40,41,42,43",Trainer IDs 0-49 (19 IV),Rough Skin / Sheer Force / Mold Breaker,127
"Tammy, Reese (Backpacker) / Cleavant (Hiker) / Winnie, Prudence, Dominica (Office Worker) / Cooper, Darien (Sightseer) / Henry (Gentleman)",269,Musharna,Default,Zoom Lens,Hypnosis,Dream Eater,Calm Mind,Helping Hand,Modest,170 Defense / 170 Sp. Atk / 170 Sp. Def,0,0,170,0,170,170,31 all,"19,23 all",Forewarn (1/3) / Synchronize (1/3) / Telepathy (1/3),PID-derived species ratio (sex_vector=127),255,NPC + Agency,"17,18,20,27,28,29,50,51,62",Trainer IDs 0-49 (19 IV); Trainer IDs 50-69 (23 IV),Forewarn / Synchronize / Telepathy,127
"Darla, Kayla (Backpacker) / Kass, Scoop, Dylan, Evander (Punk Guy) / Myrna, Eva, Agrata, Abby (Punk Girl) / Hart, Odessa (Sightseer)",270,Scrafty,Default,Liechi Berry,Fake Out,Bulk Up,Focus Punch,Substitute,Naughty,255 HP / 255 Attack,255,255,0,0,0,0,31 all,"19,23 all",Shed Skin (1/3) / Moxie (1/3) / Intimidate (1/3),PID-derived species ratio (sex_vector=127),255,NPC + Agency,"16,19,30,31,32,33,34,35,36,37,52,55",Trainer IDs 0-49 (19 IV); Trainer IDs 50-69 (23 IV),Shed Skin / Moxie / Intimidate,127
"Tammy, Reese (Backpacker) / Arlo, Levine (Hiker) / Percy, Conley, Emery (Office Worker) / Myrna, Eva, Agrata, Abby (Punk Girl) / Cooper, Darien (Sightseer) / Xaden, Giles (Janitor) / Skip (Worker)",271,Ferrothorn,Default,Leftovers,Iron Head,Thunder Wave,Sandstorm,Ingrain,Impish,255 HP / 255 Defense,255,0,255,0,0,0,31 all,"19,23 all",Iron Barbs (2/3) / Anticipation (1/3),PID-derived species ratio (sex_vector=127),255,NPC + Agency,"17,18,22,23,24,25,26,34,35,36,37,50,51,57,58,59",Trainer IDs 0-49 (19 IV); Trainer IDs 50-69 (23 IV),Iron Barbs / Iron Barbs / Anticipation,127
"Sophia, Shanta, Rachel, Chan (Lass) / Percy, Conley, Emery (Office Worker) / Kass, Scoop, Dylan, Evander (Punk Guy) / Myrna, Eva, Agrata, Abby (Punk Girl) / Blue (Battle Legend)",272,Alakazam,Default,Twisted Spoon,Energy Ball,Psychic,Telekinesis,Guard Split,Timid,255 Speed / 255 Sp. Atk,0,0,0,255,255,0,31 all,"19,31 all",Synchronize (1/3) / Inner Focus (1/3) / Magic Guard (1/3),PID-derived species ratio (sex_vector=63),255,NPC + Agency,"4,5,6,7,24,25,26,30,31,32,33,34,35,36,37,204",Battle Legend/featured IDs 190-205 (31 IV); Trainer IDs 0-49 (19 IV),Synchronize / Inner Focus / Magic Guard,63
"Sophia, Shanta, Rachel, Chan (Lass) / Tammy, Reese (Backpacker) / Beatrice (Rising Star) / Cheryl (Madame)",273,Slowking,Default,Sitrus Berry,Psyshock,Water Pulse,Trick Room,Heal Pulse,Calm,255 Sp. Atk / 255 Sp. Def,0,0,0,0,255,255,31 all,"19,23 all",Oblivious (1/3) / Own Tempo (1/3) / Regenerator (1/3),PID-derived species ratio (sex_vector=127),255,NPC + Agency,"4,5,6,7,17,18,47,65",Trainer IDs 0-49 (19 IV); Trainer IDs 50-69 (23 IV),Oblivious / Own Tempo / Regenerator,127
"Tammy, Reese (Backpacker) / Kass, Scoop, Dylan, Evander (Punk Guy) / Parker, Isaac, Ayden (Youth Athlete) / Sorley, Marsha (Rising Star) / Kaula, Charlene (Sightseer) / Henry (Gentleman) / Christy, Verna (Madame) / Brantley, Camber (Firefighter)",274,Jellicent,Default,Damp Rock,Rain Dance,Hydro Pump,Ice Beam,Confuse Ray,Quiet,255 Defense / 255 Sp. Atk,0,0,255,0,255,0,31 all,"19,23,27 all",Water Absorb (1/3) / Cursed Body (1/3) / Damp (1/3),PID-derived species ratio (sex_vector=127),255,NPC + Agency,"17,18,30,31,32,33,38,39,40,46,49,53,54,62,66,67,88,89",Trainer IDs 0-49 (19 IV); Trainer IDs 50-69 (23 IV); Trainer IDs 70-89 (27 IV),Water Absorb / Cursed Body / Damp,127
"Ferdinand, Rico, Jasper, Mercy, Helen, Gladys (Preschooler) / Winnie, Prudence, Dominica (Office Worker) / Ryder, Beatrice (Rising Star) / Cheryl (Madame)",275,Altaria,Default,Sitrus Berry,Flamethrower,Cotton Guard,Dragon Pulse,Roost,Calm,255 HP / 255 Sp. Def,255,0,0,0,0,255,31 all,"19,23 all",Natural Cure (2/3) / Cloud Nine (1/3),PID-derived species ratio (sex_vector=127),255,NPC + Agency,"8,9,11,13,14,15,27,28,29,44,47,65",Trainer IDs 0-49 (19 IV); Trainer IDs 50-69 (23 IV),Natural Cure / Natural Cure / Cloud Nine,127
"Darla, Kayla (Backpacker) / Kass, Scoop, Dylan, Evander (Punk Guy) / Myrna, Eva, Agrata, Abby (Punk Girl) / Sorley, Marsha (Rising Star)",276,Toxicroak,Default,Payapa Berry,Fake Out,Brick Break,Sucker Punch,Taunt,Lonely,255 Attack / 255 Speed,0,255,0,255,0,0,31 all,19 all,Anticipation (1/3) / Dry Skin (1/3) / Poison Touch (1/3),PID-derived species ratio (sex_vector=127),255,NPC + Agency,"16,19,30,31,32,33,34,35,36,37,46,49",Trainer IDs 0-49 (19 IV),Anticipation / Dry Skin / Poison Touch,127
"Percy, Conley, Emery (Office Worker) / Kass, Scoop, Dylan, Evander (Punk Guy) / Myrna, Eva, Agrata, Abby (Punk Girl) / Cheryl (Madame)",277,Gothitelle,Default,Chesto Berry,Fake Tears,Psychic,Rest,Calm Mind,Calm,170 HP / 170 Defense / 170 Speed,170,0,170,170,0,0,31 all,"19,23 all",Frisk (1/3) / Competitive (1/3) / Shadow Tag (1/3),PID-derived species ratio (sex_vector=191),255,NPC + Agency,"24,25,26,30,31,32,33,34,35,36,37,65",Trainer IDs 0-49 (19 IV); Trainer IDs 50-69 (23 IV),Frisk / Competitive / Shadow Tag,191
"Sophia, Shanta, Rachel, Chan (Lass) / Tammy, Reese (Backpacker) / Winnie, Prudence, Dominica (Office Worker) / Kaula, Charlene (Sightseer) / Skip (Worker)",278,Reuniclus,Default,Kee Berry,Psychic,Energy Ball,Recover,Wonder Room,Bold,170 HP / 170 Defense / 170 Sp. Atk,170,0,170,0,170,0,31 all,"19,23 all",Overcoat (1/3) / Magic Guard (1/3) / Regenerator (1/3),PID-derived species ratio (sex_vector=127),255,NPC + Agency,"4,5,6,7,17,18,27,28,29,53,54,59",Trainer IDs 0-49 (19 IV); Trainer IDs 50-69 (23 IV),Overcoat / Magic Guard / Regenerator,127
"Percy, Conley, Emery (Office Worker) / Kass, Scoop, Dylan, Evander (Punk Guy) / Myrna, Eva, Agrata, Abby (Punk Girl) / Parker, Isaac, Ayden, Alwyn, Mardea, Gabriella (Youth Athlete)",279,Bisharp,Default,Sitrus Berry,Night Slash,Metal Claw,Taunt,Metal Burst,Lax,255 HP / 255 Defense,255,0,255,0,0,0,31 all,19 all,Defiant (1/3) / Inner Focus (1/3) / Pressure (1/3),PID-derived species ratio (sex_vector=127),255,NPC + Agency,"24,25,26,30,31,32,33,34,35,36,37,38,39,40,41,42,43",Trainer IDs 0-49 (19 IV),Defiant / Inner Focus / Pressure,127
"Mercy, Helen, Gladys (Preschooler) / Ryder, Christopher, Brandi (Rising Star) / Cooper, Darien (Sightseer) / JT, Benjamin (Worker)",280,Abomasnow,Default,Leftovers,Frost Breath,Icy Wind,Leech Seed,Ingrain,Impish,170 HP / 170 Defense / 170 Sp. Def,170,0,170,0,0,170,31 all,"19,23 all",Snow Warning (2/3) / Soundproof (1/3),PID-derived species ratio (sex_vector=127),255,NPC + Agency,"13,14,15,44,45,48,50,51,60,61",Trainer IDs 0-49 (19 IV); Trainer IDs 50-69 (23 IV),Snow Warning / Snow Warning / Soundproof,127
"Cleavant, Buster (Hiker) / Kass, Scoop, Dylan, Evander (Punk Guy) / Myrna, Eva, Agrata, Abby (Punk Girl)",281,Nidoqueen,Default,Payapa Berry,Chip Away,Swagger,Helping Hand,Flatter,Relaxed,170 HP / 170 Defense / 170 Sp. Def,170,0,170,0,0,170,31 all,19 all,Poison Point (1/3) / Rivalry (1/3) / Sheer Force (1/3),Female-only,255,NPC + Agency,"20,21,30,31,32,33,34,35,36,37",Trainer IDs 0-49 (19 IV),Poison Point / Rivalry / Sheer Force,254
"Cleavant, Buster (Hiker) / Kass, Scoop, Dylan, Evander (Punk Guy) / Myrna, Eva, Agrata, Abby (Punk Girl)",282,Nidoking,Default,King's Rock,Bulldoze,Megahorn,Rock Slide,Sucker Punch,Naughty,255 HP / 255 Attack,255,255,0,0,0,0,31 all,19 all,Poison Point (1/3) / Rivalry (1/3) / Sheer Force (1/3),Male-only,255,NPC + Agency,"20,21,30,31,32,33,34,35,36,37",Trainer IDs 0-49 (19 IV),Poison Point / Rivalry / Sheer Force,0
"Xaden, Giles (Janitor)",283,Cradily,Default,Tanga Berry,Round,Gastro Acid,Stockpile,Swallow,Bold,255 Defense / 255 Sp. Def,0,0,255,0,0,255,31 all,23 all,Suction Cups (2/3) / Storm Drain (1/3),PID-derived species ratio (sex_vector=31),255,NPC + Agency,"57,58",Trainer IDs 50-69 (23 IV),Suction Cups / Suction Cups / Storm Drain,31
"Florian, Robin, Max, Bert (Youngster) / Cleavant, Buster, Arlo, Levine (Hiker) / Sorley, Marsha (Rising Star) / Skip (Worker)",284,Armaldo,Default,Chesto Berry,X-Scissor,Rock Blast,Rest,Curse,Brave,255 HP / 255 Sp. Def,255,0,0,0,0,255,31 all,"19,23 all",Battle Armor (2/3) / Swift Swim (1/3),PID-derived species ratio (sex_vector=31),255,NPC + Agency,"0,1,2,3,20,21,22,23,46,49,59",Trainer IDs 0-49 (19 IV); Trainer IDs 50-69 (23 IV),Battle Armor / Battle Armor / Swift Swim,31
"Florian, Robin, Max, Bert (Youngster) / Cleavant, Buster, Arlo, Levine (Hiker) / Xaden, Giles (Janitor) / Skip (Worker) / Duncan, Nobunaga (Collector)",285,Rampardos,Default,Passho Berry,Rock Slide,Crunch,Curse,Protect,Brave,170 Attack / 170 Defense / 170 Sp. Def,0,170,170,0,0,170,31 all,"19,23 all",Mold Breaker (2/3) / Sheer Force (1/3),PID-derived species ratio (sex_vector=31),255,NPC + Agency,"0,1,2,3,20,21,22,23,57,58,59,68,69",Trainer IDs 0-49 (19 IV); Trainer IDs 50-69 (23 IV),Mold Breaker / Mold Breaker / Sheer Force,31
"Cleavant, Buster, Arlo, Levine (Hiker) / Percy, Conley, Emery (Office Worker) / Xaden, Giles (Janitor) / Skip (Worker)",286,Bastiodon,Default,Enigma Berry,Iron Head,Taunt,Wide Guard,Metal Burst,Careful,255 HP / 255 Attack,255,255,0,0,0,0,31 all,"19,23 all",Sturdy (2/3) / Soundproof (1/3),PID-derived species ratio (sex_vector=31),255,NPC + Agency,"20,21,22,23,24,25,26,57,58,59",Trainer IDs 0-49 (19 IV); Trainer IDs 50-69 (23 IV),Sturdy / Sturdy / Soundproof,31
"Ferdinand, Rico, Jasper, Mercy, Helen, Gladys (Preschooler) / Winnie, Prudence, Dominica (Office Worker) / Sorley, Marsha (Rising Star)",287,Shiinotic,Default,Assault Vest,Moonblast,Giga Drain,Sludge Bomb,Charge Beam,Sassy,255 HP / 255 Sp. Def,255,0,0,0,0,255,31 all,19 all,Illuminate (1/3) / Effect Spore (1/3) / Rain Dish (1/3),PID-derived species ratio (sex_vector=127),255,NPC + Agency,"8,9,11,13,14,15,27,28,29,46,49",Trainer IDs 0-49 (19 IV),Illuminate / Effect Spore / Rain Dish,127
"Ferdinand, Rico, Jasper, Mercy, Helen, Gladys (Preschooler) / Winnie, Prudence, Dominica (Office Worker)",288,Mismagius,Default,Colbur Berry,Taunt,Protect,Imprison,Shadow Ball,Naive,255 HP / 255 Speed,255,0,0,255,0,0,31 all,19 all,Levitate (3/3),PID-derived species ratio (sex_vector=127),255,NPC + Agency,"8,9,11,13,14,15,27,28,29",Trainer IDs 0-49 (19 IV),Levitate / Levitate / Levitate,127
"Cleavant (Hiker) / Skip (Worker) / Duncan, Nobunaga (Collector)",289,Carracosta,Default,Sitrus Berry,Aqua Tail,Rock Slide,Shell Smash,Iron Defense,Naughty,255 HP / 255 Attack,255,255,0,0,0,0,31 all,"19,23 all",Solid Rock (1/3) / Sturdy (1/3) / Swift Swim (1/3),PID-derived species ratio (sex_vector=31),255,NPC + Agency,"20,59,68,69",Trainer IDs 0-49 (19 IV); Trainer IDs 50-69 (23 IV),Solid Rock / Sturdy / Swift Swim,31
"Florian, Robin, Max, Bert (Youngster) / Tammy, Reese (Backpacker) / Percy, Conley, Emery (Office Worker) / Alwyn, Mardea, Gabriella (Youth Athlete)",290,Escavalier,Default,Liechi Berry,Megahorn,Quick Guard,Swords Dance,Reversal,Brave,255 HP / 255 Attack,255,255,0,0,0,0,31 all,19 all,Swarm (1/3) / Shell Armor (1/3) / Overcoat (1/3),PID-derived species ratio (sex_vector=127),255,NPC + Agency,"0,1,2,3,17,18,24,25,26,41,42,43",Trainer IDs 0-49 (19 IV),Swarm / Shell Armor / Overcoat,127
"Florian, Robin, Max, Bert (Youngster) / Parker, Isaac, Ayden, Alwyn, Mardea, Gabriella (Youth Athlete) / Sorley, Marsha (Rising Star)",291,Accelgor,Default,Focus Sash,Encore,Bug Buzz,Giga Drain,Me First,Hasty,255 Speed / 255 Sp. Atk,0,0,0,255,255,0,31 all,19 all,Hydration (1/3) / Sticky Hold (1/3) / Unburden (1/3),PID-derived species ratio (sex_vector=127),255,NPC + Agency,"0,1,2,3,38,39,40,41,42,43,46,49",Trainer IDs 0-49 (19 IV),Hydration / Sticky Hold / Unburden,127
"Rocky, Kendra (Preschooler) / Kass, Scoop, Dylan, Evander (Punk Guy) / Myrna, Eva, Agrata, Abby (Punk Girl) / Parker, Isaac, Ayden, Alwyn, Mardea, Gabriella (Youth Athlete) / Jairo (Janitor)",292,Salazzle,Default,Poisonium Z,Venoshock,Flamethrower,Nasty Plot,Toxic,Timid,255 Speed / 255 Sp. Atk,0,0,0,255,255,0,31 all,"19,23 all",Corrosion (2/3) / Oblivious (1/3),Female-only,255,NPC + Agency,"10,12,30,31,32,33,34,35,36,37,38,39,40,41,42,43,56",Trainer IDs 0-49 (19 IV); Trainer IDs 50-69 (23 IV),Corrosion / Corrosion / Oblivious,254
"Hart, Odessa (Sightseer)",293,Drifblim,Default,Salac Berry,Calm Mind,Stockpile,Ominous Wind,Baton Pass,Bold,255 Defense / 255 Sp. Def,0,0,255,0,0,255,31 all,23 all,Aftermath (1/3) / Unburden (1/3) / Flare Boost (1/3),PID-derived species ratio (sex_vector=127),255,NPC + Agency,"52,55",Trainer IDs 50-69 (23 IV),Aftermath / Unburden / Flare Boost,127
"Sophia, Shanta, Rachel, Chan (Lass) / Mercy, Helen, Gladys (Preschooler) / Henry (Gentleman)",294,Toucannon,Default,Steelium Z,Swords Dance,Drill Peck,Steel Wing,Smack Down,Adamant,170 HP / 170 Attack / 170 Defense,170,170,170,0,0,0,31 all,"19,23 all",Keen Eye (1/3) / Skill Link (1/3) / Sheer Force (1/3),PID-derived species ratio (sex_vector=127),255,NPC + Agency,"4,5,6,7,13,14,15,62",Trainer IDs 0-49 (19 IV); Trainer IDs 50-69 (23 IV),Keen Eye / Skill Link / Sheer Force,127
"Mercy, Helen, Gladys (Preschooler) / Alwyn, Mardea, Gabriella (Youth Athlete) / Henry (Gentleman)",295,Oranguru,Default,Psychium Z,Psychic,Energy Ball,Shadow Ball,Nasty Plot,Modest,255 HP / 255 Sp. Atk,255,0,0,0,255,0,31 all,"19,23 all",Inner Focus (1/3) / Telepathy (1/3) / Symbiosis (1/3),PID-derived species ratio (sex_vector=127),255,NPC + Agency,"13,14,15,41,42,43,62",Trainer IDs 0-49 (19 IV); Trainer IDs 50-69 (23 IV),Inner Focus / Telepathy / Symbiosis,127
"Florian, Robin, Max, Bert (Youngster) / Ferdinand, Rico, Jasper, Mercy, Helen, Gladys (Preschooler) / Winnie, Prudence, Dominica (Office Worker)",296,Komala,Default,Chople Berry,Flail,Payback,Low Sweep,Play Rough,Adamant,255 Attack / 255 Speed,0,255,0,255,0,0,31 all,19 all,Comatose (3/3),PID-derived species ratio (sex_vector=127),255,NPC + Agency,"0,1,2,3,8,9,11,13,14,15,27,28,29",Trainer IDs 0-49 (19 IV),Comatose / Comatose / Comatose,127
"Cooper, Darien, Kaula, Charlene (Sightseer)",297,Muk,Default,Black Sludge,Poison Jab,Stockpile,Swallow,Mud-Slap,Relaxed,255 HP / 255 Attack,255,255,0,0,0,0,31 all,23 all,Stench (1/3) / Sticky Hold (1/3) / Poison Touch (1/3),PID-derived species ratio (sex_vector=127),255,NPC + Agency,"50,51,53,54",Trainer IDs 50-69 (23 IV),Stench / Sticky Hold / Poison Touch,127
"Kass, Scoop, Dylan, Evander (Punk Guy) / Myrna, Eva, Agrata, Abby (Punk Girl) / Parker, Isaac, Ayden, Alwyn, Mardea, Gabriella (Youth Athlete) / Jairo (Janitor)",298,Gengar,Default,Focus Sash,Shadow Ball,Dream Eater,Nightmare,Hypnosis,Timid,255 Speed / 255 Sp. Atk,0,0,0,255,255,0,31 all,"19,23 all",Cursed Body (3/3),PID-derived species ratio (sex_vector=127),255,NPC + Agency,"30,31,32,33,34,35,36,37,38,39,40,41,42,43,56",Trainer IDs 0-49 (19 IV); Trainer IDs 50-69 (23 IV),Cursed Body / Cursed Body / Cursed Body,127
"Cleavant (Hiker) / Percy, Conley, Emery (Office Worker) / Kaula, Charlene (Sightseer) / Skip (Worker)",299,Ampharos,Default,Shuca Berry,Power Gem,Thunder Wave,Discharge,Charge Beam,Mild,170 HP / 170 Sp. Atk / 170 Sp. Def,170,0,0,0,170,170,31 all,"19,23 all",Static (2/3) / Plus (1/3),PID-derived species ratio (sex_vector=127),255,NPC + Agency,"20,24,25,26,53,54,59",Trainer IDs 0-49 (19 IV); Trainer IDs 50-69 (23 IV),Static / Static / Plus,127
"Florian, Robin, Max, Bert (Youngster) / Winnie, Prudence, Dominica (Office Worker) / Sorley, Beatrice, Marsha (Rising Star) / Christy, Verna (Madame) / Brantley, Camber (Firefighter) / Variel, Atalanta (Dancer)",300,Politoed,Default,Cell Battery,Waterfall,Encore,Swagger,Bounce,Modest,255 Speed / 255 Sp. Atk,0,0,0,255,255,0,31 all,"19,23,27,31 all",Water Absorb (1/3) / Damp (1/3) / Drizzle (1/3),PID-derived species ratio (sex_vector=127),255,NPC + Agency,"0,1,2,3,27,28,29,46,47,49,66,67,88,89,100,101",Trainer IDs 0-49 (19 IV); Trainer IDs 50-69 (23 IV); Trainer IDs 70-89 (27 IV); Trainer IDs 90-189 (31 IV),Water Absorb / Damp / Drizzle,127
"Florian, Robin, Max, Bert (Youngster) / Cleavant (Hiker) / Ryder (Rising Star) / Duncan, Nobunaga (Collector)",301,Pinsir,Default,Persim Berry,Bug Bite,Brick Break,Thrash,Swords Dance,Naughty,255 Attack / 255 Speed,0,255,0,255,0,0,31 all,"19,23 all",Hyper Cutter (1/3) / Mold Breaker (1/3) / Moxie (1/3),PID-derived species ratio (sex_vector=127),255,NPC + Agency,"0,1,2,3,20,44,68,69",Trainer IDs 0-49 (19 IV); Trainer IDs 50-69 (23 IV),Hyper Cutter / Mold Breaker / Moxie,127
"Florian, Robin, Max, Bert (Youngster) / Cleavant, Arlo, Levine (Hiker) / Percy, Conley, Emery (Office Worker) / Henry (Gentleman)",302,Scizor,Default,Occa Berry,Metal Claw,Night Slash,Aerial Ace,Swords Dance,Brave,255 HP / 255 Defense,255,0,255,0,0,0,31 all,"19,23 all",Swarm (1/3) / Technician (1/3) / Light Metal (1/3),PID-derived species ratio (sex_vector=127),255,NPC + Agency,"0,1,2,3,20,22,23,24,25,26,62",Trainer IDs 0-49 (19 IV); Trainer IDs 50-69 (23 IV),Swarm / Technician / Light Metal,127
"Florian, Robin, Max, Bert (Youngster) / Parker, Isaac, Ayden, Alwyn, Mardea, Gabriella (Youth Athlete)",303,Heracross,Default,Black Belt,Aerial Ace,Pursuit,Swords Dance,Brick Break,Brave,170 HP / 170 Attack / 170 Defense,170,170,170,0,0,0,31 all,19 all,Swarm (1/3) / Guts (1/3) / Moxie (1/3),PID-derived species ratio (sex_vector=127),255,NPC + Agency,"0,1,2,3,38,39,40,41,42,43",Trainer IDs 0-49 (19 IV),Swarm / Guts / Moxie,127
"Sophia, Shanta, Rachel, Chan (Lass) / Ferdinand, Rico, Jasper, Mercy, Helen, Gladys (Preschooler)",304,Ursaring,Default,Chesto Berry,Thrash,Crunch,Rest,Counter,Adamant,170 Attack / 170 Defense / 170 Sp. Def,0,170,170,0,0,170,31 all,19 all,Guts (1/3) / Quick Feet (1/3) / Unnerve (1/3),PID-derived species ratio (sex_vector=127),255,NPC + Agency,"4,5,6,7,8,9,11,13,14,15",Trainer IDs 0-49 (19 IV),Guts / Quick Feet / Unnerve,127
"Darla, Kayla (Backpacker) / Kass, Scoop, Dylan, Evander (Punk Guy) / Myrna, Eva, Agrata, Abby (Punk Girl) / Henry (Gentleman)",305,Houndoom,Default,Charcoal,Fire Fang,Flame Charge,Will-O-Wisp,Sucker Punch,Adamant,255 Attack / 255 Speed,0,255,0,255,0,0,31 all,"19,23 all",Early Bird (1/3) / Flash Fire (1/3) / Unnerve (1/3),PID-derived species ratio (sex_vector=127),255,NPC + Agency,"16,19,30,31,32,33,34,35,36,37,62",Trainer IDs 0-49 (19 IV); Trainer IDs 50-69 (23 IV),Early Bird / Flash Fire / Unnerve,127
"Darla, Kayla (Backpacker) / Winnie, Prudence, Dominica (Office Worker) / Cheryl (Madame)",306,Tsareena,Default,Occa Berry,Trop Kick,Play Rough,Low Sweep,Feint,Adamant,255 Attack / 255 Speed,0,255,0,255,0,0,31 all,"19,23 all",Leaf Guard (1/3) / Queenly Majesty (1/3) / Sweet Veil (1/3),Female-only,255,NPC + Agency,"16,19,27,28,29,65",Trainer IDs 0-49 (19 IV); Trainer IDs 50-69 (23 IV),Leaf Guard / Queenly Majesty / Sweet Veil,254
"Ferdinand, Rico, Jasper (Preschooler) / Darla, Kayla (Backpacker) / Beatrice (Rising Star)",307,Wailord,Default,Chesto Berry,Waterfall,Heavy Slam,Curse,Rest,Brave,170 Attack / 170 Defense / 170 Sp. Def,0,170,170,0,0,170,31 all,19 all,Water Veil (1/3) / Oblivious (1/3) / Pressure (1/3),PID-derived species ratio (sex_vector=127),255,NPC + Agency,"8,9,11,16,19,47",Trainer IDs 0-49 (19 IV),Water Veil / Oblivious / Pressure,127
"Florian, Robin, Max, Bert (Youngster) / Parker, Isaac, Ayden, Alwyn, Mardea, Gabriella (Youth Athlete)",308,Passimian,Default,Coba Berry,Close Combat,Rock Slide,Iron Head,Feint,Adamant,255 Attack / 255 Speed,0,255,0,255,0,0,31 all,19 all,Receiver (2/3) / Defiant (1/3),PID-derived species ratio (sex_vector=127),255,NPC + Agency,"0,1,2,3,38,39,40,41,42,43",Trainer IDs 0-49 (19 IV),Receiver / Receiver / Defiant,127
"Tammy, Reese (Backpacker) / Cleavant (Hiker) / Percy, Conley, Emery (Office Worker) / Sorley, Marsha (Rising Star) / Kaula, Charlene (Sightseer) / Cheryl, Christy, Verna (Madame) / Brantley, Camber (Firefighter)",309,Bronzong,Default,Sitrus Berry,Hypnosis,Rain Dance,Gyro Ball,Trick Room,Impish,170 HP / 170 Defense / 170 Sp. Def,170,0,170,0,0,170,31 all,"19,23,27 all",Levitate (1/3) / Heatproof (1/3) / Heavy Metal (1/3),Genderless,255,NPC + Agency,"17,18,20,24,25,26,46,49,53,54,65,66,67,88,89",Trainer IDs 0-49 (19 IV); Trainer IDs 50-69 (23 IV); Trainer IDs 70-89 (27 IV),Levitate / Heatproof / Heavy Metal,255
"Kass, Scoop, Dylan, Evander (Punk Guy) / Myrna, Eva, Agrata, Abby (Punk Girl) / Jairo (Janitor)",310,Drapion,Default,Scope Lens,Night Slash,Taunt,Toxic Spikes,X-Scissor,Bold,255 HP / 255 Defense,255,0,255,0,0,0,31 all,"19,23 all",Battle Armor (1/3) / Sniper (1/3) / Keen Eye (1/3),PID-derived species ratio (sex_vector=127),255,NPC + Agency,"30,31,32,33,34,35,36,37,56",Trainer IDs 0-49 (19 IV); Trainer IDs 50-69 (23 IV),Battle Armor / Sniper / Keen Eye,127
"Florian, Robin, Max, Bert (Youngster) / Myrna, Eva, Agrata, Abby (Punk Girl) / Christopher, Brandi (Rising Star) / Jairo (Janitor) / JT, Benjamin (Worker)",311,Crabominable,Default,Expert Belt,Superpower,Ice Punch,Payback,Rock Slide,Adamant,255 Attack / 255 Sp. Def,0,255,0,0,0,255,31 all,"19,23 all",Hyper Cutter (1/3) / Iron Fist (1/3) / Anger Point (1/3),PID-derived species ratio (sex_vector=127),255,NPC + Agency,"0,1,2,3,34,35,36,37,45,48,56,60,61",Trainer IDs 0-49 (19 IV); Trainer IDs 50-69 (23 IV),Hyper Cutter / Iron Fist / Anger Point,127
"Rocky, Kendra (Preschooler) / Darla, Kayla (Backpacker) / Winnie, Prudence, Dominica (Office Worker) / Cooper, Darien, Kaula, Charlene (Sightseer) / Ikram, Jerry (Gentleman) / Kiernan, Gertrude (Pokémon Breeder) / Lea, Sylvia (Ace Trainer) / Erix, Marianne (Rising Star)",312,Ninetales,Default,Passho Berry,Will-O-Wisp,Hex,Confuse Ray,Flame Burst,Modest,255 Speed / 255 Sp. Atk,0,0,0,255,255,0,31 all,"19,23,27,31 all",Flash Fire (2/3) / Drought (1/3),PID-derived species ratio (sex_vector=191),255,NPC + Agency,"10,12,16,19,27,28,29,50,51,53,54,63,64,78,81,108,109,155,157",Trainer IDs 0-49 (19 IV); Trainer IDs 50-69 (23 IV); Trainer IDs 70-89 (27 IV); Trainer IDs 90-189 (31 IV),Flash Fire / Flash Fire / Drought,191
"Sophia, Shanta, Rachel, Chan (Lass) / Parker, Isaac, Ayden, Alwyn, Mardea, Gabriella (Youth Athlete) / Blue (Battle Legend)",313,Machamp,Default,Rawst Berry,Dynamic Punch,Payback,Foresight,Wide Guard,Brave,255 HP / 255 Attack,255,255,0,0,0,0,31 all,"19,31 all",Guts (1/3) / No Guard (1/3) / Steadfast (1/3),PID-derived species ratio (sex_vector=63),255,NPC + Agency,"4,5,6,7,38,39,40,41,42,43,204",Battle Legend/featured IDs 190-205 (31 IV); Trainer IDs 0-49 (19 IV),Guts / No Guard / Steadfast,63
"Florian, Robin, Max, Bert (Youngster) / Buster (Hiker) / Percy, Conley, Emery (Office Worker)",314,Shuckle,Default,Binding Band,Power Split,Encore,Gastro Acid,Sand Tomb,Careful,255 HP / 255 Sp. Def,255,0,0,0,0,255,31 all,19 all,Sturdy (1/3) / Gluttony (1/3) / Contrary (1/3),PID-derived species ratio (sex_vector=127),255,NPC + Agency,"0,1,2,3,21,24,25,26",Trainer IDs 0-49 (19 IV),Sturdy / Gluttony / Contrary,127
No trainer reference,315,Mimikyu,Default,Bright Powder,Shadow Claw,Slash,Double Team,Thunder Wave,Jolly,255 Attack / 255 Speed,0,255,0,255,0,0,31 all,Trainer-dependent,Disguise (3/3),PID-derived species ratio (sex_vector=127),255,NPC + Agency,,,Disguise / Disguise / Disguise,127
"Kass, Scoop, Dylan, Evander (Punk Guy) / Myrna, Eva, Agrata, Abby (Punk Girl) / Henry (Gentleman)",316,Honchkrow,Default,Kee Berry,Psychic,Dark Pulse,Protect,Nasty Plot,Quiet,170 Defense / 170 Sp. Atk / 170 Sp. Def,0,0,170,0,170,170,31 all,"19,23 all",Insomnia (1/3) / Super Luck (1/3) / Moxie (1/3),PID-derived species ratio (sex_vector=127),255,NPC + Agency,"30,31,32,33,34,35,36,37,62",Trainer IDs 0-49 (19 IV); Trainer IDs 50-69 (23 IV),Insomnia / Super Luck / Moxie,127
"Sophia, Shanta, Rachel, Chan (Lass) / Buster, Arlo, Levine (Hiker) / Jairo, Xaden, Giles (Janitor) / Lou, Benji (Police Officer)",317,Gigalith,Default,Rawst Berry,Bulldoze,Rock Blast,Gravity,Curse,Naughty,170 HP / 170 Attack / 170 Defense,170,170,170,0,0,0,31 all,"19,23,31 all",Sturdy (1/3) / Sand Stream (1/3) / Sand Force (1/3),PID-derived species ratio (sex_vector=127),255,NPC + Agency,"4,5,6,7,21,22,23,56,57,58,91,92",Trainer IDs 0-49 (19 IV); Trainer IDs 50-69 (23 IV); Trainer IDs 90-189 (31 IV),Sturdy / Sand Stream / Sand Force,127
"Percy, Conley, Emery (Office Worker) / Beatrice (Rising Star) / Kaula, Charlene (Sightseer) / Skip (Worker)",318,Conkeldurr,Default,Black Belt,Rock Slide,Force Palm,Smelling Salts,Bulk Up,Bold,170 HP / 170 Defense / 170 Sp. Def,170,0,170,0,0,170,31 all,"19,23 all",Guts (1/3) / Sheer Force (1/3) / Iron Fist (1/3),PID-derived species ratio (sex_vector=63),255,NPC + Agency,"24,25,26,47,53,54,59",Trainer IDs 0-49 (19 IV); Trainer IDs 50-69 (23 IV),Guts / Sheer Force / Iron Fist,63
"Xaden, Giles (Janitor) / Skip (Worker)",319,Excadrill,Default,Soft Sand,Hone Claws,Rock Slide,Drill Run,Iron Defense,Naughty,255 Attack / 255 Defense,0,255,255,0,0,0,31 all,23 all,Sand Rush (1/3) / Sand Force (1/3) / Mold Breaker (1/3),PID-derived species ratio (sex_vector=127),255,NPC + Agency,"57,58,59",Trainer IDs 50-69 (23 IV),Sand Rush / Sand Force / Mold Breaker,127
"Florian, Robin, Max, Bert (Youngster) / Sophia, Shanta, Rachel, Chan (Lass) / Ferdinand, Rico, Jasper, Mercy, Helen, Gladys (Preschooler) / Darla, Kayla (Backpacker) / Sorley, Marsha (Rising Star) / Christy, Verna (Madame) / Brantley, Camber (Firefighter)",320,Wishiwashi,School,Sitrus Berry,Waterfall,Ice Beam,Double-Edge,Rain Dance,Brave,255 HP / 255 Attack,255,255,0,0,0,0,31 all,"19,23,27 all",Schooling (3/3),PID-derived species ratio (sex_vector=127),255,NPC + Agency,"0,1,2,3,4,5,6,7,8,9,11,13,14,15,16,19,46,49,66,67,88,89",Trainer IDs 0-49 (19 IV); Trainer IDs 50-69 (23 IV); Trainer IDs 70-89 (27 IV),Schooling / Schooling / Schooling,127
"Buster, Arlo, Levine (Hiker) / Percy, Conley, Emery (Office Worker) / Ryder, Beatrice (Rising Star) / Jairo, Xaden, Giles (Janitor) / Skip (Worker)",321,Steelix,Default,Chesto Berry,Earthquake,Rest,Curse,Stealth Rock,Impish,255 HP / 255 Sp. Def,255,0,0,0,0,255,31 all,"19,23 all",Rock Head (1/3) / Sturdy (1/3) / Sheer Force (1/3),PID-derived species ratio (sex_vector=127),255,NPC + Agency,"21,22,23,24,25,26,44,47,56,57,58,59",Trainer IDs 0-49 (19 IV); Trainer IDs 50-69 (23 IV),Rock Head / Sturdy / Sheer Force,127
"Sophia, Shanta, Rachel, Chan (Lass) / Kass, Scoop, Dylan, Evander (Punk Guy) / Myrna, Eva, Agrata, Abby (Punk Girl) / Christopher, Brandi (Rising Star) / Hart, Odessa (Sightseer) / JT, Benjamin (Worker)",322,Weavile,Default,Razor Fang,Fake Out,Taunt,Night Slash,Fling,Hasty,255 Attack / 255 Speed,0,255,0,255,0,0,31 all,"19,23 all",Pressure (2/3) / Pickpocket (1/3),PID-derived species ratio (sex_vector=127),255,NPC + Agency,"4,5,6,7,30,31,32,33,34,35,36,37,45,48,52,55,60,61",Trainer IDs 0-49 (19 IV); Trainer IDs 50-69 (23 IV),Pressure / Pressure / Pickpocket,127
"Buster, Arlo, Levine (Hiker) / Ryder (Rising Star) / Cooper, Darien (Sightseer) / Xaden, Giles (Janitor) / Henry (Gentleman)",323,Gliscor,Default,Razor Fang,Acrobatics,Fling,U-turn,Swords Dance,Naughty,255 Attack / 255 Speed,0,255,0,255,0,0,31 all,"19,23 all",Hyper Cutter (1/3) / Sand Veil (1/3) / Poison Heal (1/3),PID-derived species ratio (sex_vector=127),255,NPC + Agency,"21,22,23,44,50,51,57,58,62",Trainer IDs 0-49 (19 IV); Trainer IDs 50-69 (23 IV),Hyper Cutter / Sand Veil / Poison Heal,127
"Kass, Scoop, Dylan, Evander (Punk Guy) / Myrna, Eva, Agrata, Abby (Punk Girl) / Henry (Gentleman)",324,Zoroark,Default,Focus Sash,Night Slash,Shadow Claw,Taunt,Counter,Naive,255 Attack / 255 Speed,0,255,0,255,0,0,31 all,"19,23 all",Illusion (3/3),PID-derived species ratio (sex_vector=31),255,NPC + Agency,"30,31,32,33,34,35,36,37,62",Trainer IDs 0-49 (19 IV); Trainer IDs 50-69 (23 IV),Illusion / Illusion / Illusion,31
"Percy, Conley, Emery (Office Worker) / Kass, Scoop, Dylan, Evander (Punk Guy) / Myrna, Eva, Agrata, Abby (Punk Girl)",325,Mandibuzz,Default,Wacan Berry,Taunt,Flatter,Roost,Toxic,Calm,255 Speed / 255 Sp. Def,0,0,0,255,0,255,31 all,19 all,Big Pecks (1/3) / Overcoat (1/3) / Weak Armor (1/3),Female-only,255,NPC + Agency,"24,25,26,30,31,32,33,34,35,36,37",Trainer IDs 0-49 (19 IV),Big Pecks / Overcoat / Weak Armor,254
"Sophia, Shanta, Rachel, Chan (Lass) / Parker, Isaac, Ayden, Alwyn, Mardea, Gabriella (Youth Athlete) / Henry (Gentleman)",326,Braviary,Default,King's Rock,Rock Slide,Air Slash,Tailwind,Sky Drop,Adamant,170 Attack / 170 Defense / 170 Sp. Def,0,170,170,0,0,170,31 all,"19,23 all",Keen Eye (1/3) / Sheer Force (1/3) / Defiant (1/3),Male-only,255,NPC + Agency,"4,5,6,7,38,39,40,41,42,43,62",Trainer IDs 0-49 (19 IV); Trainer IDs 50-69 (23 IV),Keen Eye / Sheer Force / Defiant,0
"Kass, Scoop, Dylan, Evander (Punk Guy) / Myrna, Eva, Agrata, Abby (Punk Girl) / Sorley, Marsha (Rising Star) / Jairo (Janitor)",327,Tentacruel,Default,Black Sludge,Ice Beam,Sludge Wave,Hex,Toxic Spikes,Hasty,255 Speed / 255 Sp. Atk,0,0,0,255,255,0,31 all,"19,23 all",Clear Body (1/3) / Liquid Ooze (1/3) / Rain Dish (1/3),PID-derived species ratio (sex_vector=127),255,NPC + Agency,"30,31,32,33,34,35,36,37,46,49,56",Trainer IDs 0-49 (19 IV); Trainer IDs 50-69 (23 IV),Clear Body / Liquid Ooze / Rain Dish,127
"Cleavant, Buster (Hiker) / Parker, Isaac, Ayden, Alwyn, Mardea, Gabriella (Youth Athlete) / Xaden, Giles (Janitor) / Blue (Battle Legend)",328,Aerodactyl,Default,Choice Scarf,Rock Slide,Iron Head,Earthquake,Ice Fang,Jolly,255 Attack / 255 Speed,0,255,0,255,0,0,31 all,"19,23,31 all",Rock Head (1/3) / Pressure (1/3) / Unnerve (1/3),PID-derived species ratio (sex_vector=31),255,NPC + Agency,"20,21,38,39,40,41,42,43,57,58,204",Battle Legend/featured IDs 190-205 (31 IV); Trainer IDs 0-49 (19 IV); Trainer IDs 50-69 (23 IV),Rock Head / Pressure / Unnerve,31
"Ferdinand, Rico, Jasper, Mercy, Helen, Gladys (Preschooler) / Cleavant (Hiker) / Percy, Conley, Emery (Office Worker) / Ryder, Christopher, Beatrice, Brandi (Rising Star)",329,Porygon2,Default,Sitrus Berry,Blizzard,Magic Coat,Lock-On,Zap Cannon,Modest,255 HP / 255 Sp. Atk,255,0,0,0,255,0,31 all,19 all,Trace (1/3) / Download (1/3) / Analytic (1/3),Genderless,255,NPC + Agency,"8,9,11,13,14,15,20,24,25,26,44,45,47,48",Trainer IDs 0-49 (19 IV),Trace / Download / Analytic,255
"Cleavant, Buster, Arlo, Levine (Hiker) / Jairo, Xaden, Giles (Janitor) / Skip (Worker)",330,Palossand,Default,Smooth Rock,Shore Up,Sandstorm,Shadow Ball,Earth Power,Bold,255 HP / 255 Defense,255,0,255,0,0,0,31 all,"19,23 all",Water Compaction (2/3) / Sand Veil (1/3),PID-derived species ratio (sex_vector=127),255,NPC + Agency,"20,21,22,23,56,57,58,59",Trainer IDs 0-49 (19 IV); Trainer IDs 50-69 (23 IV),Water Compaction / Water Compaction / Sand Veil,127
"Florian, Robin, Max, Bert (Youngster) / Ferdinand, Rico, Jasper (Preschooler) / Kaula, Charlene (Sightseer)",331,Yanmega,Default,Cheri Berry,Air Slash,Bug Buzz,Detect,U-turn,Modest,255 Sp. Atk / 255 Sp. Def,0,0,0,0,255,255,31 all,"19,23 all",Speed Boost (1/3) / Tinted Lens (1/3) / Frisk (1/3),PID-derived species ratio (sex_vector=127),255,NPC + Agency,"0,1,2,3,8,9,11,53,54",Trainer IDs 0-49 (19 IV); Trainer IDs 50-69 (23 IV),Speed Boost / Tinted Lens / Frisk,127
"Sophia, Shanta, Rachel, Chan (Lass) / Percy, Conley, Emery, Winnie, Prudence, Dominica (Office Worker) / Cheryl (Madame)",332,Gardevoir,Default,Psychium Z,Hypnosis,Dream Eater,Imprison,Dazzling Gleam,Timid,255 HP / 255 Speed,255,0,0,255,0,0,31 all,"19,23 all",Synchronize (1/3) / Trace (1/3) / Telepathy (1/3),PID-derived species ratio (sex_vector=127),255,NPC + Agency,"4,5,6,7,24,25,26,27,28,29,65",Trainer IDs 0-49 (19 IV); Trainer IDs 50-69 (23 IV),Synchronize / Trace / Telepathy,127
"Percy, Conley, Emery (Office Worker) / Parker, Isaac, Ayden, Alwyn, Mardea, Gabriella (Youth Athlete) / Ryder, Beatrice (Rising Star)",333,Gallade,Default,Expert Belt,Shadow Sneak,Brick Break,Psycho Cut,Swords Dance,Hasty,255 Attack / 255 Speed,0,255,0,255,0,0,31 all,19 all,Steadfast (2/3) / Justified (1/3),Male-only,255,NPC + Agency,"24,25,26,38,39,40,41,42,43,44,47",Trainer IDs 0-49 (19 IV),Steadfast / Steadfast / Justified,0
"Percy, Conley, Emery (Office Worker) / Kass, Scoop, Dylan, Evander (Punk Guy) / Cooper, Darien, Kaula, Charlene (Sightseer) / Ikram, Jerry (Gentleman) / Blue (Battle Legend) / Giovanni (Pokémon Trainer)",334,Exeggutor,Default,Petaya Berry,Psyshock,Grass Knot,Light Screen,Synthesis,Mild,170 Speed / 170 Sp. Atk / 170 Sp. Def,0,0,0,170,170,170,31 all,"19,23,31 all",Chlorophyll (2/3) / Harvest (1/3),PID-derived species ratio (sex_vector=127),255,NPC + Agency,"24,25,26,30,31,32,33,50,51,53,54,63,64,204,208",Battle Agency event IDs 207-208 (31 IV); Battle Legend/featured IDs 190-205 (31 IV); Trainer IDs 0-49 (19 IV); Trainer IDs 50-69 (23 IV),Chlorophyll / Chlorophyll / Harvest,127
Cheryl (Madame),335,Starmie,Default,Sitrus Berry,Psychic,Cosmic Power,Recover,Reflect Type,Timid,255 HP / 255 Speed,255,0,0,255,0,0,31 all,23 all,Illuminate (1/3) / Natural Cure (1/3) / Analytic (1/3),Genderless,255,NPC + Agency,65,Trainer IDs 50-69 (23 IV),Illuminate / Natural Cure / Analytic,255
"Buster (Hiker) / Kass, Scoop, Dylan, Evander (Punk Guy) / Xaden, Giles (Janitor) / Skip (Worker)",336,Flygon,Default,Weakness Policy,Earthquake,Dragon Claw,Endure,Fire Blast,Naive,255 Attack / 255 Speed,0,255,0,255,0,0,31 all,"19,23 all",Levitate (3/3),PID-derived species ratio (sex_vector=127),255,NPC + Agency,"21,30,31,32,33,57,58,59",Trainer IDs 0-49 (19 IV); Trainer IDs 50-69 (23 IV),Levitate / Levitate / Levitate,127
"Florian, Robin, Max, Bert (Youngster) / Percy, Conley, Emery (Office Worker) / Skip (Worker)",337,Klinklang,Default,Shuca Berry,Gear Grind,Thunder Wave,Screech,Volt Switch,Impish,255 HP / 255 Speed,255,0,0,255,0,0,31 all,"19,23 all",Plus (1/3) / Minus (1/3) / Clear Body (1/3),Genderless,255,NPC + Agency,"0,1,2,3,24,25,26,59",Trainer IDs 0-49 (19 IV); Trainer IDs 50-69 (23 IV),Plus / Minus / Clear Body,255
"Rocky, Kendra (Preschooler) / Myrna, Eva, Agrata, Abby (Punk Girl) / Kaula, Charlene (Sightseer) / Henry (Gentleman)",338,Chandelure,Default,Spell Tag,Flamethrower,Confuse Ray,Will-O-Wisp,Hex,Modest,170 HP / 170 Speed / 170 Sp. Atk,170,0,0,170,170,0,31 all,"19,23 all",Flash Fire (1/3) / Flame Body (1/3) / Infiltrator (1/3),PID-derived species ratio (sex_vector=127),255,NPC + Agency,"10,12,34,35,36,37,53,54,62",Trainer IDs 0-49 (19 IV); Trainer IDs 50-69 (23 IV),Flash Fire / Flame Body / Infiltrator,127
"Ferdinand, Rico, Jasper, Mercy, Helen, Gladys (Preschooler) / Darla, Kayla (Backpacker) / Sorley, Marsha (Rising Star)",339,Vaporeon,Default,Quick Claw,Wish,Surf,Helping Hand,Shadow Ball,Quiet,255 Defense / 255 Sp. Atk,0,0,255,0,255,0,31 all,19 all,Water Absorb (2/3) / Hydration (1/3),PID-derived species ratio (sex_vector=31),255,NPC + Agency,"8,9,11,13,14,15,16,19,46,49",Trainer IDs 0-49 (19 IV),Water Absorb / Water Absorb / Hydration,31
"Sophia, Shanta, Rachel, Chan (Lass) / Darla, Kayla (Backpacker) / Parker, Isaac, Ayden, Alwyn, Mardea, Gabriella (Youth Athlete)",340,Jolteon,Default,Magnet,Quick Attack,Thunderbolt,Thunder Wave,Swagger,Hasty,255 Speed / 255 Sp. Atk,0,0,0,255,255,0,31 all,19 all,Volt Absorb (2/3) / Quick Feet (1/3),PID-derived species ratio (sex_vector=31),255,NPC + Agency,"4,5,6,7,16,19,38,39,40,41,42,43",Trainer IDs 0-49 (19 IV),Volt Absorb / Volt Absorb / Quick Feet,31
"Sophia, Shanta, Rachel, Chan (Lass) / Darla, Kayla (Backpacker) / Cleavant (Hiker) / Duncan, Nobunaga (Collector)",341,Flareon,Default,Focus Sash,Quick Attack,Flail,Work Up,Fire Blast,Naughty,255 Attack / 255 Sp. Atk,0,255,0,0,255,0,31 all,"19,23 all",Flash Fire (2/3) / Guts (1/3),PID-derived species ratio (sex_vector=31),255,NPC + Agency,"4,5,6,7,16,19,20,68,69",Trainer IDs 0-49 (19 IV); Trainer IDs 50-69 (23 IV),Flash Fire / Flash Fire / Guts,31
"Ferdinand, Rico, Jasper, Mercy, Helen, Gladys (Preschooler) / Darla, Kayla (Backpacker) / Parker, Isaac, Ayden, Alwyn, Mardea, Gabriella (Youth Athlete)",342,Espeon,Default,Focus Sash,Yawn,Dream Eater,Calm Mind,Protect,Naive,255 Speed / 255 Sp. Atk,0,0,0,255,255,0,31 all,19 all,Synchronize (2/3) / Magic Bounce (1/3),PID-derived species ratio (sex_vector=31),255,NPC + Agency,"8,9,11,13,14,15,16,19,38,39,40,41,42,43",Trainer IDs 0-49 (19 IV),Synchronize / Synchronize / Magic Bounce,31
"Ferdinand, Rico, Jasper, Mercy, Helen, Gladys (Preschooler) / Darla, Kayla (Backpacker) / Kass, Scoop, Dylan, Evander (Punk Guy) / Myrna, Eva, Agrata, Abby (Punk Girl)",343,Umbreon,Default,Leftovers,Confuse Ray,Payback,Curse,Moonlight,Impish,255 HP / 255 Defense,255,0,255,0,0,0,31 all,19 all,Synchronize (2/3) / Inner Focus (1/3),PID-derived species ratio (sex_vector=31),255,NPC + Agency,"8,9,11,13,14,15,16,19,30,31,32,33,34,35,36,37",Trainer IDs 0-49 (19 IV),Synchronize / Synchronize / Inner Focus,31
"Mercy, Helen, Gladys (Preschooler) / Darla, Kayla (Backpacker) / Cheryl (Madame)",344,Leafeon,Default,Scope Lens,X-Scissor,Leaf Blade,Swords Dance,Grass Whistle,Impish,255 HP / 255 Speed,255,0,0,255,0,0,31 all,"19,23 all",Leaf Guard (2/3) / Chlorophyll (1/3),PID-derived species ratio (sex_vector=31),255,NPC + Agency,"13,14,15,16,19,65",Trainer IDs 0-49 (19 IV); Trainer IDs 50-69 (23 IV),Leaf Guard / Leaf Guard / Chlorophyll,31
"Ferdinand, Rico, Jasper, Mercy, Helen, Gladys (Preschooler) / Darla, Kayla (Backpacker) / Christopher, Brandi (Rising Star) / JT, Benjamin (Worker) / Cheryl (Madame)",345,Glaceon,Default,Quick Claw,Ice Shard,Blizzard,Mirror Coat,Helping Hand,Rash,255 HP / 255 Sp. Atk,255,0,0,0,255,0,31 all,"19,23 all",Snow Cloak (2/3) / Ice Body (1/3),PID-derived species ratio (sex_vector=31),255,NPC + Agency,"8,9,11,13,14,15,16,19,45,48,60,61,65",Trainer IDs 0-49 (19 IV); Trainer IDs 50-69 (23 IV),Snow Cloak / Snow Cloak / Ice Body,31
"Sophia, Shanta, Rachel, Chan (Lass) / Darla, Kayla (Backpacker) / Percy, Conley, Emery (Office Worker) / Parker, Isaac, Ayden, Alwyn, Mardea, Gabriella (Youth Athlete)",346,Lucario,Default,Fightinium Z,Metal Sound,Dark Pulse,Aura Sphere,Heal Pulse,Modest,255 Speed / 255 Sp. Atk,0,0,0,255,255,0,31 all,19 all,Steadfast (1/3) / Inner Focus (1/3) / Justified (1/3),PID-derived species ratio (sex_vector=31),255,NPC + Agency,"4,5,6,7,16,19,24,25,26,38,39,40,41,42,43",Trainer IDs 0-49 (19 IV),Steadfast / Inner Focus / Justified,31
"Ferdinand, Rico, Jasper, Mercy, Helen, Gladys (Preschooler) / Tammy, Reese (Backpacker) / Buster, Arlo, Levine (Hiker) / Jairo, Xaden, Giles (Janitor) / Skip (Worker) / Lou, Benji (Police Officer)",347,Hippowdon,Default,Soft Sand,Earthquake,Crunch,Yawn,Whirlwind,Impish,255 Attack / 255 Defense,0,255,255,0,0,0,31 all,"19,23,31 all",Sand Stream (2/3) / Sand Force (1/3),PID-derived species ratio (sex_vector=127),255,NPC + Agency,"8,9,11,13,14,15,17,18,21,22,23,56,57,58,59,91,92",Trainer IDs 0-49 (19 IV); Trainer IDs 50-69 (23 IV); Trainer IDs 90-189 (31 IV),Sand Stream / Sand Stream / Sand Force,127
"Ferdinand, Rico, Jasper, Mercy, Helen, Gladys (Preschooler) / Darla, Kayla (Backpacker) / Kass, Scoop, Dylan, Evander (Punk Guy) / Myrna, Eva, Agrata, Abby (Punk Girl)",348,Liepard,Default,Roseli Berry,Snarl,Shadow Ball,Snatch,Fake Out,Timid,255 Speed / 255 Sp. Atk,0,0,0,255,255,0,31 all,19 all,Limber (1/3) / Unburden (1/3) / Prankster (1/3),PID-derived species ratio (sex_vector=127),255,NPC + Agency,"8,9,11,13,14,15,16,19,30,31,32,33,34,35,36,37",Trainer IDs 0-49 (19 IV),Limber / Unburden / Prankster,127
"Sophia, Shanta, Rachel, Chan (Lass) / Percy, Conley, Emery (Office Worker) / Hart, Odessa (Sightseer)",349,Dusknoir,Default,Leftovers,Disable,Will-O-Wisp,Pain Split,Mean Look,Bold,255 HP / 255 Defense,255,0,255,0,0,0,31 all,"19,23 all",Pressure (2/3) / Frisk (1/3),PID-derived species ratio (sex_vector=127),255,NPC + Agency,"4,5,6,7,24,25,26,52,55",Trainer IDs 0-49 (19 IV); Trainer IDs 50-69 (23 IV),Pressure / Pressure / Frisk,127
"Sophia, Shanta, Rachel, Chan (Lass) / Darla, Kayla (Backpacker) / Winnie, Prudence, Dominica (Office Worker) / Hart, Odessa (Sightseer) / Henry (Gentleman)",350,Mienshao,Default,Salac Berry,U-turn,Endure,Calm Mind,Baton Pass,Naive,255 HP / 255 Speed,255,0,0,255,0,0,31 all,"19,23 all",Inner Focus (1/3) / Regenerator (1/3) / Reckless (1/3),PID-derived species ratio (sex_vector=127),255,NPC + Agency,"4,5,6,7,16,19,27,28,29,52,55,62",Trainer IDs 0-49 (19 IV); Trainer IDs 50-69 (23 IV),Inner Focus / Regenerator / Reckless,127
"Ferdinand, Rico, Jasper, Mercy, Helen, Gladys (Preschooler) / Christopher, Sorley, Brandi, Marsha (Rising Star) / Jairo (Janitor) / JT, Benjamin (Worker)",351,Beartic,Default,Sitrus Berry,Shadow Claw,Stone Edge,Avalanche,Bulk Up,Brave,255 Attack / 255 Sp. Def,0,255,0,0,0,255,31 all,"19,23 all",Snow Cloak (1/3) / Slush Rush (1/3) / Swift Swim (1/3),PID-derived species ratio (sex_vector=127),255,NPC + Agency,"8,9,11,13,14,15,45,46,48,49,56,60,61",Trainer IDs 0-49 (19 IV); Trainer IDs 50-69 (23 IV),Snow Cloak / Slush Rush / Swift Swim,127
"Winnie, Prudence, Dominica (Office Worker) / Parker, Isaac, Ayden, Alwyn, Mardea, Gabriella (Youth Athlete) / Cheryl (Madame)",352,Bouffalant,Default,Silk Scarf,Head Charge,Pursuit,Scary Face,Aerial Ace,Adamant,255 HP / 255 Attack,255,255,0,0,0,0,31 all,"19,23 all",Reckless (1/3) / Sap Sipper (1/3) / Soundproof (1/3),PID-derived species ratio (sex_vector=127),255,NPC + Agency,"27,28,29,38,39,40,41,42,43,65",Trainer IDs 0-49 (19 IV); Trainer IDs 50-69 (23 IV),Reckless / Sap Sipper / Soundproof,127
"Buster, Arlo, Levine (Hiker) / Percy, Conley, Emery (Office Worker) / Jairo (Janitor) / Skip (Worker)",353,Aggron,Default,Focus Sash,Protect,Roar,Stealth Rock,Metal Burst,Impish,255 HP / 255 Sp. Def,255,0,0,0,0,255,31 all,"19,23 all",Sturdy (1/3) / Rock Head (1/3) / Heavy Metal (1/3),PID-derived species ratio (sex_vector=127),255,NPC + Agency,"21,22,23,24,25,26,56,59",Trainer IDs 0-49 (19 IV); Trainer IDs 50-69 (23 IV),Sturdy / Rock Head / Heavy Metal,127
"Kaula, Charlene (Sightseer) / JT, Benjamin (Worker) / Cheryl (Madame)",354,Walrein,Default,Chesto Berry,Frost Breath,Snore,Stockpile,Rest,Calm,255 Defense / 255 Sp. Def,0,0,255,0,0,255,31 all,23 all,Thick Fat (1/3) / Ice Body (1/3) / Oblivious (1/3),PID-derived species ratio (sex_vector=127),255,NPC + Agency,"53,54,60,61,65",Trainer IDs 50-69 (23 IV),Thick Fat / Ice Body / Oblivious,127
"Buster (Hiker) / Christopher, Beatrice, Brandi (Rising Star) / Kaula, Charlene (Sightseer) / JT, Benjamin (Worker) / Cheryl (Madame)",355,Mamoswine,Default,Passho Berry,Double Hit,Earthquake,Icicle Crash,Stealth Rock,Adamant,170 Attack / 170 Speed / 170 Sp. Def,0,170,0,170,0,170,31 all,"19,23 all",Oblivious (1/3) / Snow Cloak (1/3) / Thick Fat (1/3),PID-derived species ratio (sex_vector=127),255,NPC + Agency,"21,45,47,48,53,54,60,61,65",Trainer IDs 0-49 (19 IV); Trainer IDs 50-69 (23 IV),Oblivious / Snow Cloak / Thick Fat,127
"Cleavant (Hiker) / Winnie, Prudence, Dominica (Office Worker) / Sorley, Beatrice, Marsha (Rising Star) / Henry (Gentleman) / Christy, Verna (Madame) / Brantley, Camber (Firefighter) / Red (Battle Legend)",356,Lapras,Default,Damp Rock,Rain Dance,Thunder,Ice Shard,Confuse Ray,Quiet,255 Defense / 255 Sp. Atk,0,0,255,0,255,0,31 all,"19,23,27,31 all",Water Absorb (1/3) / Shell Armor (1/3) / Hydration (1/3),PID-derived species ratio (sex_vector=127),255,NPC + Agency,"20,27,28,29,46,47,49,62,66,67,88,89,203",Battle Legend/featured IDs 190-205 (31 IV); Trainer IDs 0-49 (19 IV); Trainer IDs 50-69 (23 IV); Trainer IDs 70-89 (27 IV),Water Absorb / Shell Armor / Hydration,127
"Sophia, Shanta, Rachel, Chan (Lass) / Kass, Scoop, Dylan, Evander (Punk Guy) / Myrna, Eva, Agrata, Abby (Punk Girl) / Parker, Isaac, Ayden, Alwyn, Mardea, Gabriella (Youth Athlete)",357,Crobat,Default,Charti Berry,Cross Poison,X-Scissor,Hypnosis,U-turn,Jolly,255 Attack / 255 Speed,0,255,0,255,0,0,31 all,19 all,Inner Focus (2/3) / Infiltrator (1/3),PID-derived species ratio (sex_vector=127),255,NPC + Agency,"4,5,6,7,30,31,32,33,34,35,36,37,38,39,40,41,42,43",Trainer IDs 0-49 (19 IV),Inner Focus / Inner Focus / Infiltrator,127
"Sophia, Shanta, Rachel, Chan (Lass) / Percy, Conley, Emery (Office Worker) / Skip (Worker)",358,Magnezone,Default,Steelium Z,Metal Sound,Flash Cannon,Thunderbolt,Magnet Rise,Rash,255 HP / 255 Sp. Atk,255,0,0,0,255,0,31 all,"19,23 all",Magnet Pull (1/3) / Sturdy (1/3) / Analytic (1/3),Genderless,255,NPC + Agency,"4,5,6,7,24,25,26,59",Trainer IDs 0-49 (19 IV); Trainer IDs 50-69 (23 IV),Magnet Pull / Sturdy / Analytic,255
"Buster, Arlo, Levine (Hiker) / Kass, Scoop, Dylan, Evander (Punk Guy) / Kaula, Charlene (Sightseer) / Xaden, Giles (Janitor) / Skip (Worker) / Blue (Battle Legend)",359,Rhyperior,Default,Zoom Lens,Payback,Rock Blast,Stone Edge,Protect,Brave,170 HP / 170 Attack / 170 Sp. Def,170,170,0,0,0,170,31 all,"19,23,31 all",Lightning Rod (1/3) / Solid Rock (1/3) / Reckless (1/3),PID-derived species ratio (sex_vector=127),255,NPC + Agency,"21,22,23,30,31,32,33,53,54,57,58,59,204",Battle Legend/featured IDs 190-205 (31 IV); Trainer IDs 0-49 (19 IV); Trainer IDs 50-69 (23 IV),Lightning Rod / Solid Rock / Reckless,127
"Sophia, Shanta, Rachel, Chan (Lass) / Percy, Conley, Emery (Office Worker) / Kaula, Charlene (Sightseer) / Jairo (Janitor)",360,Tangrowth,Default,Big Root,Leech Seed,Ingrain,Giga Drain,Toxic,Bold,170 HP / 170 Defense / 170 Sp. Def,170,0,170,0,0,170,31 all,"19,23 all",Chlorophyll (1/3) / Leaf Guard (1/3) / Regenerator (1/3),PID-derived species ratio (sex_vector=127),255,NPC + Agency,"4,5,6,7,24,25,26,53,54,56",Trainer IDs 0-49 (19 IV); Trainer IDs 50-69 (23 IV),Chlorophyll / Leaf Guard / Regenerator,127
"Ferdinand, Rico, Jasper, Mercy, Helen, Gladys (Preschooler) / Darla, Kayla (Backpacker) / Cleavant (Hiker) / Percy, Conley, Emery (Office Worker)",361,Porygon-Z,Default,Wise Glasses,Psychic,Shadow Ball,Thunderbolt,Thunder Wave,Modest,255 Speed / 255 Sp. Atk,0,0,0,255,255,0,31 all,19 all,Adaptability (1/3) / Download (1/3) / Analytic (1/3),Genderless,255,NPC + Agency,"8,9,11,13,14,15,16,19,20,24,25,26",Trainer IDs 0-49 (19 IV),Adaptability / Download / Analytic,255
"Ferdinand, Rico, Jasper, Mercy, Helen, Gladys (Preschooler) / Winnie, Prudence, Dominica (Office Worker) / Christopher, Brandi (Rising Star) / JT, Benjamin (Worker)",362,Vanilluxe,Default,Never-Melt Ice,Ice Beam,Frost Breath,Mirror Coat,Icy Wind,Calm,170 HP / 170 Sp. Atk / 170 Sp. Def,170,0,0,0,170,170,31 all,"19,23 all",Ice Body (1/3) / Snow Warning (1/3) / Weak Armor (1/3),PID-derived species ratio (sex_vector=127),255,NPC + Agency,"8,9,11,13,14,15,27,28,29,45,48,60,61",Trainer IDs 0-49 (19 IV); Trainer IDs 50-69 (23 IV),Ice Body / Snow Warning / Weak Armor,127
"Cleavant (Hiker) / Percy, Conley, Emery (Office Worker) / Cooper, Darien (Sightseer) / Skip (Worker)",363,Eelektross,Default,Magnet,Discharge,Gastro Acid,Thunderbolt,Thunder Wave,Quiet,255 HP / 255 Sp. Atk,255,0,0,0,255,0,31 all,"19,23 all",Levitate (3/3),PID-derived species ratio (sex_vector=127),255,NPC + Agency,"20,24,25,26,50,51,59",Trainer IDs 0-49 (19 IV); Trainer IDs 50-69 (23 IV),Levitate / Levitate / Levitate,127
"Kass, Scoop, Dylan, Evander (Punk Guy) / Myrna, Eva, Agrata, Abby (Punk Girl) / Beatrice (Rising Star) / Hart, Odessa (Sightseer) / Blue (Battle Legend)",364,Gyarados,Default,Muscle Band,Ice Fang,Aqua Tail,Thunder Wave,Dragon Dance,Lonely,170 HP / 170 Attack / 170 Speed,170,170,0,170,0,0,31 all,"19,23,31 all",Intimidate (2/3) / Moxie (1/3),PID-derived species ratio (sex_vector=127),255,NPC + Agency,"30,31,32,33,34,35,36,37,47,52,55,204",Battle Legend/featured IDs 190-205 (31 IV); Trainer IDs 0-49 (19 IV); Trainer IDs 50-69 (23 IV),Intimidate / Intimidate / Moxie,127
"Cleavant (Hiker) / Winnie, Prudence, Dominica (Office Worker) / Myrna, Eva, Agrata, Abby (Punk Girl) / Ryder (Rising Star) / Duncan, Nobunaga (Collector) / Red (Battle Legend)",365,Snorlax,Default,Sitrus Berry,Return,Wild Charge,Counter,Recycle,Adamant,255 Attack / 255 Defense,0,255,255,0,0,0,31 all,"19,23,31 all",Immunity (1/3) / Thick Fat (1/3) / Gluttony (1/3),PID-derived species ratio (sex_vector=31),255,NPC + Agency,"20,27,28,29,34,35,36,37,44,68,69,203",Battle Legend/featured IDs 190-205 (31 IV); Trainer IDs 0-49 (19 IV); Trainer IDs 50-69 (23 IV),Immunity / Thick Fat / Gluttony,31
"Percy, Conley, Emery (Office Worker) / Ryder, Sorley, Marsha (Rising Star) / Cooper, Darien (Sightseer) / Henry (Gentleman)",366,Kingdra,Default,Persim Berry,Waterfall,Quash,Protect,Outrage,Adamant,170 HP / 170 Attack / 170 Speed,170,170,0,170,0,0,31 all,"19,23 all",Swift Swim (1/3) / Sniper (1/3) / Damp (1/3),PID-derived species ratio (sex_vector=127),255,NPC + Agency,"24,25,26,44,46,49,50,51,62",Trainer IDs 0-49 (19 IV); Trainer IDs 50-69 (23 IV),Swift Swim / Sniper / Damp,127
"Ferdinand, Rico, Jasper, Mercy, Helen, Gladys (Preschooler) / Cleavant (Hiker) / Winnie, Prudence, Dominica (Office Worker)",367,Blissey,Default,Leftovers,Attract,Round,Heal Pulse,Aromatherapy,Calm,255 Defense / 255 Sp. Def,0,0,255,0,0,255,31 all,19 all,Natural Cure (1/3) / Serene Grace (1/3) / Healer (1/3),Female-only,255,NPC + Agency,"8,9,11,13,14,15,20,27,28,29",Trainer IDs 0-49 (19 IV),Natural Cure / Serene Grace / Healer,254
"Cleavant (Hiker) / Winnie, Prudence, Dominica (Office Worker) / Sorley, Beatrice, Marsha (Rising Star) / Cheryl (Madame) / Duncan, Nobunaga (Collector)",368,Milotic,Default,Enigma Berry,Surf,Recover,Mirror Coat,Confuse Ray,Bold,255 HP / 255 Defense,255,0,255,0,0,0,31 all,"19,23 all",Marvel Scale (1/3) / Competitive (1/3) / Cute Charm (1/3),PID-derived species ratio (sex_vector=127),255,NPC + Agency,"20,27,28,29,46,47,49,65,68,69",Trainer IDs 0-49 (19 IV); Trainer IDs 50-69 (23 IV),Marvel Scale / Competitive / Cute Charm,127
"Kass, Scoop, Dylan, Evander (Punk Guy) / Myrna, Eva, Agrata, Abby (Punk Girl) / Henry (Gentleman)",369,Malamar,Default,Tanga Berry,Payback,Psycho Cut,Reflect,Flatter,Adamant,255 Attack / 255 Defense,0,255,255,0,0,0,31 all,"19,23 all",Contrary (1/3) / Suction Cups (1/3) / Infiltrator (1/3),PID-derived species ratio (sex_vector=127),255,NPC + Agency,"30,31,32,33,34,35,36,37,62",Trainer IDs 0-49 (19 IV); Trainer IDs 50-69 (23 IV),Contrary / Suction Cups / Infiltrator,127
"Darla, Kayla (Backpacker) / Buster, Arlo, Levine (Hiker) / Cooper, Darien, Kaula, Charlene (Sightseer) / Xaden, Giles (Janitor) / Skip (Worker)",370,Sandslash,Default,Quick Claw,Dig,Poison Jab,Swagger,Sand Attack,Impish,255 HP / 255 Defense,255,0,255,0,0,0,31 all,"19,23 all",Sand Veil (2/3) / Sand Rush (1/3),PID-derived species ratio (sex_vector=127),255,NPC + Agency,"16,19,21,22,23,50,51,53,54,57,58,59",Trainer IDs 0-49 (19 IV); Trainer IDs 50-69 (23 IV),Sand Veil / Sand Veil / Sand Rush,127
"Cleavant (Hiker) / Kass, Scoop, Dylan, Evander (Punk Guy) / Parker, Isaac, Ayden, Alwyn, Mardea, Gabriella (Youth Athlete) / Duncan, Nobunaga (Collector)",371,Haxorus,Default,Haban Berry,Dual Chop,Earthquake,Roar,Taunt,Hasty,255 Attack / 255 Speed,0,255,0,255,0,0,31 all,"19,23 all",Rivalry (1/3) / Mold Breaker (1/3) / Unnerve (1/3),PID-derived species ratio (sex_vector=127),255,NPC + Agency,"20,30,31,32,33,38,39,40,41,42,43,68,69",Trainer IDs 0-49 (19 IV); Trainer IDs 50-69 (23 IV),Rivalry / Mold Breaker / Unnerve,127
"Sophia, Shanta, Rachel, Chan (Lass) / Cleavant (Hiker) / Winnie, Prudence, Dominica (Office Worker) / Parker, Isaac, Ayden, Alwyn, Mardea, Gabriella (Youth Athlete)",372,Togekiss,Default,Sitrus Berry,Encore,Follow Me,Reflect,Dazzling Gleam,Calm,255 HP / 255 Sp. Def,255,0,0,0,0,255,31 all,19 all,Hustle (1/3) / Serene Grace (1/3) / Super Luck (1/3),PID-derived species ratio (sex_vector=31),255,NPC + Agency,"4,5,6,7,20,27,28,29,38,39,40,41,42,43",Trainer IDs 0-49 (19 IV),Hustle / Serene Grace / Super Luck,31
"Florian, Robin, Max, Bert (Youngster) / Rocky, Kendra (Preschooler) / Cleavant (Hiker) / Henry (Gentleman) / Duncan, Nobunaga (Collector)",373,Volcarona,Default,Power Herb,Fire Spin,Heat Wave,Solar Beam,Whirlwind,Modest,255 HP / 255 Speed,255,0,0,255,0,0,31 all,"19,23 all",Flame Body (2/3) / Swarm (1/3),PID-derived species ratio (sex_vector=127),255,NPC + Agency,"0,1,2,3,10,12,20,62,68,69",Trainer IDs 0-49 (19 IV); Trainer IDs 50-69 (23 IV),Flame Body / Flame Body / Swarm,127
"Sophia, Shanta, Rachel, Chan (Lass) / Rocky, Kendra (Preschooler) / Beatrice (Rising Star) / Hart, Odessa (Sightseer) / Henry, Ikram, Jerry (Gentleman) / Cheryl (Madame) / Kiernan, Gertrude (Pokémon Breeder) / Blue (Battle Legend)",374,Arcanine,Default,Firium Z,Flamethrower,Solar Beam,Burn Up,Sunny Day,Modest,255 Speed / 255 Sp. Atk,0,0,0,255,255,0,31 all,"19,23,27,31 all",Intimidate (1/3) / Flash Fire (1/3) / Justified (1/3),PID-derived species ratio (sex_vector=63),255,NPC + Agency,"4,5,6,7,10,12,47,52,55,62,63,64,65,78,81,204",Battle Legend/featured IDs 190-205 (31 IV); Trainer IDs 0-49 (19 IV); Trainer IDs 50-69 (23 IV); Trainer IDs 70-89 (27 IV),Intimidate / Flash Fire / Justified,63
"Cleavant, Buster (Hiker) / Parker, Isaac, Ayden, Alwyn, Mardea, Gabriella (Youth Athlete)",375,Archeops,Default,Sitrus Berry,Quick Attack,Acrobatics,Crunch,U-turn,Jolly,255 Attack / 255 Speed,0,255,0,255,0,0,31 all,19 all,Defeatist (3/3),PID-derived species ratio (sex_vector=31),255,NPC + Agency,"20,21,38,39,40,41,42,43",Trainer IDs 0-49 (19 IV),Defeatist / Defeatist / Defeatist,31
"Ferdinand, Rico, Jasper (Preschooler) / Darla, Kayla (Backpacker) / Cleavant (Hiker) / Henry (Gentleman) / Duncan, Nobunaga (Collector)",376,Dragonite,Default,Custap Berry,Toxic,Thunder Wave,Roost,Rock Slide,Impish,170 HP / 170 Defense / 170 Sp. Def,170,0,170,0,0,170,31 all,"19,23 all",Inner Focus (2/3) / Multiscale (1/3),PID-derived species ratio (sex_vector=127),255,NPC + Agency,"8,9,11,16,19,20,62,68,69",Trainer IDs 0-49 (19 IV); Trainer IDs 50-69 (23 IV),Inner Focus / Inner Focus / Multiscale,127
"Cleavant, Buster, Arlo, Levine (Hiker) / Kass, Scoop, Dylan, Evander (Punk Guy) / Myrna, Eva, Agrata, Abby (Punk Girl) / Xaden, Giles (Janitor) / Lou, Benji (Police Officer) / Blue (Battle Legend)",377,Tyranitar,Default,Iron Ball,Rock Slide,Stealth Rock,Thunder Wave,Fling,Impish,255 HP / 255 Sp. Def,255,0,0,0,0,255,31 all,"19,23,31 all",Sand Stream (2/3) / Unnerve (1/3),PID-derived species ratio (sex_vector=127),255,NPC + Agency,"20,21,22,23,30,31,32,33,34,35,36,37,57,58,91,92,204",Battle Legend/featured IDs 190-205 (31 IV); Trainer IDs 0-49 (19 IV); Trainer IDs 50-69 (23 IV); Trainer IDs 90-189 (31 IV),Sand Stream / Sand Stream / Unnerve,127
"Cleavant (Hiker) / Winnie, Prudence, Dominica (Office Worker) / Ryder (Rising Star) / Hart, Odessa (Sightseer) / Henry (Gentleman) / Duncan, Nobunaga (Collector)",378,Salamence,Default,Yache Berry,Roost,Scary Face,Dragon Tail,Earthquake,Adamant,170 Attack / 170 Defense / 170 Sp. Def,0,170,170,0,0,170,31 all,"19,23 all",Intimidate (2/3) / Moxie (1/3),PID-derived species ratio (sex_vector=127),255,NPC + Agency,"20,27,28,29,44,52,55,62,68,69",Trainer IDs 0-49 (19 IV); Trainer IDs 50-69 (23 IV),Intimidate / Intimidate / Moxie,127
"Cleavant, Buster, Arlo, Levine (Hiker) / Percy, Conley, Emery (Office Worker) / Jairo (Janitor) / Duncan, Nobunaga (Collector)",379,Metagross,Default,Occa Berry,Meteor Mash,Magnet Rise,Zen Headbutt,Agility,Naive,255 Attack / 255 Speed,0,255,0,255,0,0,31 all,"19,23 all",Clear Body (2/3) / Light Metal (1/3),Genderless,255,NPC + Agency,"20,21,22,23,24,25,26,56,68,69",Trainer IDs 0-49 (19 IV); Trainer IDs 50-69 (23 IV),Clear Body / Clear Body / Light Metal,255
"Cleavant, Buster, Arlo, Levine (Hiker) / Jairo, Xaden, Giles (Janitor) / Henry (Gentleman) / Duncan, Nobunaga (Collector)",380,Garchomp,Default,Lax Incense,Earthquake,Protect,Sandstorm,Sand Tomb,Jolly,255 HP / 255 Speed,255,0,0,255,0,0,31 all,"19,23 all",Sand Veil (2/3) / Rough Skin (1/3),PID-derived species ratio (sex_vector=127),255,NPC + Agency,"20,21,22,23,56,57,58,62,68,69",Trainer IDs 0-49 (19 IV); Trainer IDs 50-69 (23 IV),Sand Veil / Sand Veil / Rough Skin,127
"Cleavant (Hiker) / Kass, Scoop, Dylan, Evander (Punk Guy) / Myrna, Eva, Agrata, Abby (Punk Girl) / Henry (Gentleman)",381,Hydreigon,Default,Dragon Fang,Dragon Pulse,Earth Power,Surf,Dragon Tail,Rash,255 Attack / 255 Speed,0,255,0,255,0,0,31 all,"19,23 all",Levitate (3/3),PID-derived species ratio (sex_vector=127),255,NPC + Agency,"20,30,31,32,33,34,35,36,37,62",Trainer IDs 0-49 (19 IV); Trainer IDs 50-69 (23 IV),Levitate / Levitate / Levitate,127
"Cleavant (Hiker) / Kass, Scoop, Dylan, Evander (Punk Guy) / Myrna, Eva, Agrata, Abby (Punk Girl) / Duncan, Nobunaga (Collector)",382,Slaking,Default,Chople Berry,Earthquake,Brick Break,Rock Slide,Encore,Naive,255 Attack / 255 Speed,0,255,0,255,0,0,31 all,"19,23 all",Truant (3/3),PID-derived species ratio (sex_vector=127),255,NPC + Agency,"20,30,31,32,33,34,35,36,37,68,69",Trainer IDs 0-49 (19 IV); Trainer IDs 50-69 (23 IV),Truant / Truant / Truant,127
"Henry, Ikram, Jerry (Gentleman) / Anisa, Calliope (Golfer) / Red (Battle Legend)",383,Venusaur,Default,Grassium Z,Roar,Venoshock,Power Whip,Earthquake,Brave,170 HP / 170 Attack / 170 Defense,170,170,170,0,0,0,31 all,"23,27,31 all",Overgrow (2/3) / Chlorophyll (1/3),PID-derived species ratio (sex_vector=31),255,NPC + Agency,"62,63,64,73,74,203",Battle Legend/featured IDs 190-205 (31 IV); Trainer IDs 50-69 (23 IV); Trainer IDs 70-89 (27 IV),Overgrow / Overgrow / Chlorophyll,31
"Henry, Ikram, Jerry (Gentleman) / Julien, Sly (Cook) / Red (Battle Legend)",384,Charizard,Default,Charti Berry,Dragon Claw,Shadow Claw,Rock Slide,Dragon Dance,Adamant,255 Attack / 255 Speed,0,255,0,255,0,0,31 all,"23,27,31 all",Blaze (2/3) / Solar Power (1/3),PID-derived species ratio (sex_vector=31),255,NPC + Agency,"62,63,64,85,86,203",Battle Legend/featured IDs 190-205 (31 IV); Trainer IDs 50-69 (23 IV); Trainer IDs 70-89 (27 IV),Blaze / Blaze / Solar Power,31
"Jairo (Janitor) / Christy, Verna (Madame) / Brantley, Camber (Firefighter) / Red (Battle Legend)",385,Blastoise,Default,Blastoisinite,Water Pulse,Aura Sphere,Dark Pulse,Dragon Pulse,Quiet,255 HP / 255 Sp. Atk,255,0,0,0,255,0,31 all,"23,27,31 all",Torrent (2/3) / Rain Dish (1/3),PID-derived species ratio (sex_vector=31),255,NPC + Agency,"56,66,67,88,89,203",Battle Legend/featured IDs 190-205 (31 IV); Trainer IDs 50-69 (23 IV); Trainer IDs 70-89 (27 IV),Torrent / Torrent / Rain Dish,31
"Kaula, Charlene (Sightseer) / Skip (Worker)",386,Meganium,Default,Chesto Berry,Double Team,Petal Blizzard,Substitute,Rest,Bold,255 HP / 255 Defense,255,0,255,0,0,0,31 all,23 all,Overgrow (2/3) / Leaf Guard (1/3),PID-derived species ratio (sex_vector=31),255,NPC + Agency,"53,54,59",Trainer IDs 50-69 (23 IV),Overgrow / Overgrow / Leaf Guard,31
"Cooper (Sightseer) / Skip (Worker) / Henry (Gentleman) / Kiernan, Gertrude (Pokémon Breeder)",387,Typhlosion,Default,Wide Lens,Inferno,Focus Blast,Extrasensory,Will-O-Wisp,Naive,255 Speed / 255 Sp. Atk,0,0,0,255,255,0,31 all,"23,27 all",Blaze (2/3) / Flash Fire (1/3),PID-derived species ratio (sex_vector=31),255,NPC + Agency,"50,59,62,78,81",Trainer IDs 50-69 (23 IV); Trainer IDs 70-89 (27 IV),Blaze / Blaze / Flash Fire,31
"Christy, Verna (Madame) / Duncan, Nobunaga (Collector)",388,Feraligatr,Default,Liechi Berry,Superpower,Aqua Tail,Ice Fang,Dragon Dance,Adamant,170 HP / 170 Attack / 170 Speed,170,170,0,170,0,0,31 all,23 all,Torrent (2/3) / Sheer Force (1/3),PID-derived species ratio (sex_vector=31),255,NPC + Agency,"66,67,68,69",Trainer IDs 50-69 (23 IV),Torrent / Torrent / Sheer Force,31
"Cooper, Darien (Sightseer) / Jairo (Janitor) / Dyson, Chip (Bellhop) / Julien, Sly (Cook)",389,Sceptile,Default,Scope Lens,Leaf Blade,Night Slash,Earthquake,Swords Dance,Hasty,255 Attack / 255 Speed,0,255,0,255,0,0,31 all,"23,27 all",Overgrow (2/3) / Unburden (1/3),PID-derived species ratio (sex_vector=31),255,NPC + Agency,"50,51,56,82,83,85,86",Trainer IDs 50-69 (23 IV); Trainer IDs 70-89 (27 IV),Overgrow / Overgrow / Unburden,31
"Jairo (Janitor) / Ikram, Jerry (Gentleman)",390,Blaziken,Default,Salac Berry,Blaze Kick,Flame Charge,Endure,Reversal,Adamant,170 HP / 170 Attack / 170 Speed,170,170,0,170,0,0,31 all,23 all,Blaze (2/3) / Speed Boost (1/3),PID-derived species ratio (sex_vector=31),255,NPC + Agency,"56,63,64",Trainer IDs 50-69 (23 IV),Blaze / Blaze / Speed Boost,31
"Skip (Worker) / Christy, Verna (Madame)",391,Swampert,Default,Chesto Berry,Waterfall,Hammer Arm,Rest,Curse,Careful,255 HP / 255 Sp. Def,255,0,0,0,0,255,31 all,23 all,Torrent (2/3) / Damp (1/3),PID-derived species ratio (sex_vector=31),255,NPC + Agency,"59,66,67",Trainer IDs 50-69 (23 IV),Torrent / Torrent / Damp,31
"Cooper, Darien (Sightseer) / Jairo (Janitor) / Dyson, Chip (Bellhop) / Julien, Sly (Cook)",392,Torterra,Default,Choice Scarf,Rock Slide,Earthquake,Wood Hammer,Tickle,Jolly,255 Attack / 255 Speed,0,255,0,255,0,0,31 all,"23,27 all",Overgrow (2/3) / Shell Armor (1/3),PID-derived species ratio (sex_vector=31),255,NPC + Agency,"50,51,56,82,83,85,86",Trainer IDs 50-69 (23 IV); Trainer IDs 70-89 (27 IV),Overgrow / Overgrow / Shell Armor,31
"Henry (Gentleman) / Duncan, Nobunaga (Collector) / Kiernan, Gertrude (Pokémon Breeder)",393,Infernape,Default,Charcoal,Heat Wave,Will-O-Wisp,Grass Knot,Calm Mind,Mild,170 HP / 170 Speed / 170 Sp. Atk,170,0,0,170,170,0,31 all,"23,27 all",Blaze (2/3) / Iron Fist (1/3),PID-derived species ratio (sex_vector=31),255,NPC + Agency,"62,68,69,78,81",Trainer IDs 50-69 (23 IV); Trainer IDs 70-89 (27 IV),Blaze / Blaze / Iron Fist,31
"Henry (Gentleman) / Christy, Verna (Madame)",394,Empoleon,Default,Muscle Band,Drill Peck,Aqua Jet,Metal Claw,Feather Dance,Lonely,170 HP / 170 Attack / 170 Sp. Def,170,170,0,0,0,170,31 all,23 all,Torrent (2/3) / Defiant (1/3),PID-derived species ratio (sex_vector=31),255,NPC + Agency,"62,66,67",Trainer IDs 50-69 (23 IV),Torrent / Torrent / Defiant,31
"Cheryl (Madame) / Duncan, Nobunaga (Collector)",395,Serperior,Default,Sitrus Berry,Leaf Tornado,Hidden Power,Mirror Coat,Captivate,Sassy,170 HP / 170 Sp. Atk / 170 Sp. Def,170,0,0,0,170,170,31 all,23 all,Overgrow (2/3) / Contrary (1/3),PID-derived species ratio (sex_vector=31),255,NPC + Agency,"65,68,69",Trainer IDs 50-69 (23 IV),Overgrow / Overgrow / Contrary,31
"Henry (Gentleman) / Duncan, Nobunaga (Collector) / Kiernan, Gertrude (Pokémon Breeder)",396,Emboar,Default,Quick Claw,Yawn,Wild Charge,Bulldoze,Heat Crash,Brave,170 Attack / 170 Defense / 170 Sp. Def,0,170,170,0,0,170,31 all,"23,27 all",Blaze (2/3) / Reckless (1/3),PID-derived species ratio (sex_vector=31),255,NPC + Agency,"62,68,69,78,81",Trainer IDs 50-69 (23 IV); Trainer IDs 70-89 (27 IV),Blaze / Blaze / Reckless,31
"Henry (Gentleman) / Christy, Verna (Madame) / Dara, Rada (Pokémon Breeder)",397,Samurott,Default,Zoom Lens,Blizzard,Giga Impact,Detect,Hydro Pump,Quiet,255 Attack / 255 Sp. Atk,0,255,0,0,255,0,31 all,"23,27 all",Torrent (2/3) / Shell Armor (1/3),PID-derived species ratio (sex_vector=31),255,NPC + Agency,"62,66,67,79,80",Trainer IDs 50-69 (23 IV); Trainer IDs 70-89 (27 IV),Torrent / Torrent / Shell Armor,31
"Cooper, Darien, Kaula, Charlene (Sightseer) / Xaden, Giles (Janitor)",398,Dugtrio,Default,Passho Berry,Sand Attack,Pursuit,Tri Attack,Dig,Naive,255 HP / 255 Speed,255,0,0,255,0,0,31 all,23 all,Sand Veil (1/3) / Arena Trap (1/3) / Sand Force (1/3),PID-derived species ratio (sex_vector=127),255,NPC + Agency,"50,51,53,54,57,58",Trainer IDs 50-69 (23 IV),Sand Veil / Arena Trap / Sand Force,127
"Cheryl, Christy, Verna (Madame) / Julien, Sly (Cook) / Brantley, Camber (Firefighter) / Variel, Atalanta (Dancer)",399,Marowak,Alolan,Air Balloon,Will-O-Wisp,Hex,Thunder,Rain Dance,Quiet,255 HP / 255 Sp. Atk,255,0,0,0,255,0,31 all,"23,27,31 all",Cursed Body (1/3) / Lightning Rod (1/3) / Rock Head (1/3),PID-derived species ratio (sex_vector=127),255,NPC + Agency,"65,66,67,85,86,88,89,100,101",Trainer IDs 50-69 (23 IV); Trainer IDs 70-89 (27 IV); Trainer IDs 90-189 (31 IV),Cursed Body / Lightning Rod / Rock Head,127
"Skip (Worker) / Henry, Jerry (Gentleman) / Dyson, Chip (Bellhop)",400,Medicham,Default,Psychium Z,Psychic,Shadow Ball,Energy Ball,Calm Mind,Timid,255 Speed / 255 Sp. Atk,0,0,0,255,255,0,31 all,"23,27 all",Pure Power (2/3) / Telepathy (1/3),PID-derived species ratio (sex_vector=127),255,NPC + Agency,"59,62,64,82,83",Trainer IDs 50-69 (23 IV); Trainer IDs 70-89 (27 IV),Pure Power / Pure Power / Telepathy,127
"Cooper, Darien (Sightseer) / Henry (Gentleman) / Nedry, Sheridan, Dara, Rada (Pokémon Breeder) / Blue (Battle Legend)",401,Pidgeot,Default,Flyinium Z,Mirror Move,Twister,Sand Attack,Double Team,Quiet,255 HP / 255 Sp. Atk,255,0,0,0,255,0,31 all,"23,27,31 all",Keen Eye (1/3) / Tangled Feet (1/3) / Big Pecks (1/3),PID-derived species ratio (sex_vector=127),255,NPC + Agency,"50,51,62,76,77,79,80,204",Battle Legend/featured IDs 190-205 (31 IV); Trainer IDs 50-69 (23 IV); Trainer IDs 70-89 (27 IV),Keen Eye / Tangled Feet / Big Pecks,127
"Cooper, Darien, Hart, Odessa (Sightseer) / Henry (Gentleman) / Zero (Bellhop) / Noah (Cook)",402,Mawile,Default,Fairium Z,Flash Cannon,Fairy Wind,Metal Burst,Shadow Ball,Modest,255 HP / 255 Sp. Atk,255,0,0,0,255,0,31 all,"23,27 all",Hyper Cutter (1/3) / Intimidate (1/3) / Sheer Force (1/3),PID-derived species ratio (sex_vector=127),255,NPC + Agency,"50,51,52,55,62,84,87",Trainer IDs 50-69 (23 IV); Trainer IDs 70-89 (27 IV),Hyper Cutter / Intimidate / Sheer Force,127
"Jairo (Janitor) / Duncan, Nobunaga (Collector) / Arnon, Alim (Golfer)",403,Banette,Default,Fairium Z,Dazzling Gleam,Snatch,Dark Pulse,Ominous Wind,Modest,255 HP / 255 Sp. Atk,255,0,0,0,255,0,31 all,"23,27 all",Insomnia (1/3) / Frisk (1/3) / Cursed Body (1/3),PID-derived species ratio (sex_vector=127),255,NPC + Agency,"56,68,69,70,71",Trainer IDs 50-69 (23 IV); Trainer IDs 70-89 (27 IV),Insomnia / Frisk / Cursed Body,127
Jairo (Janitor) / Henry (Gentleman) / Cheryl (Madame),404,Sableye,Default,Normalium Z,Captivate,Foul Play,Mean Look,Moonlight,Careful,255 HP / 255 Sp. Def,255,0,0,0,0,255,31 all,23 all,Keen Eye (1/3) / Stall (1/3) / Prankster (1/3),PID-derived species ratio (sex_vector=127),255,NPC + Agency,"56,62,65",Trainer IDs 50-69 (23 IV),Keen Eye / Stall / Prankster,127
"Cheryl, Christy, Verna (Madame) / Julien, Sly (Cook)",405,Lanturn,Default,Sitrus Berry,Thunder Wave,Charge Beam,Stockpile,Swallow,Calm,255 Defense / 255 Sp. Atk,0,0,255,0,255,0,31 all,"23,27 all",Volt Absorb (1/3) / Illuminate (1/3) / Water Absorb (1/3),PID-derived species ratio (sex_vector=127),255,NPC + Agency,"65,66,67,85,86",Trainer IDs 50-69 (23 IV); Trainer IDs 70-89 (27 IV),Volt Absorb / Illuminate / Water Absorb,127
"Cooper, Darien (Sightseer) / Jairo (Janitor) / Arnon, Alim, Anisa, Calliope (Golfer) / Dyson, Chip (Bellhop)",406,Breloom,Default,Toxic Orb,Substitute,Seed Bomb,Wake-Up Slap,Spore,Jolly,255 Attack / 255 Speed,0,255,0,255,0,0,31 all,"23,27 all",Effect Spore (1/3) / Poison Heal (1/3) / Technician (1/3),PID-derived species ratio (sex_vector=127),255,NPC + Agency,"50,51,56,70,71,73,74,82,83",Trainer IDs 50-69 (23 IV); Trainer IDs 70-89 (27 IV),Effect Spore / Poison Heal / Technician,127
"Kaula, Charlene (Sightseer) / Henry (Gentleman) / Nedry, Sheridan, Dara, Rada (Pokémon Breeder) / Perri (Pokémon Center Lady)",407,Audino,Default,Choice Specs,Hyper Voice,Thunder,Blizzard,Fire Blast,Modest,255 Defense / 255 Sp. Atk,0,0,255,0,255,0,31 all,"23,27,31 all",Healer (1/3) / Regenerator (1/3) / Klutz (1/3),PID-derived species ratio (sex_vector=127),255,NPC + Agency,"53,54,62,76,77,79,80,187",Trainer IDs 50-69 (23 IV); Trainer IDs 70-89 (27 IV); Trainer IDs 90-189 (31 IV),Healer / Regenerator / Klutz,127
"Jairo, Xaden, Giles (Janitor)",408,Skarmory,Default,Cell Battery,Brave Bird,Steel Wing,Swords Dance,Roar,Naughty,255 HP / 255 Speed,255,0,0,255,0,0,31 all,23 all,Keen Eye (1/3) / Sturdy (1/3) / Weak Armor (1/3),PID-derived species ratio (sex_vector=127),255,NPC + Agency,"56,57,58",Trainer IDs 50-69 (23 IV),Keen Eye / Sturdy / Weak Armor,127
"Hart, Odessa (Sightseer) / Henry (Gentleman)",409,Absol,Default,Chople Berry,Sucker Punch,Magic Coat,Psycho Cut,Taunt,Adamant,255 HP / 255 Attack,255,255,0,0,0,0,31 all,23 all,Pressure (1/3) / Super Luck (1/3) / Justified (1/3),PID-derived species ratio (sex_vector=127),255,NPC + Agency,"52,55,62",Trainer IDs 50-69 (23 IV),Pressure / Super Luck / Justified,127
"Cheryl, Christy, Verna (Madame) / Julien, Sly (Cook)",410,Sharpedo,Default,Poisonium Z,Poison Jab,Surf,Dark Pulse,Taunt,Mild,255 Speed / 255 Sp. Atk,0,0,0,255,255,0,31 all,"23,27 all",Rough Skin (2/3) / Speed Boost (1/3),PID-derived species ratio (sex_vector=127),255,NPC + Agency,"65,66,67,85,86",Trainer IDs 50-69 (23 IV); Trainer IDs 70-89 (27 IV),Rough Skin / Rough Skin / Speed Boost,127
"Henry, Jerry (Gentleman) / Cheryl (Madame) / Julien, Sly (Cook)",411,Hariyama,Default,Custap Berry,Reversal,Bullet Punch,Protect,Belly Drum,Careful,255 Defense / 255 Sp. Def,0,0,255,0,0,255,31 all,"23,27 all",Thick Fat (1/3) / Guts (1/3) / Sheer Force (1/3),PID-derived species ratio (sex_vector=63),255,NPC + Agency,"62,64,65,85,86",Trainer IDs 50-69 (23 IV); Trainer IDs 70-89 (27 IV),Thick Fat / Guts / Sheer Force,63
"Hart, Odessa (Sightseer) / Cheryl (Madame) / Anisa, Calliope (Golfer)",412,Vespiquen,Default,Normalium Z,Attack Order,Power Gem,Captivate,Confuse Ray,Quiet,255 HP / 255 Sp. Atk,255,0,0,0,255,0,31 all,"23,27 all",Pressure (2/3) / Unnerve (1/3),Female-only,255,NPC + Agency,"52,55,65,73,74",Trainer IDs 50-69 (23 IV); Trainer IDs 70-89 (27 IV),Pressure / Pressure / Unnerve,254
"Cooper, Darien, Kaula, Charlene (Sightseer) / Skip (Worker)",413,Raichu,Default,Shuca Berry,Nuzzle,Focus Blast,Sweet Kiss,Charge Beam,Bold,255 HP / 255 Defense,255,0,255,0,0,0,31 all,23 all,Static (2/3) / Lightning Rod (1/3),PID-derived species ratio (sex_vector=127),255,NPC + Agency,"50,51,53,54,59",Trainer IDs 50-69 (23 IV),Static / Static / Lightning Rod,127
"JT, Benjamin (Worker) / Christy, Verna (Madame) / Nedry, Sheridan (Pokémon Breeder) / Julien, Sly (Cook) / Brantley, Camber (Firefighter) / Variel, Atalanta (Dancer)",414,Glalie,Default,Normalium Z,Weather Ball,Rain Dance,Shadow Ball,Dark Pulse,Modest,255 Speed / 255 Sp. Atk,0,0,0,255,255,0,31 all,"23,27,31 all",Inner Focus (1/3) / Ice Body (1/3) / Moody (1/3),PID-derived species ratio (sex_vector=127),255,NPC + Agency,"60,61,66,67,76,77,85,86,88,89,100,101",Trainer IDs 50-69 (23 IV); Trainer IDs 70-89 (27 IV); Trainer IDs 90-189 (31 IV),Inner Focus / Ice Body / Moody,127
"Cooper, Darien (Sightseer) / Skip (Worker)",415,Manectric,Default,Air Balloon,Flamethrower,Overheat,Discharge,Charge,Modest,255 Speed / 255 Sp. Atk,0,0,0,255,255,0,31 all,23 all,Static (1/3) / Lightning Rod (1/3) / Minus (1/3),PID-derived species ratio (sex_vector=127),255,NPC + Agency,"50,51,59",Trainer IDs 50-69 (23 IV),Static / Lightning Rod / Minus,127
"Hart, Kaula, Charlene, Odessa (Sightseer) / Nedry, Sheridan, Dara, Rada (Pokémon Breeder) / Zero (Bellhop) / Noah (Cook)",416,Staraptor,Default,Choice Scarf,Pursuit,Close Combat,Brave Bird,Final Gambit,Adamant,255 HP / 255 Speed,255,0,0,255,0,0,31 all,"23,27 all",Intimidate (2/3) / Reckless (1/3),PID-derived species ratio (sex_vector=127),255,NPC + Agency,"52,53,54,55,76,77,79,80,84,87",Trainer IDs 50-69 (23 IV); Trainer IDs 70-89 (27 IV),Intimidate / Intimidate / Reckless,127
"Jairo, Xaden, Giles (Janitor) / Skip (Worker) / Christy, Verna (Madame)",417,Gastrodon,Default,Rindo Berry,Waterfall,Amnesia,Curse,Yawn,Careful,170 Attack / 170 Defense / 170 Sp. Def,0,170,170,0,0,170,31 all,23 all,Sticky Hold (1/3) / Storm Drain (1/3) / Sand Force (1/3),PID-derived species ratio (sex_vector=127),255,NPC + Agency,"56,57,58,59,66,67",Trainer IDs 50-69 (23 IV),Sticky Hold / Storm Drain / Sand Force,127
"Cooper, Darien (Sightseer) / Ikram, Jerry (Gentleman) / Kiernan, Gertrude (Pokémon Breeder) / Julien, Sly (Cook)",418,Camerupt,Default,Firium Z,Sunny Day,Solar Beam,Eruption,Flash Cannon,Timid,255 HP / 255 Speed,255,0,0,255,0,0,31 all,"23,27 all",Magma Armor (1/3) / Solid Rock (1/3) / Anger Point (1/3),PID-derived species ratio (sex_vector=127),255,NPC + Agency,"50,51,63,64,78,81,85,86",Trainer IDs 50-69 (23 IV); Trainer IDs 70-89 (27 IV),Magma Armor / Solid Rock / Anger Point,127
"Cooper, Darien (Sightseer) / Henry (Gentleman) / Dyson, Chip (Bellhop)",419,Sawk,Default,Focus Sash,Earthquake,Payback,Endure,Reversal,Naughty,255 Attack / 255 Speed,0,255,0,255,0,0,31 all,"23,27 all",Sturdy (1/3) / Inner Focus (1/3) / Mold Breaker (1/3),Male-only,255,NPC + Agency,"50,51,62,82,83",Trainer IDs 50-69 (23 IV); Trainer IDs 70-89 (27 IV),Sturdy / Inner Focus / Mold Breaker,0
"Kaula, Charlene (Sightseer) / Henry (Gentleman) / Dyson, Chip (Bellhop)",420,Throh,Default,Expert Belt,Revenge,Storm Throw,Protect,Seismic Toss,Brave,255 Attack / 255 Defense,0,255,255,0,0,0,31 all,"23,27 all",Guts (1/3) / Inner Focus (1/3) / Mold Breaker (1/3),Male-only,255,NPC + Agency,"53,54,62,82,83",Trainer IDs 50-69 (23 IV); Trainer IDs 70-89 (27 IV),Guts / Inner Focus / Mold Breaker,0
"Cooper, Darien (Sightseer) / Jairo (Janitor) / Arnon, Alim, Anisa, Calliope (Golfer) / Nedry, Sheridan, Dara, Rada (Pokémon Breeder)",421,Unfezant,Default,Power Herb,Giga Impact,Quick Attack,Hypnosis,Sky Attack,Jolly,255 Attack / 255 Speed,0,255,0,255,0,0,31 all,"23,27 all",Big Pecks (1/3) / Super Luck (1/3) / Rivalry (1/3),PID-derived species ratio (sex_vector=127),255,NPC + Agency,"50,51,56,70,71,73,74,76,77,79,80",Trainer IDs 50-69 (23 IV); Trainer IDs 70-89 (27 IV),Big Pecks / Super Luck / Rivalry,127
"Skip (Worker) / Christy, Verna (Madame) / Brantley, Camber (Firefighter) / Variel, Atalanta (Dancer) / Dolly, Joaquin (Rising Star)",422,Pelipper,Default,Rocky Helmet,Stockpile,Roost,Toxic,Surf,Bold,255 HP / 255 Defense,255,0,255,0,0,0,31 all,"23,27,31 all",Keen Eye (1/3) / Drizzle (1/3) / Rain Dish (1/3),PID-derived species ratio (sex_vector=127),255,NPC + Agency,"59,66,67,88,89,100,101,154,156",Trainer IDs 50-69 (23 IV); Trainer IDs 70-89 (27 IV); Trainer IDs 90-189 (31 IV),Keen Eye / Drizzle / Rain Dish,127
"Kaula, Charlene (Sightseer) / Jairo (Janitor)",423,Amoonguss,Default,Bright Powder,Double Team,Giga Drain,Toxic,Swagger,Bold,255 Defense / 255 Sp. Def,0,0,255,0,0,255,31 all,23 all,Effect Spore (2/3) / Regenerator (1/3),PID-derived species ratio (sex_vector=127),255,NPC + Agency,"53,54,56",Trainer IDs 50-69 (23 IV),Effect Spore / Effect Spore / Regenerator,127
"Kaula, Charlene (Sightseer) / Jairo (Janitor)",424,Electrode,Default,Focus Sash,Electro Ball,Taunt,Protect,Explosion,Hasty,255 Attack / 255 Speed,0,255,0,255,0,0,31 all,23 all,Soundproof (1/3) / Static (1/3) / Aftermath (1/3),Genderless,255,NPC + Agency,"53,54,56",Trainer IDs 50-69 (23 IV),Soundproof / Static / Aftermath,255
"Cooper, Darien (Sightseer) / Christy, Verna (Madame) / Dyson, Chip (Bellhop) / Brantley, Camber (Firefighter)",425,Ludicolo,Default,Tanga Berry,Fake Out,Grass Knot,Surf,Tickle,Naughty,170 HP / 170 Attack / 170 Sp. Atk,170,170,0,0,170,0,31 all,"23,27 all",Swift Swim (1/3) / Rain Dish (1/3) / Own Tempo (1/3),PID-derived species ratio (sex_vector=127),255,NPC + Agency,"50,51,66,67,82,83,88,89",Trainer IDs 50-69 (23 IV); Trainer IDs 70-89 (27 IV),Swift Swim / Rain Dish / Own Tempo,127
"Cooper, Darien (Sightseer) / Ikram, Jerry (Gentleman) / Dyson, Chip (Bellhop)",426,Shiftry,Default,Miracle Seed,Fake Out,Extrasensory,Solar Beam,Swagger,Rash,255 Speed / 255 Sp. Atk,0,0,0,255,255,0,31 all,"23,27 all",Chlorophyll (1/3) / Early Bird (1/3) / Pickpocket (1/3),PID-derived species ratio (sex_vector=127),255,NPC + Agency,"50,51,63,64,82,83",Trainer IDs 50-69 (23 IV); Trainer IDs 70-89 (27 IV),Chlorophyll / Early Bird / Pickpocket,127
"Cooper, Darien (Sightseer) / Skip (Worker)",427,Exploud,Default,Darkinium Z,Crunch,Fake Tears,Ice Beam,Giga Impact,Lonely,255 Attack / 255 Sp. Atk,0,255,0,0,255,0,31 all,23 all,Soundproof (2/3) / Scrappy (1/3),PID-derived species ratio (sex_vector=127),255,NPC + Agency,"50,51,59",Trainer IDs 50-69 (23 IV),Soundproof / Soundproof / Scrappy,127
"Kaula, Charlene (Sightseer) / Cheryl (Madame) / Nedry, Sheridan (Pokémon Breeder)",428,Lopunny,Default,Liechi Berry,Charm,Focus Punch,Substitute,Thunder Punch,Jolly,255 Attack / 255 Speed,0,255,0,255,0,0,31 all,"23,27 all",Cute Charm (1/3) / Klutz (1/3) / Limber (1/3),PID-derived species ratio (sex_vector=127),255,NPC + Agency,"53,54,65,76,77",Trainer IDs 50-69 (23 IV); Trainer IDs 70-89 (27 IV),Cute Charm / Klutz / Limber,127
"JT, Benjamin (Worker) / Cheryl (Madame) / Dara, Rada (Pokémon Breeder) / Julien, Sly (Cook) / Iniko, Arnold (Black Belt)",429,Froslass,Default,Kasib Berry,Ice Shard,Thunder Wave,Hex,Taunt,Lonely,255 Attack / 255 Speed,0,255,0,255,0,0,31 all,"23,27,31 all",Snow Cloak (2/3) / Cursed Body (1/3),Female-only,255,NPC + Agency,"60,61,65,79,80,85,86,97,98",Trainer IDs 50-69 (23 IV); Trainer IDs 70-89 (27 IV); Trainer IDs 90-189 (31 IV),Snow Cloak / Snow Cloak / Cursed Body,254
"Ikram, Jerry (Gentleman) / Cheryl (Madame) / Arnon, Alim, Anisa, Calliope (Golfer) / Perri (Pokémon Center Lady)",430,Lilligant,Default,Big Root,Ingrain,Leech Seed,Toxic,Protect,Bold,170 HP / 170 Defense / 170 Sp. Def,170,0,170,0,0,170,31 all,"23,27,31 all",Chlorophyll (1/3) / Own Tempo (1/3) / Leaf Guard (1/3),Female-only,255,NPC + Agency,"63,64,65,70,71,73,74,187",Trainer IDs 50-69 (23 IV); Trainer IDs 70-89 (27 IV); Trainer IDs 90-189 (31 IV),Chlorophyll / Own Tempo / Leaf Guard,254
"Kaula, Charlene (Sightseer) / Ikram, Jerry (Gentleman) / Julien, Sly (Cook)",431,Darmanitan,Default,Luminous Moss,Psychic,Flamethrower,Round,Confide,Calm,255 HP / 255 Sp. Def,255,0,0,0,0,255,31 all,"23,27 all",Sheer Force (2/3) / Zen Mode (1/3),PID-derived species ratio (sex_vector=127),255,NPC + Agency,"53,54,63,64,85,86",Trainer IDs 50-69 (23 IV); Trainer IDs 70-89 (27 IV),Sheer Force / Sheer Force / Zen Mode,127
"Cooper, Darien (Sightseer) / Henry (Gentleman) / Nedry, Sheridan, Dara, Rada (Pokémon Breeder)",432,Ambipom,Default,Focus Sash,Grass Knot,Thunderbolt,Nasty Plot,Counter,Timid,255 Speed / 255 Sp. Atk,0,0,0,255,255,0,31 all,"23,27 all",Technician (1/3) / Pickup (1/3) / Skill Link (1/3),PID-derived species ratio (sex_vector=127),255,NPC + Agency,"50,51,62,76,77,79,80",Trainer IDs 50-69 (23 IV); Trainer IDs 70-89 (27 IV),Technician / Pickup / Skill Link,127
"Henry (Gentleman) / Duncan, Nobunaga (Collector) / Arnon, Alim (Golfer)",433,Cofagrigus,Default,Spell Tag,Shadow Ball,Energy Ball,Will-O-Wisp,Nasty Plot,Quiet,255 HP / 255 Sp. Atk,255,0,0,0,255,0,31 all,"23,27 all",Mummy (3/3),PID-derived species ratio (sex_vector=127),255,NPC + Agency,"62,68,69,70,71",Trainer IDs 50-69 (23 IV); Trainer IDs 70-89 (27 IV),Mummy / Mummy / Mummy,127
"Xaden, Giles (Janitor) / Skip (Worker)",434,Golurk,Default,Wide Lens,Hammer Arm,Rock Slide,Curse,Gyro Ball,Brave,255 Attack / 255 Sp. Def,0,255,0,0,0,255,31 all,23 all,Iron Fist (1/3) / Klutz (1/3) / No Guard (1/3),Genderless,255,NPC + Agency,"57,58,59",Trainer IDs 50-69 (23 IV),Iron Fist / Klutz / No Guard,255
"Hart, Kaula, Charlene, Odessa (Sightseer)",435,Durant,Default,Power Herb,Dig,Iron Defense,Agility,Baton Pass,Impish,255 Defense / 255 Speed,0,0,255,255,0,0,31 all,23 all,Swarm (1/3) / Hustle (1/3) / Truant (1/3),PID-derived species ratio (sex_vector=127),255,NPC + Agency,"52,53,54,55",Trainer IDs 50-69 (23 IV),Swarm / Hustle / Truant,127
"Cooper, Darien, Kaula, Charlene (Sightseer) / Xaden, Giles (Janitor)",436,Golem,Default,Absorb Bulb,Stone Edge,Earthquake,Sandstorm,Autotomize,Naughty,255 HP / 255 Attack,255,255,0,0,0,0,31 all,23 all,Rock Head (1/3) / Sturdy (1/3) / Sand Veil (1/3),PID-derived species ratio (sex_vector=127),255,NPC + Agency,"50,51,53,54,57,58",Trainer IDs 50-69 (23 IV),Rock Head / Sturdy / Sand Veil,127
"Cheryl, Christy, Verna (Madame) / Perri (Pokémon Center Lady)",437,Slowbro,Default,Quick Claw,Flamethrower,Ice Beam,Slack Off,Water Pulse,Modest,255 Defense / 255 Sp. Atk,0,0,255,0,255,0,31 all,"23,31 all",Oblivious (1/3) / Own Tempo (1/3) / Regenerator (1/3),PID-derived species ratio (sex_vector=127),255,NPC + Agency,"65,66,67,187",Trainer IDs 50-69 (23 IV); Trainer IDs 90-189 (31 IV),Oblivious / Own Tempo / Regenerator,127
"Cooper, Darien (Sightseer) / Jairo (Janitor)",438,Weezing,Default,Safety Goggles,Sludge Bomb,Fire Blast,Stockpile,Swallow,Rash,255 HP / 255 Sp. Atk,255,0,0,0,255,0,31 all,23 all,Levitate (3/3),PID-derived species ratio (sex_vector=127),255,NPC + Agency,"50,51,56",Trainer IDs 50-69 (23 IV),Levitate / Levitate / Levitate,127
"Henry (Gentleman) / Cheryl (Madame) / Duncan, Nobunaga (Collector)",439,Kangaskhan,Default,Salac Berry,Rock Slide,Sucker Punch,Endure,Reversal,Jolly,255 Attack / 255 Speed,0,255,0,255,0,0,31 all,23 all,Early Bird (1/3) / Scrappy (1/3) / Inner Focus (1/3),Female-only,255,NPC + Agency,"62,65,68,69",Trainer IDs 50-69 (23 IV),Early Bird / Scrappy / Inner Focus,254
"Hart, Odessa (Sightseer) / Cheryl (Madame) / Arnon, Alim, Anisa, Calliope (Golfer) / Dyson, Chip, Zero (Bellhop) / Noah (Cook)",440,Tauros,Default,Expert Belt,Zen Headbutt,Wild Charge,Swagger,Giga Impact,Jolly,255 Attack / 255 Speed,0,255,0,255,0,0,31 all,"23,27 all",Intimidate (1/3) / Anger Point (1/3) / Sheer Force (1/3),Male-only,255,NPC + Agency,"52,55,65,70,71,73,74,82,83,84,87",Trainer IDs 50-69 (23 IV); Trainer IDs 70-89 (27 IV),Intimidate / Anger Point / Sheer Force,0
"Cooper, Darien (Sightseer) / Henry (Gentleman)",441,Spiritomb,Default,Quick Claw,Shadow Sneak,Sucker Punch,Will-O-Wisp,Taunt,Brave,255 HP / 255 Attack,255,255,0,0,0,0,31 all,23 all,Pressure (2/3) / Infiltrator (1/3),PID-derived species ratio (sex_vector=127),255,NPC + Agency,"50,51,62",Trainer IDs 50-69 (23 IV),Pressure / Pressure / Infiltrator,127
"Ikram, Jerry (Gentleman) / Cheryl (Madame)",442,Whimsicott,Default,Choice Specs,Switcheroo,Hurricane,Moonblast,Energy Ball,Modest,255 Speed / 255 Sp. Atk,0,0,0,255,255,0,31 all,23 all,Prankster (1/3) / Infiltrator (1/3) / Chlorophyll (1/3),PID-derived species ratio (sex_vector=127),255,NPC + Agency,"63,64,65",Trainer IDs 50-69 (23 IV),Prankster / Infiltrator / Chlorophyll,127
"Cooper, Darien (Sightseer) / Henry (Gentleman)",443,Druddigon,Default,Scope Lens,Dragon Claw,Night Slash,Slash,Hone Claws,Adamant,170 HP / 170 Defense / 170 Sp. Def,170,0,170,0,0,170,31 all,23 all,Rough Skin (1/3) / Sheer Force (1/3) / Mold Breaker (1/3),PID-derived species ratio (sex_vector=127),255,NPC + Agency,"50,51,62",Trainer IDs 50-69 (23 IV),Rough Skin / Sheer Force / Mold Breaker,127
"Cooper, Darien (Sightseer) / Jairo (Janitor) / Nedry, Sheridan, Dara, Rada (Pokémon Breeder) / Perri (Pokémon Center Lady)",444,Musharna,Default,Lum Berry,Shadow Ball,Energy Ball,Psychic,Trick Room,Bold,255 Defense / 255 Sp. Atk,0,0,255,0,255,0,31 all,"23,27,31 all",Forewarn (1/3) / Synchronize (1/3) / Telepathy (1/3),PID-derived species ratio (sex_vector=127),255,NPC + Agency,"50,51,56,76,77,79,80,187",Trainer IDs 50-69 (23 IV); Trainer IDs 70-89 (27 IV); Trainer IDs 90-189 (31 IV),Forewarn / Synchronize / Telepathy,127
"Hart, Kaula, Charlene, Odessa (Sightseer) / Zero (Bellhop) / Noah (Cook)",445,Scrafty,Default,Coba Berry,High Jump Kick,Rock Slide,Taunt,Dragon Dance,Jolly,255 HP / 255 Speed,255,0,0,255,0,0,31 all,"23,27 all",Shed Skin (1/3) / Moxie (1/3) / Intimidate (1/3),PID-derived species ratio (sex_vector=127),255,NPC + Agency,"52,53,54,55,84,87",Trainer IDs 50-69 (23 IV); Trainer IDs 70-89 (27 IV),Shed Skin / Moxie / Intimidate,127
"Cooper, Darien (Sightseer) / Jairo (Janitor) / Arnon, Alim, Anisa, Calliope (Golfer)",446,Ferrothorn,Default,Chesto Berry,Rest,Payback,Gyro Ball,Curse,Careful,255 HP / 255 Sp. Def,255,0,0,0,0,255,31 all,"23,27 all",Iron Barbs (2/3) / Anticipation (1/3),PID-derived species ratio (sex_vector=127),255,NPC + Agency,"50,51,56,70,71,73,74",Trainer IDs 50-69 (23 IV); Trainer IDs 70-89 (27 IV),Iron Barbs / Iron Barbs / Anticipation,127
"Henry (Gentleman) / Duncan, Nobunaga (Collector) / Dyson, Chip (Bellhop) / Blue (Battle Legend)",447,Alakazam,Default,Focus Sash,Psych Up,Encore,Protect,Psychic,Timid,255 Speed / 255 Sp. Atk,0,0,0,255,255,0,31 all,"23,27,31 all",Synchronize (1/3) / Inner Focus (1/3) / Magic Guard (1/3),PID-derived species ratio (sex_vector=63),255,NPC + Agency,"62,68,69,82,83,204",Battle Legend/featured IDs 190-205 (31 IV); Trainer IDs 50-69 (23 IV); Trainer IDs 70-89 (27 IV),Synchronize / Inner Focus / Magic Guard,63
"Cheryl, Christy, Verna (Madame) / Perri (Pokémon Center Lady)",448,Slowking,Default,King's Rock,Zen Headbutt,Earthquake,Swagger,Psych Up,Gentle,255 Attack / 255 Sp. Def,0,255,0,0,0,255,31 all,"23,31 all",Oblivious (1/3) / Own Tempo (1/3) / Regenerator (1/3),PID-derived species ratio (sex_vector=127),255,NPC + Agency,"65,66,67,187",Trainer IDs 50-69 (23 IV); Trainer IDs 90-189 (31 IV),Oblivious / Own Tempo / Regenerator,127
"Jairo (Janitor) / Christy, Verna (Madame)",449,Jellicent,Default,Bright Powder,Acid Armor,Recover,Ominous Wind,Scald,Bold,255 HP / 255 Defense,255,0,255,0,0,0,31 all,23 all,Water Absorb (1/3) / Cursed Body (1/3) / Damp (1/3),PID-derived species ratio (sex_vector=127),255,NPC + Agency,"56,66,67",Trainer IDs 50-69 (23 IV),Water Absorb / Cursed Body / Damp,127
"Kaula, Charlene (Sightseer) / Henry (Gentleman)",450,Altaria,Default,Snowball,Dragon Claw,Pluck,Steel Wing,Dragon Dance,Lonely,255 Attack / 255 Speed,0,255,0,255,0,0,31 all,23 all,Natural Cure (2/3) / Cloud Nine (1/3),PID-derived species ratio (sex_vector=127),255,NPC + Agency,"53,54,62",Trainer IDs 50-69 (23 IV),Natural Cure / Natural Cure / Cloud Nine,127
"Cooper, Darien (Sightseer) / Jairo (Janitor) / Christy, Verna (Madame) / Brantley, Camber (Firefighter)",451,Toxicroak,Default,Petaya Berry,Focus Blast,Sludge Bomb,Substitute,Protect,Modest,255 Speed / 255 Sp. Atk,0,0,0,255,255,0,31 all,"23,27 all",Anticipation (1/3) / Dry Skin (1/3) / Poison Touch (1/3),PID-derived species ratio (sex_vector=127),255,NPC + Agency,"50,51,56,66,67,88,89",Trainer IDs 50-69 (23 IV); Trainer IDs 70-89 (27 IV),Anticipation / Dry Skin / Poison Touch,127
"Kaula, Charlene (Sightseer) / Henry (Gentleman)",452,Gothitelle,Default,Twisted Spoon,Psyshock,Miracle Eye,Mirror Coat,Tickle,Modest,170 HP / 170 Defense / 170 Sp. Atk,170,0,170,0,170,0,31 all,23 all,Frisk (1/3) / Competitive (1/3) / Shadow Tag (1/3),PID-derived species ratio (sex_vector=191),255,NPC + Agency,"53,54,62",Trainer IDs 50-69 (23 IV),Frisk / Competitive / Shadow Tag,191
"Cooper, Darien (Sightseer) / Jairo (Janitor) / Arnon, Alim (Golfer) / Julien, Sly (Cook)",453,Reuniclus,Default,King's Rock,Rock Slide,Explosion,Gyro Ball,Trick Room,Brave,170 Attack / 170 Defense / 170 Sp. Def,0,170,170,0,0,170,31 all,"23,27 all",Overcoat (1/3) / Magic Guard (1/3) / Regenerator (1/3),PID-derived species ratio (sex_vector=127),255,NPC + Agency,"50,51,56,70,71,85,86",Trainer IDs 50-69 (23 IV); Trainer IDs 70-89 (27 IV),Overcoat / Magic Guard / Regenerator,127
"Cooper, Darien (Sightseer) / Henry (Gentleman)",454,Bisharp,Default,Chople Berry,Aerial Ace,Low Sweep,Iron Head,Scary Face,Adamant,255 HP / 255 Attack,255,255,0,0,0,0,31 all,23 all,Defiant (1/3) / Inner Focus (1/3) / Pressure (1/3),PID-derived species ratio (sex_vector=127),255,NPC + Agency,"50,51,62",Trainer IDs 50-69 (23 IV),Defiant / Inner Focus / Pressure,127
"JT, Benjamin (Worker) / Henry (Gentleman) / Arnon, Alim, Anisa, Calliope (Golfer) / Iniko, Arnold (Black Belt)",455,Abomasnow,Default,Miracle Seed,Wood Hammer,Brick Break,Double Team,Blizzard,Lonely,170 HP / 170 Attack / 170 Sp. Atk,170,170,0,0,170,0,31 all,"23,27,31 all",Snow Warning (2/3) / Soundproof (1/3),PID-derived species ratio (sex_vector=127),255,NPC + Agency,"60,61,62,70,71,73,74,97,98",Trainer IDs 50-69 (23 IV); Trainer IDs 70-89 (27 IV); Trainer IDs 90-189 (31 IV),Snow Warning / Snow Warning / Soundproof,127
"Kaula, Charlene (Sightseer) / Skip (Worker) / Duncan, Nobunaga (Collector)",456,Nidoqueen,Default,Absorb Bulb,Thunderbolt,Hyper Beam,Earth Power,Counter,Mild,255 HP / 255 Sp. Atk,255,0,0,0,255,0,31 all,23 all,Poison Point (1/3) / Rivalry (1/3) / Sheer Force (1/3),Female-only,255,NPC + Agency,"53,54,59,68,69",Trainer IDs 50-69 (23 IV),Poison Point / Rivalry / Sheer Force,254
"Cooper, Darien (Sightseer) / Skip (Worker) / Duncan, Nobunaga (Collector)",457,Nidoking,Default,Black Sludge,Amnesia,Sludge Bomb,Flamethrower,Protect,Quiet,255 HP / 255 Sp. Atk,255,0,0,0,255,0,31 all,23 all,Poison Point (1/3) / Rivalry (1/3) / Sheer Force (1/3),Male-only,255,NPC + Agency,"50,51,59,68,69",Trainer IDs 50-69 (23 IV),Poison Point / Rivalry / Sheer Force,0
"Xaden, Giles (Janitor) / Cheryl (Madame) / Duncan, Nobunaga (Collector)",458,Cradily,Default,Quick Claw,Confuse Ray,Energy Ball,Stone Edge,Earthquake,Brave,170 HP / 170 Attack / 170 Sp. Atk,170,170,0,0,170,0,31 all,23 all,Suction Cups (2/3) / Storm Drain (1/3),PID-derived species ratio (sex_vector=31),255,NPC + Agency,"57,58,65,68,69",Trainer IDs 50-69 (23 IV),Suction Cups / Suction Cups / Storm Drain,31
"Cooper, Darien (Sightseer) / Christy, Verna (Madame) / Duncan, Nobunaga (Collector) / Brantley, Camber (Firefighter)",459,Armaldo,Default,Razor Fang,Rock Slide,Earthquake,X-Scissor,Rock Polish,Hasty,255 HP / 255 Speed,255,0,0,255,0,0,31 all,"23,27 all",Battle Armor (2/3) / Swift Swim (1/3),PID-derived species ratio (sex_vector=31),255,NPC + Agency,"50,51,66,67,68,69,88,89",Trainer IDs 50-69 (23 IV); Trainer IDs 70-89 (27 IV),Battle Armor / Battle Armor / Swift Swim,31
"Xaden, Giles (Janitor) / Duncan, Nobunaga (Collector)",460,Rampardos,Default,Sitrus Berry,Head Smash,Stone Edge,Hammer Arm,Scary Face,Naughty,255 Attack / 255 Speed,0,255,0,255,0,0,31 all,23 all,Mold Breaker (2/3) / Sheer Force (1/3),PID-derived species ratio (sex_vector=31),255,NPC + Agency,"57,58,68,69",Trainer IDs 50-69 (23 IV),Mold Breaker / Mold Breaker / Sheer Force,31
"Xaden, Giles (Janitor) / Duncan, Nobunaga (Collector) / Dyson, Chip (Bellhop)",461,Bastiodon,Default,Chesto Berry,Round,Rest,Ancient Power,Iron Defense,Bold,255 Defense / 255 Sp. Atk,0,0,255,0,255,0,31 all,"23,27 all",Sturdy (2/3) / Soundproof (1/3),PID-derived species ratio (sex_vector=31),255,NPC + Agency,"57,58,68,69,82,83",Trainer IDs 50-69 (23 IV); Trainer IDs 70-89 (27 IV),Sturdy / Sturdy / Soundproof,31
"Cheryl, Christy, Verna (Madame) / Arnon, Alim, Anisa, Calliope (Golfer) / Brantley, Camber (Firefighter)",462,Shiinotic,Default,Normalium Z,Flash,Light Screen,Confuse Ray,Dazzling Gleam,Modest,255 HP / 255 Sp. Atk,255,0,0,0,255,0,31 all,"23,27 all",Illuminate (1/3) / Effect Spore (1/3) / Rain Dish (1/3),PID-derived species ratio (sex_vector=127),255,NPC + Agency,"65,66,67,70,71,73,74,88,89",Trainer IDs 50-69 (23 IV); Trainer IDs 70-89 (27 IV),Illuminate / Effect Spore / Rain Dish,127
Jairo (Janitor) / Skip (Worker) / Henry (Gentleman) / Cheryl (Madame),463,Mismagius,Default,Kasib Berry,Shadow Ball,Wonder Room,Grudge,Pain Split,Timid,255 HP / 255 Sp. Def,255,0,0,0,0,255,31 all,23 all,Levitate (3/3),PID-derived species ratio (sex_vector=127),255,NPC + Agency,"56,59,62,65",Trainer IDs 50-69 (23 IV),Levitate / Levitate / Levitate,127
"Christy, Verna (Madame) / Duncan, Nobunaga (Collector) / Brantley, Camber (Firefighter)",464,Carracosta,Default,Wide Lens,Rock Slide,Swagger,Blizzard,Hydro Pump,Rash,255 HP / 255 Sp. Atk,255,0,0,0,255,0,31 all,"23,27 all",Solid Rock (1/3) / Sturdy (1/3) / Swift Swim (1/3),PID-derived species ratio (sex_vector=31),255,NPC + Agency,"66,67,68,69,88,89",Trainer IDs 50-69 (23 IV); Trainer IDs 70-89 (27 IV),Solid Rock / Sturdy / Swift Swim,31
"Cooper, Darien (Sightseer) / Skip (Worker)",465,Escavalier,Default,Quick Claw,Pursuit,Counter,X-Scissor,Swords Dance,Naughty,255 HP / 255 Attack,255,255,0,0,0,0,31 all,23 all,Swarm (1/3) / Shell Armor (1/3) / Overcoat (1/3),PID-derived species ratio (sex_vector=127),255,NPC + Agency,"50,51,59",Trainer IDs 50-69 (23 IV),Swarm / Shell Armor / Overcoat,127
"Kaula, Charlene (Sightseer) / Christy, Verna (Madame)",466,Accelgor,Default,Weakness Policy,Energy Ball,Sludge Bomb,Bug Buzz,Endure,Modest,255 Speed / 255 Sp. Atk,0,0,0,255,255,0,31 all,23 all,Hydration (1/3) / Sticky Hold (1/3) / Unburden (1/3),PID-derived species ratio (sex_vector=127),255,NPC + Agency,"53,54,66,67",Trainer IDs 50-69 (23 IV),Hydration / Sticky Hold / Unburden,127
"Jairo (Janitor) / Ikram, Jerry (Gentleman)",467,Salazzle,Default,Bright Powder,Disable,Protect,Encore,Sludge Bomb,Timid,255 Speed / 255 Sp. Atk,0,0,0,255,255,0,31 all,23 all,Corrosion (2/3) / Oblivious (1/3),Female-only,255,NPC + Agency,"56,63,64",Trainer IDs 50-69 (23 IV),Corrosion / Corrosion / Oblivious,254
"Cooper, Darien (Sightseer) / Cheryl (Madame)",468,Drifblim,Default,Wide Lens,Hex,Thunderbolt,Dream Eater,Hypnosis,Mild,255 Speed / 255 Sp. Atk,0,0,0,255,255,0,31 all,23 all,Aftermath (1/3) / Unburden (1/3) / Flare Boost (1/3),PID-derived species ratio (sex_vector=127),255,NPC + Agency,"50,51,65",Trainer IDs 50-69 (23 IV),Aftermath / Unburden / Flare Boost,127
"Cooper, Darien, Kaula, Charlene (Sightseer) / Cheryl (Madame)",469,Toucannon,Default,King's Rock,Tailwind,Rock Blast,Bullet Seed,Brave Bird,Adamant,255 Attack / 255 Speed,0,255,0,255,0,0,31 all,23 all,Keen Eye (1/3) / Skill Link (1/3) / Sheer Force (1/3),PID-derived species ratio (sex_vector=127),255,NPC + Agency,"50,51,53,54,65",Trainer IDs 50-69 (23 IV),Keen Eye / Skill Link / Sheer Force,127
"Kaula, Charlene (Sightseer) / Skip (Worker) / Arnon, Alim (Golfer) / Julien, Sly (Cook) / Aino (Veteran)",470,Oranguru,Default,Psychic Seed,Psychic Terrain,Psyshock,Future Sight,Instruct,Calm,255 Sp. Atk / 255 Sp. Def,0,0,0,0,255,255,31 all,"23,27,31 all",Inner Focus (1/3) / Telepathy (1/3) / Symbiosis (1/3),PID-derived species ratio (sex_vector=127),255,NPC + Agency,"53,54,59,70,71,85,86,126",Trainer IDs 50-69 (23 IV); Trainer IDs 70-89 (27 IV); Trainer IDs 90-189 (31 IV),Inner Focus / Telepathy / Symbiosis,127
"Kaula, Charlene (Sightseer) / Skip (Worker) / Arnon, Alim, Anisa, Calliope (Golfer)",471,Komala,Default,Quick Claw,Defense Curl,Rollout,Yawn,Thrash,Impish,255 HP / 255 Defense,255,0,255,0,0,0,31 all,"23,27 all",Comatose (3/3),PID-derived species ratio (sex_vector=127),255,NPC + Agency,"53,54,59,70,71,73,74",Trainer IDs 50-69 (23 IV); Trainer IDs 70-89 (27 IV),Comatose / Comatose / Comatose,127
"Jairo (Janitor) / Skip (Worker) / Duncan, Nobunaga (Collector) / Colress (Pokémon Trainer)",472,Muk,Alolan,Air Balloon,Minimize,Acid Spray,Rest,Snarl,Relaxed,255 HP / 255 Defense,255,0,255,0,0,0,31 all,"23,31 all",Poison Touch (1/3) / Gluttony (1/3) / Power of Alchemy (1/3),PID-derived species ratio (sex_vector=127),255,NPC + Agency,"56,59,68,69,195",Battle Legend/featured IDs 190-205 (31 IV); Trainer IDs 50-69 (23 IV),Poison Touch / Gluttony / Power of Alchemy,127
"Cheryl (Madame) / Duncan, Nobunaga (Collector)",473,Gengar,Default,Expert Belt,Sucker Punch,Fire Punch,Ice Punch,Will-O-Wisp,Jolly,255 Attack / 255 Speed,0,255,0,255,0,0,31 all,23 all,Cursed Body (3/3),PID-derived species ratio (sex_vector=127),255,NPC + Agency,"65,68,69",Trainer IDs 50-69 (23 IV),Cursed Body / Cursed Body / Cursed Body,127
"Henry (Gentleman) / Duncan, Nobunaga (Collector) / Anisa, Calliope (Golfer)",474,Ampharos,Default,Lum Berry,Brick Break,Thunder Punch,Screech,Odor Sleuth,Brave,170 HP / 170 Attack / 170 Defense,170,170,170,0,0,0,31 all,"23,27 all",Static (2/3) / Plus (1/3),PID-derived species ratio (sex_vector=127),255,NPC + Agency,"62,68,69,73,74",Trainer IDs 50-69 (23 IV); Trainer IDs 70-89 (27 IV),Static / Static / Plus,127
"Jairo (Janitor) / Christy, Verna (Madame) / Brantley, Camber (Firefighter) / Variel, Atalanta (Dancer) / Dolly, Joaquin (Rising Star)",475,Politoed,Default,Damp Rock,Rain Dance,Round,Body Slam,Hydro Pump,Quiet,255 Sp. Atk / 255 Sp. Def,0,0,0,0,255,255,31 all,"23,27,31 all",Water Absorb (1/3) / Damp (1/3) / Drizzle (1/3),PID-derived species ratio (sex_vector=127),255,NPC + Agency,"56,66,67,88,89,100,101,154,156",Trainer IDs 50-69 (23 IV); Trainer IDs 70-89 (27 IV); Trainer IDs 90-189 (31 IV),Water Absorb / Damp / Drizzle,127
"Jairo (Janitor) / Skip (Worker) / Cheryl (Madame) / Dyson, Chip (Bellhop)",476,Pinsir,Default,Rockium Z,Feint,X-Scissor,Stone Edge,Bug Bite,Lonely,255 Attack / 255 Speed,0,255,0,255,0,0,31 all,"23,27 all",Hyper Cutter (1/3) / Mold Breaker (1/3) / Moxie (1/3),PID-derived species ratio (sex_vector=127),255,NPC + Agency,"56,59,65,82,83",Trainer IDs 50-69 (23 IV); Trainer IDs 70-89 (27 IV),Hyper Cutter / Mold Breaker / Moxie,127
"Cheryl (Madame) / Duncan, Nobunaga (Collector) / Dyson, Chip (Bellhop)",477,Scizor,Default,Psychium Z,Bullet Punch,X-Scissor,Feint,Agility,Naughty,255 HP / 255 Attack,255,255,0,0,0,0,31 all,"23,27 all",Swarm (1/3) / Technician (1/3) / Light Metal (1/3),PID-derived species ratio (sex_vector=127),255,NPC + Agency,"65,68,69,82,83",Trainer IDs 50-69 (23 IV); Trainer IDs 70-89 (27 IV),Swarm / Technician / Light Metal,127
"Cooper, Darien (Sightseer) / Henry (Gentleman) / Dyson, Chip (Bellhop)",478,Heracross,Default,Salac Berry,Megahorn,Flail,Endure,Reversal,Naughty,255 HP / 255 Speed,255,0,0,255,0,0,31 all,"23,27 all",Swarm (1/3) / Guts (1/3) / Moxie (1/3),PID-derived species ratio (sex_vector=127),255,NPC + Agency,"50,51,62,82,83",Trainer IDs 50-69 (23 IV); Trainer IDs 70-89 (27 IV),Swarm / Guts / Moxie,127
"Kaula, Charlene (Sightseer) / Henry (Gentleman) / Dyson, Chip (Bellhop)",479,Ursaring,Default,Toxic Orb,Facade,Hammer Arm,Scary Face,Yawn,Jolly,255 Attack / 255 Speed,0,255,0,255,0,0,31 all,"23,27 all",Guts (1/3) / Quick Feet (1/3) / Unnerve (1/3),PID-derived species ratio (sex_vector=127),255,NPC + Agency,"53,54,62,82,83",Trainer IDs 50-69 (23 IV); Trainer IDs 70-89 (27 IV),Guts / Quick Feet / Unnerve,127
"Kaula, Charlene (Sightseer) / Ikram, Jerry (Gentleman) / Nedry, Sheridan, Dara, Rada (Pokémon Breeder)",480,Houndoom,Default,Focus Sash,Counter,Flame Charge,Roar,Protect,Hasty,255 Attack / 255 Speed,0,255,0,255,0,0,31 all,"23,27 all",Early Bird (1/3) / Flash Fire (1/3) / Unnerve (1/3),PID-derived species ratio (sex_vector=127),255,NPC + Agency,"53,54,63,64,76,77,79,80",Trainer IDs 50-69 (23 IV); Trainer IDs 70-89 (27 IV),Early Bird / Flash Fire / Unnerve,127
"Kaula, Charlene (Sightseer) / Skip (Worker) / Arnon, Alim, Anisa, Calliope (Golfer)",481,Tsareena,Default,Rocky Helmet,Trop Kick,Synthesis,Play Rough,Captivate,Impish,255 HP / 255 Defense,255,0,255,0,0,0,31 all,"23,27 all",Leaf Guard (1/3) / Queenly Majesty (1/3) / Sweet Veil (1/3),Female-only,255,NPC + Agency,"53,54,59,70,71,73,74",Trainer IDs 50-69 (23 IV); Trainer IDs 70-89 (27 IV),Leaf Guard / Queenly Majesty / Sweet Veil,254
"Cheryl, Christy, Verna (Madame) / Dyson, Chip (Bellhop)",482,Wailord,Default,Quick Claw,Water Spout,Rest,Sleep Talk,Ice Beam,Timid,255 Speed / 255 Sp. Atk,0,0,0,255,255,0,31 all,"23,27 all",Water Veil (1/3) / Oblivious (1/3) / Pressure (1/3),PID-derived species ratio (sex_vector=127),255,NPC + Agency,"65,66,67,82,83",Trainer IDs 50-69 (23 IV); Trainer IDs 70-89 (27 IV),Water Veil / Oblivious / Pressure,127
"Kaula, Charlene (Sightseer) / Skip (Worker) / Arnon, Alim, Anisa, Calliope (Golfer)",483,Passimian,Default,Iron Ball,Seismic Toss,Vital Throw,Fling,Gyro Ball,Brave,255 Attack / 255 Defense,0,255,255,0,0,0,31 all,"23,27 all",Receiver (2/3) / Defiant (1/3),PID-derived species ratio (sex_vector=127),255,NPC + Agency,"53,54,59,70,71,73,74",Trainer IDs 50-69 (23 IV); Trainer IDs 70-89 (27 IV),Receiver / Receiver / Defiant,127
"Skip (Worker) / Christy, Verna (Madame) / Brantley, Camber (Firefighter) / Variel, Atalanta (Dancer)",484,Bronzong,Default,Damp Rock,Rain Dance,Light Screen,Charge Beam,Grass Knot,Quiet,255 HP / 255 Sp. Atk,255,0,0,0,255,0,31 all,"23,27,31 all",Levitate (1/3) / Heatproof (1/3) / Heavy Metal (1/3),Genderless,255,NPC + Agency,"59,66,67,88,89,100,101",Trainer IDs 50-69 (23 IV); Trainer IDs 70-89 (27 IV); Trainer IDs 90-189 (31 IV),Levitate / Heatproof / Heavy Metal,255
"Kaula, Charlene (Sightseer) / Cheryl (Madame)",485,Drapion,Default,Shuca Berry,Cross Poison,Crunch,Scary Face,Screech,Naive,255 Attack / 255 Speed,0,255,0,255,0,0,31 all,23 all,Battle Armor (1/3) / Sniper (1/3) / Keen Eye (1/3),PID-derived species ratio (sex_vector=127),255,NPC + Agency,"53,54,65",Trainer IDs 50-69 (23 IV),Battle Armor / Sniper / Keen Eye,127
"JT, Benjamin (Worker) / Henry (Gentleman) / Julien, Sly (Cook)",486,Crabominable,Default,Chesto Berry,Rest,Iron Defense,Ice Hammer,Dynamic Punch,Relaxed,255 HP / 255 Defense,255,0,255,0,0,0,31 all,"23,27 all",Hyper Cutter (1/3) / Iron Fist (1/3) / Anger Point (1/3),PID-derived species ratio (sex_vector=127),255,NPC + Agency,"60,61,62,85,86",Trainer IDs 50-69 (23 IV); Trainer IDs 70-89 (27 IV),Hyper Cutter / Iron Fist / Anger Point,127
"JT, Benjamin (Worker) / Cheryl (Madame) / Julien, Sly (Cook) / Kukui (Pokémon Trainer)",487,Ninetales,Alolan,Icium Z,Aurora Veil,Hypnosis,Dream Eater,Blizzard,Timid,255 HP / 255 Defense,255,0,255,0,0,0,31 all,"23,27,31 all",Snow Cloak (2/3) / Snow Warning (1/3),PID-derived species ratio (sex_vector=191),255,NPC + Agency,"60,61,65,85,86,205",Battle Legend/featured IDs 190-205 (31 IV); Trainer IDs 50-69 (23 IV); Trainer IDs 70-89 (27 IV),Snow Cloak / Snow Cloak / Snow Warning,191
"Skip (Worker) / Duncan, Nobunaga (Collector) / Dyson, Chip (Bellhop) / Blue (Battle Legend)",488,Machamp,Default,Expert Belt,Ice Punch,Cross Chop,Fire Punch,Focus Energy,Brave,255 HP / 255 Attack,255,255,0,0,0,0,31 all,"23,27,31 all",Guts (1/3) / No Guard (1/3) / Steadfast (1/3),PID-derived species ratio (sex_vector=63),255,NPC + Agency,"59,68,69,82,83,204",Battle Legend/featured IDs 190-205 (31 IV); Trainer IDs 50-69 (23 IV); Trainer IDs 70-89 (27 IV),Guts / No Guard / Steadfast,63
"Kaula, Charlene (Sightseer) / Jairo (Janitor)",489,Shuckle,Default,Quick Claw,Power Trick,Encore,Rock Slide,Bug Bite,Bold,255 HP / 255 Defense,255,0,255,0,0,0,31 all,23 all,Sturdy (1/3) / Gluttony (1/3) / Contrary (1/3),PID-derived species ratio (sex_vector=127),255,NPC + Agency,"53,54,56",Trainer IDs 50-69 (23 IV),Sturdy / Gluttony / Contrary,127
"Jairo (Janitor) / Duncan, Nobunaga (Collector) / Nedry, Sheridan, Dara, Rada (Pokémon Breeder)",490,Mimikyu,Default,Leftovers,Curse,Protect,Astonish,Baby-Doll Eyes,Impish,255 HP / 255 Defense,255,0,255,0,0,0,31 all,"23,27 all",Disguise (3/3),PID-derived species ratio (sex_vector=127),255,NPC + Agency,"56,68,69,76,77,79,80",Trainer IDs 50-69 (23 IV); Trainer IDs 70-89 (27 IV),Disguise / Disguise / Disguise,127
"Kaula, Charlene (Sightseer) / Skip (Worker) / Arnon, Alim, Anisa, Calliope (Golfer)",491,Honchkrow,Default,Black Glasses,Sucker Punch,Taunt,Pursuit,Protect,Brave,255 Attack / 255 Sp. Def,0,255,0,0,0,255,31 all,"23,27 all",Insomnia (1/3) / Super Luck (1/3) / Moxie (1/3),PID-derived species ratio (sex_vector=127),255,NPC + Agency,"53,54,59,70,71,73,74",Trainer IDs 50-69 (23 IV); Trainer IDs 70-89 (27 IV),Insomnia / Super Luck / Moxie,127
"Xaden, Giles (Janitor) / Cheryl (Madame) / Lou, Benji (Police Officer) / Vivek, Stellan (Hiker)",492,Gigalith,Default,Hard Stone,Iron Defense,Sandstorm,Lock-On,Rock Blast,Naughty,255 HP / 255 Defense,255,0,255,0,0,0,31 all,"23,31 all",Sturdy (1/3) / Sand Stream (1/3) / Sand Force (1/3),PID-derived species ratio (sex_vector=127),255,NPC + Agency,"57,58,65,91,92,140,141",Trainer IDs 50-69 (23 IV); Trainer IDs 90-189 (31 IV),Sturdy / Sand Stream / Sand Force,127
"Skip (Worker) / Duncan, Nobunaga (Collector) / Dyson, Chip (Bellhop)",493,Conkeldurr,Default,Iron Ball,Mach Punch,Hammer Arm,Bulk Up,Fling,Brave,255 Attack / 255 Sp. Def,0,255,0,0,0,255,31 all,"23,27 all",Guts (1/3) / Sheer Force (1/3) / Iron Fist (1/3),PID-derived species ratio (sex_vector=63),255,NPC + Agency,"59,68,69,82,83",Trainer IDs 50-69 (23 IV); Trainer IDs 70-89 (27 IV),Guts / Sheer Force / Iron Fist,63
"Cooper, Darien (Sightseer) / Xaden, Giles (Janitor)",494,Excadrill,Default,Steelium Z,Dig,Metal Sound,Metal Claw,Swords Dance,Adamant,255 Attack / 255 Defense,0,255,255,0,0,0,31 all,23 all,Sand Rush (1/3) / Sand Force (1/3) / Mold Breaker (1/3),PID-derived species ratio (sex_vector=127),255,NPC + Agency,"50,51,57,58",Trainer IDs 50-69 (23 IV),Sand Rush / Sand Force / Mold Breaker,127
"Cheryl, Christy, Verna (Madame) / Julien, Sly (Cook)",495,Wishiwashi,School,Leftovers,Dive,Aqua Ring,Protect,Earthquake,Adamant,255 HP / 255 Attack,255,255,0,0,0,0,31 all,"23,27 all",Schooling (3/3),PID-derived species ratio (sex_vector=127),255,NPC + Agency,"65,66,67,85,86",Trainer IDs 50-69 (23 IV); Trainer IDs 70-89 (27 IV),Schooling / Schooling / Schooling,127
"Cooper, Darien (Sightseer) / Xaden, Giles (Janitor)",496,Steelix,Default,Enigma Berry,Crunch,Curse,Gyro Ball,Screech,Impish,255 HP / 255 Attack,255,255,0,0,0,0,31 all,23 all,Rock Head (1/3) / Sturdy (1/3) / Sheer Force (1/3),PID-derived species ratio (sex_vector=127),255,NPC + Agency,"50,51,57,58",Trainer IDs 50-69 (23 IV),Rock Head / Sturdy / Sheer Force,127
"Hart, Odessa (Sightseer) / JT, Benjamin (Worker) / Henry (Gentleman)",497,Weavile,Default,Never-Melt Ice,Ice Shard,Ice Punch,Torment,Protect,Jolly,255 Attack / 255 Speed,0,255,0,255,0,0,31 all,23 all,Pressure (2/3) / Pickpocket (1/3),PID-derived species ratio (sex_vector=127),255,NPC + Agency,"52,55,60,61,62",Trainer IDs 50-69 (23 IV),Pressure / Pressure / Pickpocket,127
"Hart, Odessa (Sightseer) / Xaden, Giles (Janitor) / Skip (Worker) / Duncan, Nobunaga (Collector) / Arnon, Alim (Golfer)",498,Gliscor,Default,Liechi Berry,Agility,Acrobatics,Swords Dance,Baton Pass,Impish,255 HP / 255 Defense,255,0,255,0,0,0,31 all,"23,27 all",Hyper Cutter (1/3) / Sand Veil (1/3) / Poison Heal (1/3),PID-derived species ratio (sex_vector=127),255,NPC + Agency,"52,55,57,58,59,68,69,70,71",Trainer IDs 50-69 (23 IV); Trainer IDs 70-89 (27 IV),Hyper Cutter / Sand Veil / Poison Heal,127
"Cooper, Darien (Sightseer) / Duncan, Nobunaga (Collector)",499,Zoroark,Default,Expert Belt,Grass Knot,Shadow Ball,Flamethrower,Nasty Plot,Timid,255 Speed / 255 Sp. Atk,0,0,0,255,255,0,31 all,23 all,Illusion (3/3),PID-derived species ratio (sex_vector=31),255,NPC + Agency,"50,51,68,69",Trainer IDs 50-69 (23 IV),Illusion / Illusion / Illusion,31
"Henry (Gentleman) / Duncan, Nobunaga (Collector) / Dara, Rada (Pokémon Breeder)",500,Mandibuzz,Default,Roseli Berry,Dark Pulse,Air Slash,Shadow Ball,Nasty Plot,Mild,255 Speed / 255 Sp. Atk,0,0,0,255,255,0,31 all,"23,27 all",Big Pecks (1/3) / Overcoat (1/3) / Weak Armor (1/3),Female-only,255,NPC + Agency,"62,68,69,79,80",Trainer IDs 50-69 (23 IV); Trainer IDs 70-89 (27 IV),Big Pecks / Overcoat / Weak Armor,254
"Kaula, Charlene (Sightseer) / Skip (Worker) / Nedry, Sheridan, Dara, Rada (Pokémon Breeder)",501,Braviary,Default,Persim Berry,Thrash,Bulk Up,Superpower,U-turn,Naughty,255 Attack / 255 Speed,0,255,0,255,0,0,31 all,"23,27 all",Keen Eye (1/3) / Sheer Force (1/3) / Defiant (1/3),Male-only,255,NPC + Agency,"53,54,59,76,77,79,80",Trainer IDs 50-69 (23 IV); Trainer IDs 70-89 (27 IV),Keen Eye / Sheer Force / Defiant,0
"Cheryl, Christy, Verna (Madame) / Nedry, Sheridan (Pokémon Breeder) / Brantley, Camber (Firefighter)",502,Tentacruel,Default,Poisonium Z,Rapid Spin,Poison Jab,Waterfall,Swords Dance,Hasty,255 Attack / 255 Speed,0,255,0,255,0,0,31 all,"23,27 all",Clear Body (1/3) / Liquid Ooze (1/3) / Rain Dish (1/3),PID-derived species ratio (sex_vector=127),255,NPC + Agency,"65,66,67,76,77,88,89",Trainer IDs 50-69 (23 IV); Trainer IDs 70-89 (27 IV),Clear Body / Liquid Ooze / Rain Dish,127
"Xaden, Giles (Janitor) / Duncan, Nobunaga (Collector) / Anisa, Calliope (Golfer) / Blue (Battle Legend)",503,Aerodactyl,Default,Passho Berry,Crunch,Rock Slide,Roost,Sky Drop,Naive,255 Attack / 255 Speed,0,255,0,255,0,0,31 all,"23,27,31 all",Rock Head (1/3) / Pressure (1/3) / Unnerve (1/3),PID-derived species ratio (sex_vector=31),255,NPC + Agency,"57,58,68,69,73,74,204",Battle Legend/featured IDs 190-205 (31 IV); Trainer IDs 50-69 (23 IV); Trainer IDs 70-89 (27 IV),Rock Head / Pressure / Unnerve,31
"Skip (Worker) / Duncan, Nobunaga (Collector)",504,Porygon2,Default,Eviolite,Tri Attack,Psychic,Double Team,Recover,Calm,170 HP / 170 Defense / 170 Sp. Def,170,0,170,0,0,170,31 all,23 all,Trace (1/3) / Download (1/3) / Analytic (1/3),Genderless,255,NPC + Agency,"59,68,69",Trainer IDs 50-69 (23 IV),Trace / Download / Analytic,255
"Xaden, Giles (Janitor) / Duncan, Nobunaga (Collector) / Anisa, Calliope (Golfer)",505,Palossand,Default,Ghostium Z,Rock Polish,Shadow Ball,Earth Power,Sludge Bomb,Timid,255 Speed / 255 Sp. Atk,0,0,0,255,255,0,31 all,"23,27 all",Water Compaction (2/3) / Sand Veil (1/3),PID-derived species ratio (sex_vector=127),255,NPC + Agency,"57,58,68,69,73,74",Trainer IDs 50-69 (23 IV); Trainer IDs 70-89 (27 IV),Water Compaction / Water Compaction / Sand Veil,127
"Henry (Gentleman) / Duncan, Nobunaga (Collector) / Dara, Rada (Pokémon Breeder) / Julien, Sly (Cook)",506,Yanmega,Default,Sitrus Berry,Psychic,Bug Buzz,Swagger,Substitute,Modest,255 HP / 255 Sp. Atk,255,0,0,0,255,0,31 all,"23,27 all",Speed Boost (1/3) / Tinted Lens (1/3) / Frisk (1/3),PID-derived species ratio (sex_vector=127),255,NPC + Agency,"62,68,69,79,80,85,86",Trainer IDs 50-69 (23 IV); Trainer IDs 70-89 (27 IV),Speed Boost / Tinted Lens / Frisk,127
"Cooper, Darien (Sightseer) / Henry (Gentleman) / Perri (Pokémon Center Lady)",507,Gardevoir,Default,Bright Powder,Stored Power,Thunderbolt,Calm Mind,Double Team,Timid,255 Speed / 255 Sp. Atk,0,0,0,255,255,0,31 all,"23,31 all",Synchronize (1/3) / Trace (1/3) / Telepathy (1/3),PID-derived species ratio (sex_vector=127),255,NPC + Agency,"50,51,62,187",Trainer IDs 50-69 (23 IV); Trainer IDs 90-189 (31 IV),Synchronize / Trace / Telepathy,127
"Kaula, Charlene (Sightseer) / Henry (Gentleman)",508,Gallade,Default,Scope Lens,Psycho Cut,Leaf Blade,Slash,Protect,Jolly,255 Attack / 255 Speed,0,255,0,255,0,0,31 all,23 all,Steadfast (2/3) / Justified (1/3),Male-only,255,NPC + Agency,"53,54,62",Trainer IDs 50-69 (23 IV),Steadfast / Steadfast / Justified,0
"Kaula, Charlene (Sightseer) / Skip (Worker) / Arnon, Alim, Anisa, Calliope (Golfer)",509,Exeggutor,Alolan,Sitrus Berry,Dragon Tail,Flamethrower,Hypnosis,Giga Drain,Calm,255 HP / 255 Sp. Def,255,0,0,0,0,255,31 all,"23,27 all",Frisk (2/3) / Harvest (1/3),PID-derived species ratio (sex_vector=127),255,NPC + Agency,"53,54,59,70,71,73,74",Trainer IDs 50-69 (23 IV); Trainer IDs 70-89 (27 IV),Frisk / Frisk / Harvest,127
"Jairo (Janitor) / Christy, Verna (Madame)",510,Starmie,Default,Waterium Z,Protect,Psychic,Hydro Pump,Rapid Spin,Modest,255 Speed / 255 Sp. Atk,0,0,0,255,255,0,31 all,23 all,Illuminate (1/3) / Natural Cure (1/3) / Analytic (1/3),Genderless,255,NPC + Agency,"56,66,67",Trainer IDs 50-69 (23 IV),Illuminate / Natural Cure / Analytic,255
"Xaden, Giles (Janitor) / Henry (Gentleman)",511,Flygon,Default,Haban Berry,Swagger,Quick Attack,Rock Slide,U-turn,Naive,255 Attack / 255 Speed,0,255,0,255,0,0,31 all,23 all,Levitate (3/3),PID-derived species ratio (sex_vector=127),255,NPC + Agency,"57,58,62",Trainer IDs 50-69 (23 IV),Levitate / Levitate / Levitate,127
"Kaula, Charlene (Sightseer) / Skip (Worker)",512,Klinklang,Default,Steelium Z,Charge Beam,Metal Sound,Flash Cannon,Autotomize,Mild,255 Speed / 255 Sp. Atk,0,0,0,255,255,0,31 all,23 all,Plus (1/3) / Minus (1/3) / Clear Body (1/3),Genderless,255,NPC + Agency,"53,54,59",Trainer IDs 50-69 (23 IV),Plus / Minus / Clear Body,255
"Ikram, Jerry (Gentleman) / Cheryl (Madame) / Julien, Sly (Cook)",513,Chandelure,Default,Chesto Berry,Energy Ball,Rest,Heat Wave,Will-O-Wisp,Timid,255 HP / 255 Speed,255,0,0,255,0,0,31 all,"23,27 all",Flash Fire (1/3) / Flame Body (1/3) / Infiltrator (1/3),PID-derived species ratio (sex_vector=127),255,NPC + Agency,"63,64,65,85,86",Trainer IDs 50-69 (23 IV); Trainer IDs 70-89 (27 IV),Flash Fire / Flame Body / Infiltrator,127
"Jairo (Janitor) / Christy, Verna (Madame) / Zeno, Christina (Golfer)",514,Vaporeon,Default,Waterium Z,Ice Beam,Hydro Pump,Acid Armor,Aqua Ring,Modest,255 Defense / 255 Sp. Atk,0,0,255,0,255,0,31 all,"23,27 all",Water Absorb (2/3) / Hydration (1/3),PID-derived species ratio (sex_vector=31),255,NPC + Agency,"56,66,67,72,75",Trainer IDs 50-69 (23 IV); Trainer IDs 70-89 (27 IV),Water Absorb / Water Absorb / Hydration,31
"Skip (Worker) / Cheryl, Christy, Verna (Madame) / Zeno, Christina (Golfer) / Brantley, Camber (Firefighter) / Variel, Atalanta (Dancer)",515,Jolteon,Default,Damp Rock,Thunder,Protect,Charm,Rain Dance,Timid,255 Speed / 255 Sp. Atk,0,0,0,255,255,0,31 all,"23,27,31 all",Volt Absorb (2/3) / Quick Feet (1/3),PID-derived species ratio (sex_vector=31),255,NPC + Agency,"59,65,66,67,72,75,88,89,100,101",Trainer IDs 50-69 (23 IV); Trainer IDs 70-89 (27 IV); Trainer IDs 90-189 (31 IV),Volt Absorb / Volt Absorb / Quick Feet,31
"Ikram, Jerry (Gentleman) / Cheryl (Madame) / Zeno, Christina (Golfer) / Nedry, Sheridan, Dara, Rada (Pokémon Breeder)",516,Flareon,Default,Charcoal,Will-O-Wisp,Charm,Flame Charge,Protect,Impish,255 HP / 255 Defense,255,0,255,0,0,0,31 all,"23,27 all",Flash Fire (2/3) / Guts (1/3),PID-derived species ratio (sex_vector=31),255,NPC + Agency,"63,64,65,72,75,76,77,79,80",Trainer IDs 50-69 (23 IV); Trainer IDs 70-89 (27 IV),Flash Fire / Flash Fire / Guts,31
"Henry (Gentleman) / Duncan, Nobunaga (Collector) / Zeno, Christina (Golfer)",517,Espeon,Default,Kasib Berry,Psyshock,Grass Knot,Dazzling Gleam,Charm,Timid,255 HP / 255 Speed,255,0,0,255,0,0,31 all,"23,27 all",Synchronize (2/3) / Magic Bounce (1/3),PID-derived species ratio (sex_vector=31),255,NPC + Agency,"62,68,69,72,75",Trainer IDs 50-69 (23 IV); Trainer IDs 70-89 (27 IV),Synchronize / Synchronize / Magic Bounce,31
"Henry (Gentleman) / Duncan, Nobunaga (Collector) / Zeno, Christina (Golfer) / Nedry, Sheridan, Dara, Rada (Pokémon Breeder)",518,Umbreon,Default,Normalium Z,Payback,Moonlight,Stored Power,Work Up,Careful,255 HP / 255 Attack,255,255,0,0,0,0,31 all,"23,27 all",Synchronize (2/3) / Inner Focus (1/3),PID-derived species ratio (sex_vector=31),255,NPC + Agency,"62,68,69,72,75,76,77,79,80",Trainer IDs 50-69 (23 IV); Trainer IDs 70-89 (27 IV),Synchronize / Synchronize / Inner Focus,31
"Ikram, Jerry (Gentleman) / Cheryl (Madame) / Arnon, Alim, Zeno, Anisa, Calliope, Christina (Golfer)",519,Leafeon,Default,Liechi Berry,Leaf Blade,Giga Impact,Substitute,Yawn,Naive,255 Attack / 255 Speed,0,255,0,255,0,0,31 all,"23,27 all",Leaf Guard (2/3) / Chlorophyll (1/3),PID-derived species ratio (sex_vector=31),255,NPC + Agency,"63,64,65,70,71,72,73,74,75",Trainer IDs 50-69 (23 IV); Trainer IDs 70-89 (27 IV),Leaf Guard / Leaf Guard / Chlorophyll,31
"JT, Benjamin (Worker) / Cheryl (Madame) / Zeno, Christina (Golfer) / Nedry, Sheridan, Dara, Rada (Pokémon Breeder) / Iniko, Arnold (Black Belt)",520,Glaceon,Default,Chesto Berry,Frost Breath,Shadow Ball,Rest,Barrier,Bold,255 HP / 255 Defense,255,0,255,0,0,0,31 all,"23,27,31 all",Snow Cloak (2/3) / Ice Body (1/3),PID-derived species ratio (sex_vector=31),255,NPC + Agency,"60,61,65,72,75,76,77,79,80,97,98",Trainer IDs 50-69 (23 IV); Trainer IDs 70-89 (27 IV); Trainer IDs 90-189 (31 IV),Snow Cloak / Snow Cloak / Ice Body,31
"Cheryl (Madame) / Duncan, Nobunaga (Collector) / Dyson, Chip (Bellhop)",521,Lucario,Default,Liechi Berry,Close Combat,Bulk Up,Endure,Reversal,Jolly,255 Attack / 255 Speed,0,255,0,255,0,0,31 all,"23,27 all",Steadfast (1/3) / Inner Focus (1/3) / Justified (1/3),PID-derived species ratio (sex_vector=31),255,NPC + Agency,"65,68,69,82,83",Trainer IDs 50-69 (23 IV); Trainer IDs 70-89 (27 IV),Steadfast / Inner Focus / Justified,31
"Kaula, Charlene (Sightseer) / Jairo, Xaden, Giles (Janitor) / Lou, Benji (Police Officer) / Vivek, Stellan (Hiker)",522,Hippowdon,Default,Sitrus Berry,Crunch,Rock Slide,Protect,Curse,Lonely,255 HP / 255 Attack,255,255,0,0,0,0,31 all,"23,31 all",Sand Stream (2/3) / Sand Force (1/3),PID-derived species ratio (sex_vector=127),255,NPC + Agency,"53,54,56,57,58,91,92,140,141",Trainer IDs 50-69 (23 IV); Trainer IDs 90-189 (31 IV),Sand Stream / Sand Stream / Sand Force,127
"Kaula, Charlene (Sightseer) / Henry (Gentleman) / Cheryl (Madame) / Nedry, Sheridan, Dara, Rada (Pokémon Breeder)",523,Liepard,Default,Groundium Z,Sand Attack,Foul Play,Swagger,Play Rough,Careful,255 HP / 255 Sp. Def,255,0,0,0,0,255,31 all,"23,27 all",Limber (1/3) / Unburden (1/3) / Prankster (1/3),PID-derived species ratio (sex_vector=127),255,NPC + Agency,"53,54,62,65,76,77,79,80",Trainer IDs 50-69 (23 IV); Trainer IDs 70-89 (27 IV),Limber / Unburden / Prankster,127
"Hart, Odessa (Sightseer) / Henry (Gentleman) / Dyson, Chip (Bellhop)",524,Dusknoir,Default,Iron Ball,Shadow Sneak,Fire Punch,Fling,Trick Room,Brave,255 HP / 255 Attack,255,255,0,0,0,0,31 all,"23,27 all",Pressure (2/3) / Frisk (1/3),PID-derived species ratio (sex_vector=127),255,NPC + Agency,"52,55,62,82,83",Trainer IDs 50-69 (23 IV); Trainer IDs 70-89 (27 IV),Pressure / Pressure / Frisk,127
"Kaula, Charlene (Sightseer) / Skip (Worker) / Cheryl (Madame)",525,Mienshao,Default,King's Rock,Fake Out,Fling,Acrobatics,High Jump Kick,Jolly,255 Attack / 255 Speed,0,255,0,255,0,0,31 all,23 all,Inner Focus (1/3) / Regenerator (1/3) / Reckless (1/3),PID-derived species ratio (sex_vector=127),255,NPC + Agency,"53,54,59,65",Trainer IDs 50-69 (23 IV),Inner Focus / Regenerator / Reckless,127
"Kaula, Charlene (Sightseer) / JT, Benjamin (Worker) / Christy, Verna (Madame) / Dyson, Chip (Bellhop) / Brantley, Camber (Firefighter) / Iniko, Arnold (Black Belt)",526,Beartic,Default,Lax Incense,Hail,Icy Wind,Grass Knot,Blizzard,Rash,255 HP / 255 Sp. Atk,255,0,0,0,255,0,31 all,"23,27,31 all",Snow Cloak (1/3) / Slush Rush (1/3) / Swift Swim (1/3),PID-derived species ratio (sex_vector=127),255,NPC + Agency,"53,54,60,61,66,67,82,83,88,89,97,98",Trainer IDs 50-69 (23 IV); Trainer IDs 70-89 (27 IV); Trainer IDs 90-189 (31 IV),Snow Cloak / Slush Rush / Swift Swim,127
"Cooper, Darien (Sightseer) / Henry (Gentleman) / Dyson, Chip (Bellhop)",527,Bouffalant,Default,Chople Berry,Pursuit,Revenge,Head Charge,Swagger,Brave,255 HP / 255 Attack,255,255,0,0,0,0,31 all,"23,27 all",Reckless (1/3) / Sap Sipper (1/3) / Soundproof (1/3),PID-derived species ratio (sex_vector=127),255,NPC + Agency,"50,51,62,82,83",Trainer IDs 50-69 (23 IV); Trainer IDs 70-89 (27 IV),Reckless / Sap Sipper / Soundproof,127
"Kaula, Charlene (Sightseer) / Skip (Worker)",528,Aggron,Default,King's Rock,Surf,Flash Cannon,Focus Blast,Round,Quiet,255 Defense / 255 Sp. Atk,0,0,255,0,255,0,31 all,23 all,Sturdy (1/3) / Rock Head (1/3) / Heavy Metal (1/3),PID-derived species ratio (sex_vector=127),255,NPC + Agency,"53,54,59",Trainer IDs 50-69 (23 IV),Sturdy / Rock Head / Heavy Metal,127
"Jairo (Janitor) / JT, Benjamin (Worker) / Christy, Verna (Madame)",529,Walrein,Default,Metronome,Ice Ball,Earthquake,Encore,Curse,Careful,255 Attack / 255 Sp. Def,0,255,0,0,0,255,31 all,23 all,Thick Fat (1/3) / Ice Body (1/3) / Oblivious (1/3),PID-derived species ratio (sex_vector=127),255,NPC + Agency,"56,60,61,66,67",Trainer IDs 50-69 (23 IV),Thick Fat / Ice Body / Oblivious,127
"Skip, JT, Benjamin (Worker) / Duncan, Nobunaga (Collector) / Anisa, Calliope (Golfer) / Iniko, Arnold (Black Belt)",530,Mamoswine,Default,Zoom Lens,Stone Edge,Bulldoze,Blizzard,Ice Fang,Brave,170 Attack / 170 Defense / 170 Sp. Def,0,170,170,0,0,170,31 all,"23,27,31 all",Oblivious (1/3) / Snow Cloak (1/3) / Thick Fat (1/3),PID-derived species ratio (sex_vector=127),255,NPC + Agency,"59,60,61,68,69,73,74,97,98",Trainer IDs 50-69 (23 IV); Trainer IDs 70-89 (27 IV); Trainer IDs 90-189 (31 IV),Oblivious / Snow Cloak / Thick Fat,127
"Cheryl, Christy, Verna (Madame) / Red (Battle Legend)",531,Lapras,Default,Normalium Z,Surf,Ice Beam,Rest,Sleep Talk,Modest,170 Defense / 170 Sp. Atk / 170 Sp. Def,0,0,170,0,170,170,31 all,"23,31 all",Water Absorb (1/3) / Shell Armor (1/3) / Hydration (1/3),PID-derived species ratio (sex_vector=127),255,NPC + Agency,"65,66,67,203",Battle Legend/featured IDs 190-205 (31 IV); Trainer IDs 50-69 (23 IV),Water Absorb / Shell Armor / Hydration,127
Jairo (Janitor) / Henry (Gentleman) / Cheryl (Madame),532,Crobat,Default,Sharp Beak,Air Slash,Shadow Ball,Confuse Ray,Nasty Plot,Timid,255 Speed / 255 Sp. Atk,0,0,0,255,255,0,31 all,23 all,Inner Focus (2/3) / Infiltrator (1/3),PID-derived species ratio (sex_vector=127),255,NPC + Agency,"56,62,65",Trainer IDs 50-69 (23 IV),Inner Focus / Inner Focus / Infiltrator,127
"Jairo, Xaden, Giles (Janitor)",533,Magnezone,Default,Shuca Berry,Charge Beam,Thunder Wave,Flash Cannon,Mirror Coat,Quiet,255 HP / 255 Sp. Atk,255,0,0,0,255,0,31 all,23 all,Magnet Pull (1/3) / Sturdy (1/3) / Analytic (1/3),Genderless,255,NPC + Agency,"56,57,58",Trainer IDs 50-69 (23 IV),Magnet Pull / Sturdy / Analytic,255
"Xaden, Giles (Janitor) / Skip (Worker) / Nedry, Sheridan (Pokémon Breeder) / Blue (Battle Legend)",534,Rhyperior,Default,Hard Stone,Rock Wrecker,Rock Polish,Earthquake,Ice Punch,Lonely,255 Attack / 255 Speed,0,255,0,255,0,0,31 all,"23,27,31 all",Lightning Rod (1/3) / Solid Rock (1/3) / Reckless (1/3),PID-derived species ratio (sex_vector=127),255,NPC + Agency,"57,58,59,76,77,204",Battle Legend/featured IDs 190-205 (31 IV); Trainer IDs 50-69 (23 IV); Trainer IDs 70-89 (27 IV),Lightning Rod / Solid Rock / Reckless,127
"Cooper, Darien (Sightseer) / Jairo (Janitor) / Arnon, Alim, Anisa, Calliope (Golfer)",535,Tangrowth,Default,Yache Berry,Wring Out,Tickle,Power Whip,Bulldoze,Naughty,255 Attack / 255 Speed,0,255,0,255,0,0,31 all,"23,27 all",Chlorophyll (1/3) / Leaf Guard (1/3) / Regenerator (1/3),PID-derived species ratio (sex_vector=127),255,NPC + Agency,"50,51,56,70,71,73,74",Trainer IDs 50-69 (23 IV); Trainer IDs 70-89 (27 IV),Chlorophyll / Leaf Guard / Regenerator,127
"Skip (Worker) / Duncan, Nobunaga (Collector)",536,Porygon-Z,Default,Choice Specs,Hyper Beam,Ice Beam,Thunderbolt,Shadow Ball,Modest,255 Speed / 255 Sp. Atk,0,0,0,255,255,0,31 all,23 all,Adaptability (1/3) / Download (1/3) / Analytic (1/3),Genderless,255,NPC + Agency,"59,68,69",Trainer IDs 50-69 (23 IV),Adaptability / Download / Analytic,255
"Jairo (Janitor) / JT, Benjamin (Worker) / Julien, Sly (Cook) / Iniko, Arnold (Black Belt)",537,Vanilluxe,Default,Occa Berry,Avalanche,Ice Shard,Natural Gift,Giga Impact,Lonely,255 HP / 255 Attack,255,255,0,0,0,0,31 all,"23,27,31 all",Ice Body (1/3) / Snow Warning (1/3) / Weak Armor (1/3),PID-derived species ratio (sex_vector=127),255,NPC + Agency,"56,60,61,85,86,97,98",Trainer IDs 50-69 (23 IV); Trainer IDs 70-89 (27 IV); Trainer IDs 90-189 (31 IV),Ice Body / Snow Warning / Weak Armor,127
"Jairo (Janitor) / Duncan, Nobunaga (Collector)",538,Eelektross,Default,Expert Belt,Crunch,Wild Charge,Brick Break,Coil,Naughty,255 HP / 255 Attack,255,255,0,0,0,0,31 all,23 all,Levitate (3/3),PID-derived species ratio (sex_vector=127),255,NPC + Agency,"56,68,69",Trainer IDs 50-69 (23 IV),Levitate / Levitate / Levitate,127
"Hart, Odessa (Sightseer) / Cheryl (Madame) / Zero (Bellhop) / Julien, Sly, Noah (Cook) / Blue (Battle Legend)",539,Gyarados,Default,Normalium Z,Waterfall,Rest,Bulldoze,Giga Impact,Naughty,255 Attack / 255 Speed,0,255,0,255,0,0,31 all,"23,27,31 all",Intimidate (2/3) / Moxie (1/3),PID-derived species ratio (sex_vector=127),255,NPC + Agency,"52,55,65,84,85,86,87,204",Battle Legend/featured IDs 190-205 (31 IV); Trainer IDs 50-69 (23 IV); Trainer IDs 70-89 (27 IV),Intimidate / Intimidate / Moxie,127
"Jairo (Janitor) / Henry (Gentleman) / Duncan, Nobunaga (Collector) / Red (Battle Legend)",540,Snorlax,Default,Sitrus Berry,Return,Protect,Crunch,Belly Drum,Brave,255 Attack / 255 Defense,0,255,255,0,0,0,31 all,"23,31 all",Immunity (1/3) / Thick Fat (1/3) / Gluttony (1/3),PID-derived species ratio (sex_vector=31),255,NPC + Agency,"56,62,68,69,203",Battle Legend/featured IDs 190-205 (31 IV); Trainer IDs 50-69 (23 IV),Immunity / Thick Fat / Gluttony,31
"Jairo (Janitor) / Christy, Verna (Madame) / Brantley, Camber (Firefighter)",541,Kingdra,Default,Haban Berry,Dragon Pulse,Waterfall,Ice Beam,Dragon Dance,Mild,170 HP / 170 Attack / 170 Sp. Atk,170,170,0,0,170,0,31 all,"23,27 all",Swift Swim (1/3) / Sniper (1/3) / Damp (1/3),PID-derived species ratio (sex_vector=127),255,NPC + Agency,"56,66,67,88,89",Trainer IDs 50-69 (23 IV); Trainer IDs 70-89 (27 IV),Swift Swim / Sniper / Damp,127
"Cheryl (Madame) / Duncan, Nobunaga (Collector) / Nedry, Sheridan, Dara, Rada (Pokémon Breeder) / Perri (Pokémon Center Lady)",542,Blissey,Default,Custap Berry,Charge Beam,Shadow Ball,Grass Knot,Thunder Wave,Modest,255 Defense / 255 Sp. Atk,0,0,255,0,255,0,31 all,"23,27,31 all",Natural Cure (1/3) / Serene Grace (1/3) / Healer (1/3),Female-only,255,NPC + Agency,"65,68,69,76,77,79,80,187",Trainer IDs 50-69 (23 IV); Trainer IDs 70-89 (27 IV); Trainer IDs 90-189 (31 IV),Natural Cure / Serene Grace / Healer,254
"Kaula, Charlene (Sightseer) / Skip (Worker) / Arnon, Alim, Anisa, Calliope (Golfer)",543,Milotic,Default,Leftovers,Hydro Pump,Toxic,Attract,Aqua Ring,Quiet,255 HP / 255 Defense,255,0,255,0,0,0,31 all,"23,27 all",Marvel Scale (1/3) / Competitive (1/3) / Cute Charm (1/3),PID-derived species ratio (sex_vector=127),255,NPC + Agency,"53,54,59,70,71,73,74",Trainer IDs 50-69 (23 IV); Trainer IDs 70-89 (27 IV),Marvel Scale / Competitive / Cute Charm,127
"Cooper, Darien (Sightseer) / Henry (Gentleman) / Julien, Sly (Cook)",544,Malamar,Default,Choice Specs,Thunderbolt,Flamethrower,Psychic,Dark Pulse,Modest,255 Speed / 255 Sp. Atk,0,0,0,255,255,0,31 all,"23,27 all",Contrary (1/3) / Suction Cups (1/3) / Infiltrator (1/3),PID-derived species ratio (sex_vector=127),255,NPC + Agency,"50,51,62,85,86",Trainer IDs 50-69 (23 IV); Trainer IDs 70-89 (27 IV),Contrary / Suction Cups / Infiltrator,127
"JT, Benjamin (Worker) / Cheryl (Madame) / Nedry, Sheridan (Pokémon Breeder) / Iniko, Arnold (Black Belt)",545,Sandslash,Alolan,Focus Sash,Counter,Defense Curl,Ice Ball,Gyro Ball,Brave,255 HP / 255 Attack,255,255,0,0,0,0,31 all,"23,27,31 all",Snow Cloak (2/3) / Slush Rush (1/3),PID-derived species ratio (sex_vector=127),255,NPC + Agency,"60,61,65,76,77,97,98",Trainer IDs 50-69 (23 IV); Trainer IDs 70-89 (27 IV); Trainer IDs 90-189 (31 IV),Snow Cloak / Snow Cloak / Slush Rush,127
"Kaula, Charlene (Sightseer) / Henry (Gentleman)",546,Haxorus,Default,Persim Berry,Outrage,Rock Slide,Counter,Dragon Dance,Naughty,170 HP / 170 Defense / 170 Speed,170,0,170,170,0,0,31 all,23 all,Rivalry (1/3) / Mold Breaker (1/3) / Unnerve (1/3),PID-derived species ratio (sex_vector=127),255,NPC + Agency,"53,54,62",Trainer IDs 50-69 (23 IV),Rivalry / Mold Breaker / Unnerve,127
"Kaula, Charlene (Sightseer) / Duncan, Nobunaga (Collector) / Perri (Pokémon Center Lady)",547,Togekiss,Default,Liechi Berry,Extreme Speed,Aerial Ace,Steel Wing,Brick Break,Brave,255 HP / 255 Attack,255,255,0,0,0,0,31 all,"23,31 all",Hustle (1/3) / Serene Grace (1/3) / Super Luck (1/3),PID-derived species ratio (sex_vector=31),255,NPC + Agency,"53,54,68,69,187",Trainer IDs 50-69 (23 IV); Trainer IDs 90-189 (31 IV),Hustle / Serene Grace / Super Luck,31
"Cooper, Darien (Sightseer) / Ikram, Jerry (Gentleman)",548,Volcarona,Default,Lum Berry,Bug Buzz,Flamethrower,Protect,Calm Mind,Timid,255 Speed / 255 Sp. Atk,0,0,0,255,255,0,31 all,23 all,Flame Body (2/3) / Swarm (1/3),PID-derived species ratio (sex_vector=127),255,NPC + Agency,"50,51,63,64",Trainer IDs 50-69 (23 IV),Flame Body / Flame Body / Swarm,127
"Hart, Odessa (Sightseer) / Cheryl (Madame) / Nedry, Sheridan, Dara, Rada (Pokémon Breeder) / Zero (Bellhop) / Noah (Cook) / Blue (Battle Legend)",549,Arcanine,Default,Weakness Policy,Extreme Speed,Crunch,Overheat,Roar,Naughty,255 Attack / 255 Speed,0,255,0,255,0,0,31 all,"23,27,31 all",Intimidate (1/3) / Flash Fire (1/3) / Justified (1/3),PID-derived species ratio (sex_vector=63),255,NPC + Agency,"52,55,65,76,77,79,80,84,87,204",Battle Legend/featured IDs 190-205 (31 IV); Trainer IDs 50-69 (23 IV); Trainer IDs 70-89 (27 IV),Intimidate / Flash Fire / Justified,63
"Cheryl (Madame) / Duncan, Nobunaga (Collector) / Dyson, Chip (Bellhop)",550,Archeops,Default,Enigma Berry,Earthquake,Earth Power,Endeavor,Ancient Power,Mild,255 Speed / 255 Sp. Atk,0,0,0,255,255,0,31 all,"23,27 all",Defeatist (3/3),PID-derived species ratio (sex_vector=31),255,NPC + Agency,"65,68,69,82,83",Trainer IDs 50-69 (23 IV); Trainer IDs 70-89 (27 IV),Defeatist / Defeatist / Defeatist,31
"Kaula, Charlene (Sightseer) / Skip (Worker) / Arnon, Alim (Golfer) / Dyson, Chip (Bellhop)",551,Dragonite,Default,Salac Berry,Dragon Pulse,Ice Beam,Thunderbolt,Safeguard,Mild,255 Speed / 255 Sp. Atk,0,0,0,255,255,0,31 all,"23,27 all",Inner Focus (2/3) / Multiscale (1/3),PID-derived species ratio (sex_vector=127),255,NPC + Agency,"53,54,59,70,71,82,83",Trainer IDs 50-69 (23 IV); Trainer IDs 70-89 (27 IV),Inner Focus / Inner Focus / Multiscale,127
"Kaula, Charlene (Sightseer) / Xaden, Giles (Janitor) / Duncan, Nobunaga (Collector) / Lou, Benji (Police Officer) / Vivek, Stellan (Hiker) / Blue (Battle Legend)",552,Tyranitar,Default,King's Rock,Rock Slide,Crunch,Ice Beam,Dragon Dance,Hasty,255 Attack / 255 Speed,0,255,0,255,0,0,31 all,"23,31 all",Sand Stream (2/3) / Unnerve (1/3),PID-derived species ratio (sex_vector=127),255,NPC + Agency,"53,54,57,58,68,69,91,92,140,141,204",Battle Legend/featured IDs 190-205 (31 IV); Trainer IDs 50-69 (23 IV); Trainer IDs 90-189 (31 IV),Sand Stream / Sand Stream / Unnerve,127
"Hart, Odessa (Sightseer) / Cheryl (Madame) / Anisa, Calliope (Golfer) / Zero (Bellhop) / Julien, Sly, Noah (Cook)",553,Salamence,Default,Expert Belt,Dragon Claw,Zen Headbutt,Rock Slide,Dragon Dance,Lonely,170 Attack / 170 Speed / 170 Sp. Def,0,170,0,170,0,170,31 all,"23,27 all",Intimidate (2/3) / Moxie (1/3),PID-derived species ratio (sex_vector=127),255,NPC + Agency,"52,55,65,73,74,84,85,86,87",Trainer IDs 50-69 (23 IV); Trainer IDs 70-89 (27 IV),Intimidate / Intimidate / Moxie,127
"Henry (Gentleman) / Cheryl (Madame) / Duncan, Nobunaga (Collector)",554,Metagross,Default,Occa Berry,Psychic,Shadow Ball,Meteor Mash,Magnet Rise,Quiet,170 HP / 170 Attack / 170 Sp. Atk,170,170,0,0,170,0,31 all,23 all,Clear Body (2/3) / Light Metal (1/3),Genderless,255,NPC + Agency,"62,65,68,69",Trainer IDs 50-69 (23 IV),Clear Body / Clear Body / Light Metal,255
"Xaden, Giles (Janitor) / Henry (Gentleman)",555,Garchomp,Default,Focus Sash,Fire Blast,Dragon Breath,Surf,Sandstorm,Hasty,255 Speed / 255 Sp. Atk,0,0,0,255,255,0,31 all,23 all,Sand Veil (2/3) / Rough Skin (1/3),PID-derived species ratio (sex_vector=127),255,NPC + Agency,"57,58,62",Trainer IDs 50-69 (23 IV),Sand Veil / Sand Veil / Rough Skin,127
"Kaula, Charlene (Sightseer) / Duncan, Nobunaga (Collector)",556,Hydreigon,Default,Wide Lens,Focus Blast,Fire Blast,Dragon Rush,Work Up,Mild,170 Attack / 170 Speed / 170 Sp. Atk,0,170,0,170,170,0,31 all,23 all,Levitate (3/3),PID-derived species ratio (sex_vector=127),255,NPC + Agency,"53,54,68,69",Trainer IDs 50-69 (23 IV),Levitate / Levitate / Levitate,127
"Kaula, Charlene (Sightseer) / Jairo (Janitor)",557,Slaking,Default,Kee Berry,Crush Claw,Night Slash,Slack Off,Amnesia,Jolly,255 Attack / 255 Speed,0,255,0,255,0,0,31 all,23 all,Truant (3/3),PID-derived species ratio (sex_vector=127),255,NPC + Agency,"53,54,56",Trainer IDs 50-69 (23 IV),Truant / Truant / Truant,127
"Anisa, Calliope (Golfer) / Lea, Sylvia, Munin, Bette (Ace Trainer) / Xenophon (Veteran) / Niara, Reina (Preschooler) / Erix, Marianne (Rising Star) / Red (Battle Legend)",558,Venusaur,Default,Salac Berry,Energy Ball,Sludge Bomb,Grass Knot,Protect,Timid,255 Speed / 255 Sp. Atk,0,0,0,255,255,0,31 all,"27,31 all",Overgrow (2/3) / Chlorophyll (1/3),PID-derived species ratio (sex_vector=31),255,NPC + Agency,"73,74,108,109,118,121,123,134,136,155,157,190",Battle Legend/featured IDs 190-205 (31 IV); Trainer IDs 70-89 (27 IV); Trainer IDs 90-189 (31 IV),Overgrow / Overgrow / Chlorophyll,31
"Kiernan, Gertrude (Pokémon Breeder) / Lea, Sylvia, Levi (Ace Trainer) / Boris, Bryson (Black Belt) / Niara, Reina (Preschooler) / Erix, Marianne (Rising Star) / Patrick, Susanna (Golfer) / Dooley (Veteran) / Red (Battle Legend)",559,Charizard,Default,Charizardite Y,Heat Wave,Solar Beam,Air Slash,Focus Blast,Timid,255 Speed / 255 Sp. Atk,0,0,0,255,255,0,31 all,"27,31 all",Blaze (2/3) / Solar Power (1/3),PID-derived species ratio (sex_vector=31),255,NPC + Agency,"78,81,108,109,112,113,116,134,136,155,157,172,175,188,190",Battle Legend/featured IDs 190-205 (31 IV); Trainer IDs 70-89 (27 IV); Trainer IDs 90-189 (31 IV),Blaze / Blaze / Solar Power,31
"Nedry, Sheridan (Pokémon Breeder) / Brantley, Camber (Firefighter) / Boris, Bryson (Black Belt) / Hashim (Ace Trainer) / Niara, Reina (Preschooler) / Red (Battle Legend)",560,Blastoise,Default,Leftovers,Fake Out,Earthquake,Aqua Tail,Rock Slide,Adamant,255 HP / 255 Attack,255,255,0,0,0,0,31 all,"27,31 all",Torrent (2/3) / Rain Dish (1/3),PID-derived species ratio (sex_vector=31),255,NPC + Agency,"76,77,88,89,112,113,117,134,136,190",Battle Legend/featured IDs 190-205 (31 IV); Trainer IDs 70-89 (27 IV); Trainer IDs 90-189 (31 IV),Torrent / Torrent / Rain Dish,31
"Anisa, Calliope (Golfer) / Munin (Ace Trainer) / Niara, Reina (Preschooler)",561,Meganium,Default,Light Clay,Petal Blizzard,Earthquake,Reflect,Light Screen,Adamant,255 HP / 255 Attack,255,255,0,0,0,0,31 all,"27,31 all",Overgrow (2/3) / Leaf Guard (1/3),PID-derived species ratio (sex_vector=31),255,NPC + Agency,"73,74,118,134,136",Trainer IDs 70-89 (27 IV); Trainer IDs 90-189 (31 IV),Overgrow / Overgrow / Leaf Guard,31
"Dara, Rada (Pokémon Breeder) / Julien, Sly (Cook) / Boris, Bryson (Black Belt) / Levi (Ace Trainer) / Niara, Reina (Preschooler) / Patrick, Susanna (Golfer)",562,Typhlosion,Default,Choice Scarf,Eruption,Focus Blast,Flamethrower,Extrasensory,Modest,255 Speed / 255 Sp. Atk,0,0,0,255,255,0,31 all,"27,31 all",Blaze (2/3) / Flash Fire (1/3),PID-derived species ratio (sex_vector=31),255,NPC + Agency,"79,80,85,86,112,113,116,134,136,172,175",Trainer IDs 70-89 (27 IV); Trainer IDs 90-189 (31 IV),Blaze / Blaze / Flash Fire,31
"Anisa, Calliope (Golfer) / Variel, Atalanta (Dancer) / Boris, Bryson (Black Belt) / Hashim (Ace Trainer) / Niara, Reina (Preschooler)",563,Feraligatr,Default,Lum Berry,Aqua Jet,Waterfall,Earthquake,Ice Punch,Adamant,255 HP / 255 Attack,255,255,0,0,0,0,31 all,"27,31 all",Torrent (2/3) / Sheer Force (1/3),PID-derived species ratio (sex_vector=31),255,NPC + Agency,"73,74,100,101,112,113,117,134,136",Trainer IDs 70-89 (27 IV); Trainer IDs 90-189 (31 IV),Torrent / Torrent / Sheer Force,31
"Anisa, Calliope (Golfer) / Dyson, Chip (Bellhop) / Granville, Raz, Munin (Ace Trainer) / Boris, Bryson (Black Belt) / Niara, Reina (Preschooler) / Hilario, Thamina (Youth Athlete) / Mallow (Captain)",564,Sceptile,Default,White Herb,Leaf Storm,Focus Blast,Energy Ball,Detect,Timid,255 Speed / 255 Sp. Atk,0,0,0,255,255,0,31 all,"27,31 all",Overgrow (2/3) / Unburden (1/3),PID-derived species ratio (sex_vector=31),255,NPC + Agency,"73,74,82,83,104,105,112,113,118,134,136,152,153,200",Battle Legend/featured IDs 190-205 (31 IV); Trainer IDs 70-89 (27 IV); Trainer IDs 90-189 (31 IV),Overgrow / Overgrow / Unburden,31
"Kiernan, Gertrude (Pokémon Breeder) / Lea, Sylvia, Levi, Bette (Ace Trainer) / Boris, Bryson (Black Belt) / Niara, Reina (Preschooler)",565,Blaziken,Default,Choice Band,Flare Blitz,Shadow Claw,High Jump Kick,Earthquake,Jolly,255 Attack / 255 Speed,0,255,0,255,0,0,31 all,"27,31 all",Blaze (2/3) / Speed Boost (1/3),PID-derived species ratio (sex_vector=31),255,NPC + Agency,"78,81,108,109,112,113,116,121,134,136",Trainer IDs 70-89 (27 IV); Trainer IDs 90-189 (31 IV),Blaze / Blaze / Speed Boost,31
"Julien, Sly (Cook) / Brantley, Camber (Firefighter) / Variel, Atalanta (Dancer) / Boris, Bryson (Black Belt) / Hashim, Tamah (Ace Trainer) / Niara, Reina (Preschooler) / Dolly, Joaquin (Rising Star)",566,Swampert,Default,Swampertite,Earthquake,Rock Slide,Waterfall,Rain Dance,Adamant,255 HP / 255 Attack,255,255,0,0,0,0,31 all,"27,31 all",Torrent (2/3) / Damp (1/3),PID-derived species ratio (sex_vector=31),255,NPC + Agency,"85,86,88,89,100,101,112,113,117,120,134,136,154,156",Trainer IDs 70-89 (27 IV); Trainer IDs 90-189 (31 IV),Torrent / Torrent / Damp,31
"Nedry, Sheridan (Pokémon Breeder) / Dyson, Chip (Bellhop) / Munin, Tamah (Ace Trainer) / Niara, Reina (Preschooler)",567,Torterra,Default,Custap Berry,Earthquake,Crunch,Seed Bomb,Rock Slide,Adamant,255 Attack / 255 Sp. Def,0,255,0,0,0,255,31 all,"27,31 all",Overgrow (2/3) / Shell Armor (1/3),PID-derived species ratio (sex_vector=31),255,NPC + Agency,"76,77,82,83,118,120,134,136",Trainer IDs 70-89 (27 IV); Trainer IDs 90-189 (31 IV),Overgrow / Overgrow / Shell Armor,31
"Kiernan, Gertrude (Pokémon Breeder) / Lea, Sylvia, Levi, Bette (Ace Trainer) / Boris, Bryson (Black Belt) / Niara, Reina (Preschooler)",568,Infernape,Default,Life Orb,Fake Out,Close Combat,Overheat,Stone Edge,Hasty,255 Attack / 255 Speed,0,255,0,255,0,0,31 all,"27,31 all",Blaze (2/3) / Iron Fist (1/3),PID-derived species ratio (sex_vector=31),255,NPC + Agency,"78,81,108,109,112,113,116,121,134,136",Trainer IDs 70-89 (27 IV); Trainer IDs 90-189 (31 IV),Blaze / Blaze / Iron Fist,31
"Anisa, Calliope (Golfer) / Boris, Bryson (Black Belt) / Hashim, Poppy (Ace Trainer) / Niara, Reina (Preschooler)",569,Empoleon,Default,Icium Z,Surf,Ice Beam,Mist,Icy Wind,Quiet,255 HP / 255 Sp. Atk,255,0,0,0,255,0,31 all,"27,31 all",Torrent (2/3) / Defiant (1/3),PID-derived species ratio (sex_vector=31),255,NPC + Agency,"73,74,112,113,117,119,134,136",Trainer IDs 70-89 (27 IV); Trainer IDs 90-189 (31 IV),Torrent / Torrent / Defiant,31
"Arnon, Alim (Golfer) / Nedry, Sheridan (Pokémon Breeder) / Munin (Ace Trainer) / Niara, Reina (Preschooler) / Hilario, Thamina (Youth Athlete)",570,Serperior,Default,Bright Powder,Leaf Storm,Substitute,Hyper Beam,Toxic,Calm,170 HP / 170 Defense / 170 Sp. Def,170,0,170,0,0,170,31 all,"27,31 all",Overgrow (2/3) / Contrary (1/3),PID-derived species ratio (sex_vector=31),255,NPC + Agency,"70,71,76,77,118,134,136,152,153",Trainer IDs 70-89 (27 IV); Trainer IDs 90-189 (31 IV),Overgrow / Overgrow / Contrary,31
"Kiernan, Gertrude (Pokémon Breeder) / Lea, Sylvia, Levi, Bette (Ace Trainer) / Niara, Reina (Preschooler)",571,Emboar,Default,Quick Claw,Flare Blitz,Brick Break,Flame Charge,Earthquake,Adamant,170 Attack / 170 Defense / 170 Sp. Def,0,170,170,0,0,170,31 all,"27,31 all",Blaze (2/3) / Reckless (1/3),PID-derived species ratio (sex_vector=31),255,NPC + Agency,"78,81,108,109,116,121,134,136",Trainer IDs 70-89 (27 IV); Trainer IDs 90-189 (31 IV),Blaze / Blaze / Reckless,31
"Dara, Rada (Pokémon Breeder) / Hashim (Ace Trainer) / Niara, Reina (Preschooler)",572,Samurott,Default,Custap Berry,Aerial Ace,Waterfall,X-Scissor,Aqua Jet,Adamant,170 Attack / 170 Defense / 170 Sp. Def,0,170,170,0,0,170,31 all,"27,31 all",Torrent (2/3) / Shell Armor (1/3),PID-derived species ratio (sex_vector=31),255,NPC + Agency,"79,80,117,134,136",Trainer IDs 70-89 (27 IV); Trainer IDs 90-189 (31 IV),Torrent / Torrent / Shell Armor,31
"Nedry, Sheridan (Pokémon Breeder) / Lou, Benji (Police Officer) / Granville, Raz (Ace Trainer) / Vivek, Stellan (Hiker) / Darrel, Jana (Office Worker) / Hilario, Thamina (Youth Athlete) / Dan, Omar (Worker) / Giovanni (Pokémon Trainer)",573,Dugtrio,Default,Bright Powder,Fissure,Toxic,Substitute,Sandstorm,Timid,255 HP / 255 Speed,255,0,0,255,0,0,31 all,"27,31 all",Sand Veil (1/3) / Arena Trap (1/3) / Sand Force (1/3),PID-derived species ratio (sex_vector=127),255,NPC + Agency,"76,77,91,92,104,105,140,141,144,145,152,153,164,165,208",Battle Agency event IDs 207-208 (31 IV); Trainer IDs 70-89 (27 IV); Trainer IDs 90-189 (31 IV),Sand Veil / Arena Trap / Sand Force,127
"Nedry, Sheridan (Pokémon Breeder) / Larry, Tony (Cook) / Giovanni (Pokémon Trainer)",574,Marowak,Default,Thick Club,Earthquake,Stone Edge,Brick Break,Brutal Swing,Jolly,255 Attack / 255 Speed,0,255,0,255,0,0,31 all,"27,31 all",Rock Head (1/3) / Lightning Rod (1/3) / Battle Armor (1/3),PID-derived species ratio (sex_vector=127),255,NPC + Agency,"76,77,182,183,208",Battle Agency event IDs 207-208 (31 IV); Trainer IDs 70-89 (27 IV); Trainer IDs 90-189 (31 IV),Rock Head / Lightning Rod / Battle Armor,127
"Nedry, Sheridan (Pokémon Breeder) / Aino (Veteran) / Savir, Harding (Office Worker) / Donna, Gilroy (Bellhop)",575,Medicham,Default,Expert Belt,High Jump Kick,Zen Headbutt,Ice Punch,Bullet Punch,Jolly,255 Attack / 255 Speed,0,255,0,255,0,0,31 all,"27,31 all",Pure Power (2/3) / Telepathy (1/3),PID-derived species ratio (sex_vector=127),255,NPC + Agency,"76,77,126,142,143,170,171",Trainer IDs 70-89 (27 IV); Trainer IDs 90-189 (31 IV),Pure Power / Pure Power / Telepathy,127
"Arnon, Anisa (Golfer) / Darrel, Jana (Office Worker) / Blue (Battle Legend)",576,Pidgeot,Default,Pidgeotite,Hurricane,Hyper Beam,Tailwind,Quick Attack,Timid,255 Speed / 255 Sp. Atk,0,0,0,255,255,0,31 all,"27,31 all",Keen Eye (1/3) / Tangled Feet (1/3) / Big Pecks (1/3),PID-derived species ratio (sex_vector=127),255,NPC + Agency,"70,73,144,145,191",Battle Legend/featured IDs 190-205 (31 IV); Trainer IDs 70-89 (27 IV); Trainer IDs 90-189 (31 IV),Keen Eye / Tangled Feet / Big Pecks,127
"Nedry, Dara (Pokémon Breeder) / Zero (Bellhop) / Noah (Cook) / Xio, Dooley (Veteran) / Savir, Darrel (Office Worker) / Etta, Dustin (Punk Guy)",577,Mawile,Default,Mawilite,Play Rough,Iron Head,Sucker Punch,Swords Dance,Adamant,255 HP / 255 Attack,255,255,0,0,0,0,31 all,"27,31 all",Hyper Cutter (1/3) / Intimidate (1/3) / Sheer Force (1/3),PID-derived species ratio (sex_vector=127),255,NPC + Agency,"76,79,84,87,127,142,144,146,147,188",Trainer IDs 70-89 (27 IV); Trainer IDs 90-189 (31 IV),Hyper Cutter / Intimidate / Sheer Force,127
"Nedry, Sheridan, Dara, Rada (Pokémon Breeder)",578,Banette,Default,Banettite,Gunk Shot,Shadow Sneak,Will-O-Wisp,Destiny Bond,Adamant,255 HP / 255 Attack,255,255,0,0,0,0,31 all,27 all,Insomnia (1/3) / Frisk (1/3) / Cursed Body (1/3),PID-derived species ratio (sex_vector=127),255,NPC + Agency,"76,77,79,80",Trainer IDs 70-89 (27 IV),Insomnia / Frisk / Cursed Body,127
"Nedry, Sheridan, Dara, Rada (Pokémon Breeder) / Zed, Edda (Punk Girl)",579,Sableye,Default,Sablenite,Foul Play,Recover,Will-O-Wisp,Snarl,Bold,255 HP / 255 Defense,255,0,255,0,0,0,31 all,"27,31 all",Keen Eye (1/3) / Stall (1/3) / Prankster (1/3),PID-derived species ratio (sex_vector=127),255,NPC + Agency,"76,77,79,80,148,149",Trainer IDs 70-89 (27 IV); Trainer IDs 90-189 (31 IV),Keen Eye / Stall / Prankster,127
"Nedry, Sheridan, Dara, Rada (Pokémon Breeder) / Darrel, Jana (Office Worker) / Dan, Omar (Worker) / Presta, Calder (Firefighter) / Larry, Tony (Cook)",580,Lanturn,Default,Petaya Berry,Surf,Discharge,Thunder Wave,Ice Beam,Modest,170 Defense / 170 Sp. Atk / 170 Sp. Def,0,0,170,0,170,170,31 all,"27,31 all",Volt Absorb (1/3) / Illuminate (1/3) / Water Absorb (1/3),PID-derived species ratio (sex_vector=127),255,NPC + Agency,"76,77,79,80,144,145,164,165,180,181,182,183",Trainer IDs 70-89 (27 IV); Trainer IDs 90-189 (31 IV),Volt Absorb / Illuminate / Water Absorb,127
"Sheridan, Rada (Pokémon Breeder) / Julien, Sly, Larry, Tony (Cook) / Xenophon (Veteran) / Darrel, Jana (Office Worker) / Donna, Gilroy (Bellhop)",581,Breloom,Default,Focus Sash,Spore,Focus Punch,Rock Slide,Seed Bomb,Jolly,255 Attack / 255 Speed,0,255,0,255,0,0,31 all,"27,31 all",Effect Spore (1/3) / Poison Heal (1/3) / Technician (1/3),PID-derived species ratio (sex_vector=127),255,NPC + Agency,"77,80,85,86,123,144,145,170,171,182,183",Trainer IDs 70-89 (27 IV); Trainer IDs 90-189 (31 IV),Effect Spore / Poison Heal / Technician,127
"Arnon, Alim, Anisa, Calliope (Golfer) / Cal, Tivon, Robyn (Scientist) / Perri (Pokémon Center Lady)",582,Audino,Default,Audinite,Flamethrower,Healing Wish,Calm Mind,Draining Kiss,Bold,255 Defense / 255 Sp. Atk,0,0,255,0,255,0,31 all,"27,31 all",Healer (1/3) / Regenerator (1/3) / Klutz (1/3),PID-derived species ratio (sex_vector=127),255,NPC + Agency,"70,71,73,74,93,94,95,187",Trainer IDs 70-89 (27 IV); Trainer IDs 90-189 (31 IV),Healer / Regenerator / Klutz,127
"Nedry, Sheridan (Pokémon Breeder) / Savir, Harding (Office Worker) / Sam, Dennis (Collector)",583,Skarmory,Default,Choice Scarf,Brave Bird,Steel Wing,Night Slash,Rock Slide,Jolly,255 Attack / 255 Speed,0,255,0,255,0,0,31 all,"27,31 all",Keen Eye (1/3) / Sturdy (1/3) / Weak Armor (1/3),PID-derived species ratio (sex_vector=127),255,NPC + Agency,"76,77,142,143,184,185",Trainer IDs 70-89 (27 IV); Trainer IDs 90-189 (31 IV),Keen Eye / Sturdy / Weak Armor,127
"Nedry, Sheridan, Dara, Rada (Pokémon Breeder) / Zero (Bellhop) / Noah (Cook) / Zed, Edda (Punk Girl) / Grimsley (Pokémon Trainer)",584,Absol,Default,Focus Sash,Night Slash,Zen Headbutt,Sucker Punch,Play Rough,Jolly,255 Attack / 255 Speed,0,255,0,255,0,0,31 all,"27,31 all",Pressure (1/3) / Super Luck (1/3) / Justified (1/3),PID-derived species ratio (sex_vector=127),255,NPC + Agency,"76,77,79,80,84,87,148,149,192",Battle Legend/featured IDs 190-205 (31 IV); Trainer IDs 70-89 (27 IV); Trainer IDs 90-189 (31 IV),Pressure / Super Luck / Justified,127
"Nedry, Sheridan (Pokémon Breeder) / Zed, Edda (Punk Girl) / Presta, Calder (Firefighter) / Larry, Tony (Cook) / Grimsley (Pokémon Trainer)",585,Sharpedo,Default,Sharpedonite,Crunch,Ice Fang,Aqua Jet,Poison Jab,Adamant,255 Attack / 255 Speed,0,255,0,255,0,0,31 all,"27,31 all",Rough Skin (2/3) / Speed Boost (1/3),PID-derived species ratio (sex_vector=127),255,NPC + Agency,"76,77,148,149,180,181,182,183,192",Battle Legend/featured IDs 190-205 (31 IV); Trainer IDs 70-89 (27 IV); Trainer IDs 90-189 (31 IV),Rough Skin / Rough Skin / Speed Boost,127
"Dyson, Chip, Donna, Gilroy (Bellhop) / Larry, Tony (Cook)",586,Hariyama,Default,Flame Orb,Fake Out,Close Combat,Detect,Earthquake,Brave,255 Attack / 255 Defense,0,255,255,0,0,0,31 all,"27,31 all",Thick Fat (1/3) / Guts (1/3) / Sheer Force (1/3),PID-derived species ratio (sex_vector=63),255,NPC + Agency,"82,83,170,171,182,183",Trainer IDs 70-89 (27 IV); Trainer IDs 90-189 (31 IV),Thick Fat / Guts / Sheer Force,63
"Zero (Bellhop) / Julien, Sly, Noah, Larry, Tony (Cook) / Danby, Izel (Pokémon Breeder)",587,Vespiquen,Default,Sitrus Berry,Attack Order,Defend Order,Roost,Confuse Ray,Impish,170 HP / 170 Defense / 170 Sp. Def,170,0,170,0,0,170,31 all,"27,31 all",Pressure (2/3) / Unnerve (1/3),Female-only,255,NPC + Agency,"84,85,86,87,178,179,182,183",Trainer IDs 70-89 (27 IV); Trainer IDs 90-189 (31 IV),Pressure / Pressure / Unnerve,254
"Nedry, Sheridan, Dara, Rada (Pokémon Breeder) / Kikujiro (Veteran) / Savir, Harding (Office Worker) / Dan, Omar (Worker)",588,Raichu,Alolan,Focus Sash,Thunderbolt,Psychic,Grass Knot,Nasty Plot,Timid,255 Speed / 255 Sp. Atk,0,0,0,255,255,0,31 all,"27,31 all",Surge Surfer (3/3),PID-derived species ratio (sex_vector=127),255,NPC + Agency,"76,77,79,80,122,142,143,164,165",Trainer IDs 70-89 (27 IV); Trainer IDs 90-189 (31 IV),Surge Surfer / Surge Surfer / Surge Surfer,127
"Nedry, Sheridan (Pokémon Breeder) / Zed, Edda (Punk Girl) / Larry, Tony (Cook)",589,Glalie,Default,Leftovers,Substitute,Sheer Cold,Frost Breath,Protect,Timid,255 Defense / 255 Speed,0,0,255,255,0,0,31 all,"27,31 all",Inner Focus (1/3) / Ice Body (1/3) / Moody (1/3),PID-derived species ratio (sex_vector=127),255,NPC + Agency,"76,77,148,149,182,183",Trainer IDs 70-89 (27 IV); Trainer IDs 90-189 (31 IV),Inner Focus / Ice Body / Moody,127
"Nedry, Sheridan, Dara, Rada (Pokémon Breeder) / Kikujiro (Veteran) / Savir, Harding (Office Worker) / Etta, Dustin (Punk Guy) / Dan, Omar (Worker)",590,Manectric,Default,Manectite,Thunderbolt,Overheat,Snarl,Quick Attack,Timid,255 Speed / 255 Sp. Atk,0,0,0,255,255,0,31 all,"27,31 all",Static (1/3) / Lightning Rod (1/3) / Minus (1/3),PID-derived species ratio (sex_vector=127),255,NPC + Agency,"76,77,79,80,122,142,143,146,147,164,165",Trainer IDs 70-89 (27 IV); Trainer IDs 90-189 (31 IV),Static / Lightning Rod / Minus,127
"Arnon, Alim, Anisa, Calliope, Patrick, Susanna (Golfer) / Zero (Bellhop) / Noah (Cook) / Etta, Dustin (Punk Guy)",591,Staraptor,Default,Choice Band,Close Combat,Brave Bird,U-turn,Giga Impact,Mild,255 Attack / 255 Speed,0,255,0,255,0,0,31 all,"27,31 all",Intimidate (2/3) / Reckless (1/3),PID-derived species ratio (sex_vector=127),255,NPC + Agency,"70,71,73,74,84,87,146,147,172,175",Trainer IDs 70-89 (27 IV); Trainer IDs 90-189 (31 IV),Intimidate / Intimidate / Reckless,127
"Nedry, Sheridan, Danby, Izel (Pokémon Breeder) / Lou, Benji (Police Officer) / Stein, Cadel (Scientist) / Vivek, Stellan (Hiker) / Sika, Paulo (Janitor) / Dan, Omar (Worker) / Presta, Calder (Firefighter)",592,Gastrodon,Default,Leftovers,Sandstorm,Mud Bomb,Surf,Recover,Quiet,255 Defense / 255 Sp. Atk,0,0,255,0,255,0,31 all,"27,31 all",Sticky Hold (1/3) / Storm Drain (1/3) / Sand Force (1/3),PID-derived species ratio (sex_vector=127),255,NPC + Agency,"76,77,91,92,110,111,140,141,162,163,164,165,178,179,180,181",Trainer IDs 70-89 (27 IV); Trainer IDs 90-189 (31 IV),Sticky Hold / Storm Drain / Sand Force,127
"Nedry, Sheridan, Dara, Rada, Danby, Izel (Pokémon Breeder) / Larry, Tony (Cook)",593,Camerupt,Default,Cameruptite,Earth Power,Ancient Power,Fire Blast,Will-O-Wisp,Quiet,255 HP / 255 Sp. Atk,255,0,0,0,255,0,31 all,"27,31 all",Magma Armor (1/3) / Solid Rock (1/3) / Anger Point (1/3),PID-derived species ratio (sex_vector=127),255,NPC + Agency,"76,77,79,80,178,179,182,183",Trainer IDs 70-89 (27 IV); Trainer IDs 90-189 (31 IV),Magma Armor / Solid Rock / Anger Point,127
"Nedry, Sheridan (Pokémon Breeder) / Donna, Gilroy (Bellhop)",594,Sawk,Default,Expert Belt,Close Combat,Payback,Low Sweep,Earthquake,Jolly,255 Attack / 255 Speed,0,255,0,255,0,0,31 all,"27,31 all",Sturdy (1/3) / Inner Focus (1/3) / Mold Breaker (1/3),Male-only,255,NPC + Agency,"76,77,170,171",Trainer IDs 70-89 (27 IV); Trainer IDs 90-189 (31 IV),Sturdy / Inner Focus / Mold Breaker,0
"Nedry, Sheridan (Pokémon Breeder) / Donna, Gilroy (Bellhop)",595,Throh,Default,Expert Belt,Earthquake,Storm Throw,Payback,Rock Slide,Adamant,170 Attack / 170 Defense / 170 Sp. Def,0,170,170,0,0,170,31 all,"27,31 all",Guts (1/3) / Inner Focus (1/3) / Mold Breaker (1/3),Male-only,255,NPC + Agency,"76,77,170,171",Trainer IDs 70-89 (27 IV); Trainer IDs 90-189 (31 IV),Guts / Inner Focus / Mold Breaker,0
"Arnon, Alim (Golfer) / Zero (Bellhop) / Noah (Cook)",596,Unfezant,Default,Power Herb,Sky Attack,Return,Detect,U-turn,Jolly,255 Attack / 255 Speed,0,255,0,255,0,0,31 all,27 all,Big Pecks (1/3) / Super Luck (1/3) / Rivalry (1/3),PID-derived species ratio (sex_vector=127),255,NPC + Agency,"70,71,84,87",Trainer IDs 70-89 (27 IV),Big Pecks / Super Luck / Rivalry,127
"Nedry, Sheridan, Dara, Rada (Pokémon Breeder) / Dyson, Chip, Donna, Gilroy (Bellhop) / Brantley, Camber, Presta, Calder (Firefighter) / Variel, Atalanta (Dancer) / Darrel, Jana (Office Worker) / Dolly, Joaquin (Rising Star)",597,Pelipper,Default,Flyinium Z,Hurricane,Scald,Roost,Blizzard,Bold,255 HP / 255 Defense,255,0,255,0,0,0,31 all,"27,31 all",Keen Eye (1/3) / Drizzle (1/3) / Rain Dish (1/3),PID-derived species ratio (sex_vector=127),255,NPC + Agency,"76,77,79,80,82,83,88,89,100,101,144,145,154,156,170,171,180,181",Trainer IDs 70-89 (27 IV); Trainer IDs 90-189 (31 IV),Keen Eye / Drizzle / Rain Dish,127
"Arnon, Alim, Anisa, Calliope (Golfer) / Julien, Sly, Larry, Tony (Cook) / Zed, Edda (Punk Girl) / Sika, Paulo (Janitor) / Lori, Colby (Pokémon Breeder)",598,Amoonguss,Default,Rocky Helmet,Rage Powder,Spore,Giga Drain,Sludge Bomb,Relaxed,255 HP / 255 Defense,255,0,255,0,0,0,31 all,"27,31 all",Effect Spore (2/3) / Regenerator (1/3),PID-derived species ratio (sex_vector=127),255,NPC + Agency,"70,71,73,74,85,86,148,149,162,163,176,177,182,183",Trainer IDs 70-89 (27 IV); Trainer IDs 90-189 (31 IV),Effect Spore / Effect Spore / Regenerator,127
"Dara, Rada (Pokémon Breeder) / Granville, Raz (Ace Trainer) / Savir, Harding (Office Worker) / Leena, Buddy (Youth Athlete) / Sika, Paulo (Janitor) / Dan, Omar (Worker) / Colress (Pokémon Trainer)",599,Electrode,Default,Air Balloon,Thunderbolt,Mirror Coat,Thief,Protect,Timid,255 Speed / 255 Sp. Atk,0,0,0,255,255,0,31 all,"27,31 all",Soundproof (1/3) / Static (1/3) / Aftermath (1/3),Genderless,255,NPC + Agency,"79,80,104,105,142,143,150,151,162,163,164,165,195",Battle Legend/featured IDs 190-205 (31 IV); Trainer IDs 70-89 (27 IV); Trainer IDs 90-189 (31 IV),Soundproof / Static / Aftermath,255
"Alim, Calliope (Golfer) / Brantley, Camber, Presta, Calder (Firefighter) / Variel, Atalanta (Dancer) / Darrel, Jana (Office Worker) / Dolly, Joaquin (Rising Star) / Donna, Gilroy (Bellhop)",600,Ludicolo,Default,Leftovers,Rain Dance,Leech Seed,Protect,Giga Drain,Bold,170 Defense / 170 Sp. Atk / 170 Sp. Def,0,0,170,0,170,170,31 all,"27,31 all",Swift Swim (1/3) / Rain Dish (1/3) / Own Tempo (1/3),PID-derived species ratio (sex_vector=127),255,NPC + Agency,"71,74,88,89,100,101,144,145,154,156,170,171,180,181",Trainer IDs 70-89 (27 IV); Trainer IDs 90-189 (31 IV),Swift Swim / Rain Dish / Own Tempo,127
"Arnon, Alim, Anisa, Calliope (Golfer) / Kiernan, Gertrude (Pokémon Breeder) / Lea, Sylvia (Ace Trainer) / Zed, Edda (Punk Girl) / Erix, Marianne (Rising Star) / Donna, Gilroy (Bellhop)",601,Shiftry,Default,Heat Rock,Sunny Day,Solar Beam,Dark Pulse,Explosion,Modest,255 Defense / 255 Sp. Atk,0,0,255,0,255,0,31 all,"27,31 all",Chlorophyll (1/3) / Early Bird (1/3) / Pickpocket (1/3),PID-derived species ratio (sex_vector=127),255,NPC + Agency,"70,71,73,74,78,81,108,109,148,149,155,157,170,171",Trainer IDs 70-89 (27 IV); Trainer IDs 90-189 (31 IV),Chlorophyll / Early Bird / Pickpocket,127
"Dara, Rada (Pokémon Breeder) / Zed, Edda (Punk Girl)",602,Exploud,Default,Expert Belt,Earthquake,Brick Break,Ice Fang,Crunch,Adamant,255 Attack / 255 Defense,0,255,255,0,0,0,31 all,"27,31 all",Soundproof (2/3) / Scrappy (1/3),PID-derived species ratio (sex_vector=127),255,NPC + Agency,"79,80,148,149",Trainer IDs 70-89 (27 IV); Trainer IDs 90-189 (31 IV),Soundproof / Soundproof / Scrappy,127
"Arnon, Alim, Anisa, Calliope (Golfer) / Dyson, Chip, Donna, Gilroy (Bellhop)",603,Lopunny,Default,Lopunnite,Sweet Kiss,Fake Out,High Jump Kick,Ice Punch,Jolly,255 Attack / 255 Speed,0,255,0,255,0,0,31 all,"27,31 all",Cute Charm (1/3) / Klutz (1/3) / Limber (1/3),PID-derived species ratio (sex_vector=127),255,NPC + Agency,"70,71,73,74,82,83,170,171",Trainer IDs 70-89 (27 IV); Trainer IDs 90-189 (31 IV),Cute Charm / Klutz / Limber,127
"Dara, Rada (Pokémon Breeder) / Darrel, Jana (Office Worker) / Larry, Tony (Cook)",604,Froslass,Default,Icy Rock,Hail,Blizzard,Ice Shard,Shadow Ball,Timid,255 Speed / 255 Sp. Atk,0,0,0,255,255,0,31 all,"27,31 all",Snow Cloak (2/3) / Cursed Body (1/3),Female-only,255,NPC + Agency,"79,80,144,145,182,183",Trainer IDs 70-89 (27 IV); Trainer IDs 90-189 (31 IV),Snow Cloak / Snow Cloak / Cursed Body,254
"Nedry, Sheridan, Kiernan, Dara, Rada, Gertrude (Pokémon Breeder) / Lea, Sylvia (Ace Trainer) / Darrel, Jana (Office Worker) / Erix, Marianne (Rising Star) / Perri (Pokémon Center Lady) / Sina (Pokémon Trainer)",605,Lilligant,Default,Leftovers,Quiver Dance,Energy Ball,Leech Seed,Protect,Bold,255 HP / 255 Defense,255,0,255,0,0,0,31 all,"27,31 all",Chlorophyll (1/3) / Own Tempo (1/3) / Leaf Guard (1/3),Female-only,255,NPC + Agency,"76,77,78,79,80,81,108,109,144,145,155,157,187,201",Battle Legend/featured IDs 190-205 (31 IV); Trainer IDs 70-89 (27 IV); Trainer IDs 90-189 (31 IV),Chlorophyll / Own Tempo / Leaf Guard,254
"Kiernan, Gertrude (Pokémon Breeder) / Julien, Sly, Larry, Tony (Cook) / Erix, Marianne (Rising Star) / Alice, Chen (Sightseer)",606,Darmanitan,Default,Assault Vest,Psychic,Earthquake,Flare Blitz,Overheat,Sassy,255 Defense / 255 Sp. Def,0,0,255,0,0,255,31 all,"27,31 all",Sheer Force (2/3) / Zen Mode (1/3),PID-derived species ratio (sex_vector=127),255,NPC + Agency,"78,81,85,86,155,157,158,159,182,183",Trainer IDs 70-89 (27 IV); Trainer IDs 90-189 (31 IV),Sheer Force / Sheer Force / Zen Mode,127
"Dara, Rada (Pokémon Breeder) / Darrel, Jana (Office Worker) / Hilario, Thamina (Youth Athlete) / Donna, Gilroy (Bellhop)",607,Ambipom,Default,Life Orb,Fake Out,Double Hit,Payback,Brick Break,Jolly,255 Attack / 255 Speed,0,255,0,255,0,0,31 all,"27,31 all",Technician (1/3) / Pickup (1/3) / Skill Link (1/3),PID-derived species ratio (sex_vector=127),255,NPC + Agency,"79,80,144,145,152,153,170,171",Trainer IDs 70-89 (27 IV); Trainer IDs 90-189 (31 IV),Technician / Pickup / Skill Link,127
"Arnon, Alim (Golfer) / Dara, Rada, Lori, Colby (Pokémon Breeder) / Cal, Tivon, Robyn, Stein, Cadel (Scientist) / Vivek, Stellan (Hiker)",608,Cofagrigus,Default,Maranga Berry,Will-O-Wisp,Shadow Ball,Destiny Bond,Trick Room,Quiet,255 HP / 255 Sp. Atk,255,0,0,0,255,0,31 all,"27,31 all",Mummy (3/3),PID-derived species ratio (sex_vector=127),255,NPC + Agency,"70,71,79,80,93,94,95,110,111,140,141,176,177",Trainer IDs 70-89 (27 IV); Trainer IDs 90-189 (31 IV),Mummy / Mummy / Mummy,127
"Dara, Rada (Pokémon Breeder) / Dan, Omar (Worker)",609,Golurk,Default,Ghostium Z,Dynamic Punch,Shadow Punch,Earthquake,Rock Slide,Adamant,255 HP / 255 Attack,255,255,0,0,0,0,31 all,"27,31 all",Iron Fist (1/3) / Klutz (1/3) / No Guard (1/3),Genderless,255,NPC + Agency,"79,80,164,165",Trainer IDs 70-89 (27 IV); Trainer IDs 90-189 (31 IV),Iron Fist / Klutz / No Guard,255
"Dara, Rada (Pokémon Breeder) / Savir, Harding (Office Worker)",610,Durant,Default,Occa Berry,X-Scissor,Iron Head,Rock Slide,Shadow Claw,Jolly,255 Attack / 255 Speed,0,255,0,255,0,0,31 all,"27,31 all",Swarm (1/3) / Hustle (1/3) / Truant (1/3),PID-derived species ratio (sex_vector=127),255,NPC + Agency,"79,80,142,143",Trainer IDs 70-89 (27 IV); Trainer IDs 90-189 (31 IV),Swarm / Hustle / Truant,127
"Dara, Rada (Pokémon Breeder) / Lou, Benji (Police Officer) / Vivek, Stellan (Hiker) / Sika, Paulo (Janitor) / Dan, Omar (Worker)",611,Golem,Default,Focus Sash,Rock Slide,Earthquake,Explosion,Autotomize,Jolly,255 HP / 255 Attack,255,255,0,0,0,0,31 all,"27,31 all",Rock Head (1/3) / Sturdy (1/3) / Sand Veil (1/3),PID-derived species ratio (sex_vector=127),255,NPC + Agency,"79,80,91,92,140,141,162,163,164,165",Trainer IDs 70-89 (27 IV); Trainer IDs 90-189 (31 IV),Rock Head / Sturdy / Sand Veil,127
"Dara, Rada, Lori, Colby (Pokémon Breeder) / Cal, Tivon, Robyn (Scientist) / Presta, Calder (Firefighter) / Perri (Pokémon Center Lady) / Dexio (Pokémon Trainer)",612,Slowbro,Default,Leftovers,Psychic,Surf,Slack Off,Amnesia,Bold,255 HP / 255 Defense,255,0,255,0,0,0,31 all,"27,31 all",Oblivious (1/3) / Own Tempo (1/3) / Regenerator (1/3),PID-derived species ratio (sex_vector=127),255,NPC + Agency,"79,80,93,94,95,176,177,180,181,187,202",Battle Legend/featured IDs 190-205 (31 IV); Trainer IDs 70-89 (27 IV); Trainer IDs 90-189 (31 IV),Oblivious / Own Tempo / Regenerator,127
"Dara, Rada (Pokémon Breeder) / Zed, Edda (Punk Girl) / Sika, Paulo (Janitor)",613,Weezing,Default,Black Sludge,Sludge Bomb,Thunder,Fire Blast,Shadow Ball,Modest,255 HP / 255 Sp. Atk,255,0,0,0,255,0,31 all,"27,31 all",Levitate (3/3),PID-derived species ratio (sex_vector=127),255,NPC + Agency,"79,80,148,149,162,163",Trainer IDs 70-89 (27 IV); Trainer IDs 90-189 (31 IV),Levitate / Levitate / Levitate,127
"Nedry, Sheridan, Dara, Rada (Pokémon Breeder) / Sam, Dennis (Collector) / Dooley (Veteran) / Kiawe (Captain) / Giovanni (Pokémon Trainer)",614,Kangaskhan,Default,Kangaskhanite,Fake Out,Facade,Rock Slide,Sucker Punch,Jolly,255 Attack / 255 Speed,0,255,0,255,0,0,31 all,"27,31 all",Early Bird (1/3) / Scrappy (1/3) / Inner Focus (1/3),Female-only,255,NPC + Agency,"76,77,79,80,184,185,188,199,208",Battle Agency event IDs 207-208 (31 IV); Battle Legend/featured IDs 190-205 (31 IV); Trainer IDs 70-89 (27 IV); Trainer IDs 90-189 (31 IV),Early Bird / Scrappy / Inner Focus,254
"Nedry, Sheridan, Dara, Rada (Pokémon Breeder) / Zero, Donna, Gilroy (Bellhop) / Noah (Cook) / Etta, Dustin (Punk Guy) / Sam, Dennis (Collector)",615,Tauros,Default,Life Orb,Thrash,Earthquake,Payback,Giga Impact,Jolly,255 Attack / 255 Speed,0,255,0,255,0,0,31 all,"27,31 all",Intimidate (1/3) / Anger Point (1/3) / Sheer Force (1/3),Male-only,255,NPC + Agency,"76,77,79,80,84,87,146,147,170,171,184,185",Trainer IDs 70-89 (27 IV); Trainer IDs 90-189 (31 IV),Intimidate / Anger Point / Sheer Force,0
"Arnon, Alim (Golfer) / Zero (Bellhop) / Noah (Cook) / Zed, Edda (Punk Girl) / Danby, Izel (Pokémon Breeder) / Sam, Dennis (Collector) / Cynthia (Pokémon Trainer)",616,Spiritomb,Default,Leftovers,Will-O-Wisp,Shadow Sneak,Swagger,Psych Up,Careful,255 HP / 255 Sp. Def,255,0,0,0,0,255,31 all,"27,31 all",Pressure (2/3) / Infiltrator (1/3),PID-derived species ratio (sex_vector=127),255,NPC + Agency,"70,71,84,87,148,149,178,179,184,185,196",Battle Legend/featured IDs 190-205 (31 IV); Trainer IDs 70-89 (27 IV); Trainer IDs 90-189 (31 IV),Pressure / Pressure / Infiltrator,127
"Alim, Calliope (Golfer) / Lea, Sylvia (Ace Trainer) / Xenophon, Xio (Veteran) / Darrel, Jana (Office Worker) / Hilario, Thamina (Youth Athlete) / Erix, Marianne (Rising Star) / Dexio (Pokémon Trainer)",617,Whimsicott,Default,Leftovers,Moonblast,Leech Seed,Substitute,Cotton Guard,Bold,255 HP / 255 Defense,255,0,255,0,0,0,31 all,"27,31 all",Prankster (1/3) / Infiltrator (1/3) / Chlorophyll (1/3),PID-derived species ratio (sex_vector=127),255,NPC + Agency,"71,74,108,109,123,127,144,145,152,153,155,157,202",Battle Legend/featured IDs 190-205 (31 IV); Trainer IDs 70-89 (27 IV); Trainer IDs 90-189 (31 IV),Prankster / Infiltrator / Chlorophyll,127
"Dara, Rada (Pokémon Breeder) / Savir, Harding (Office Worker)",618,Druddigon,Default,Quick Claw,Crunch,Dragon Claw,Earthquake,Rock Slide,Adamant,255 HP / 255 Attack,255,255,0,0,0,0,31 all,"27,31 all",Rough Skin (1/3) / Sheer Force (1/3) / Mold Breaker (1/3),PID-derived species ratio (sex_vector=127),255,NPC + Agency,"79,80,142,143",Trainer IDs 70-89 (27 IV); Trainer IDs 90-189 (31 IV),Rough Skin / Sheer Force / Mold Breaker,127
"Dyson, Chip (Bellhop) / Aino (Veteran) / Darrel, Jana (Office Worker) / Lori, Colby (Pokémon Breeder) / Perri (Pokémon Center Lady)",619,Musharna,Default,Scope Lens,Psychic,Shadow Ball,Energy Ball,Yawn,Modest,255 Defense / 255 Sp. Atk,0,0,255,0,255,0,31 all,"27,31 all",Forewarn (1/3) / Synchronize (1/3) / Telepathy (1/3),PID-derived species ratio (sex_vector=127),255,NPC + Agency,"82,83,126,144,145,176,177,187",Trainer IDs 70-89 (27 IV); Trainer IDs 90-189 (31 IV),Forewarn / Synchronize / Telepathy,127
"Dyson, Chip, Zero, Donna, Gilroy (Bellhop) / Noah (Cook) / Etta, Dustin (Punk Guy) / Zed, Edda (Punk Girl) / Grimsley (Pokémon Trainer)",620,Scrafty,Default,Fightinium Z,Substitute,Payback,High Jump Kick,Focus Punch,Adamant,255 HP / 255 Attack,255,255,0,0,0,0,31 all,"27,31 all",Shed Skin (1/3) / Moxie (1/3) / Intimidate (1/3),PID-derived species ratio (sex_vector=127),255,NPC + Agency,"82,83,84,87,146,147,148,149,170,171,192",Battle Legend/featured IDs 190-205 (31 IV); Trainer IDs 70-89 (27 IV); Trainer IDs 90-189 (31 IV),Shed Skin / Moxie / Intimidate,127
"Dyson, Chip (Bellhop) / Savir, Harding (Office Worker) / Dan, Omar (Worker) / Lori, Colby (Pokémon Breeder)",621,Ferrothorn,Default,Custap Berry,Protect,Payback,Explosion,Gyro Ball,Brave,255 HP / 255 Attack,255,255,0,0,0,0,31 all,"27,31 all",Iron Barbs (2/3) / Anticipation (1/3),PID-derived species ratio (sex_vector=127),255,NPC + Agency,"82,83,142,143,164,165,176,177",Trainer IDs 70-89 (27 IV); Trainer IDs 90-189 (31 IV),Iron Barbs / Iron Barbs / Anticipation,127
"Dyson, Chip, Donna, Gilroy (Bellhop) / Granville, Raz (Ace Trainer) / Savir, Harding (Office Worker) / Zed, Edda (Punk Girl) / Hilario, Thamina (Youth Athlete) / Christian, Ezra (Sightseer) / Blue (Battle Legend) / Anabel (Pokémon Trainer)",622,Alakazam,Default,Alakazite,Psychic,Focus Blast,Shadow Ball,Grass Knot,Timid,255 Speed / 255 Sp. Atk,0,0,0,255,255,0,31 all,"27,31 all",Synchronize (1/3) / Inner Focus (1/3) / Magic Guard (1/3),PID-derived species ratio (sex_vector=63),255,NPC + Agency,"82,83,104,105,142,143,148,149,152,153,160,161,170,171,191,193",Battle Legend/featured IDs 190-205 (31 IV); Trainer IDs 70-89 (27 IV); Trainer IDs 90-189 (31 IV),Synchronize / Inner Focus / Magic Guard,63
"Dyson, Chip (Bellhop) / Aino (Veteran) / Lori, Colby (Pokémon Breeder) / Presta, Calder (Firefighter) / Perri (Pokémon Center Lady)",623,Slowking,Default,Choice Specs,Psychic,Shadow Ball,Scald,Focus Blast,Modest,255 Sp. Atk / 255 Sp. Def,0,0,0,0,255,255,31 all,"27,31 all",Oblivious (1/3) / Own Tempo (1/3) / Regenerator (1/3),PID-derived species ratio (sex_vector=127),255,NPC + Agency,"82,83,126,176,177,180,181,187",Trainer IDs 70-89 (27 IV); Trainer IDs 90-189 (31 IV),Oblivious / Own Tempo / Regenerator,127
"Anisa, Calliope (Golfer) / Julien, Sly (Cook) / Cal, Tivon, Robyn, Stein, Cadel (Scientist) / Vivek, Stellan (Hiker) / Presta, Calder (Firefighter)",624,Jellicent,Default,Mental Herb,Water Spout,Recover,Will-O-Wisp,Trick Room,Quiet,255 Defense / 255 Sp. Atk,0,0,255,0,255,0,31 all,"27,31 all",Water Absorb (1/3) / Cursed Body (1/3) / Damp (1/3),PID-derived species ratio (sex_vector=127),255,NPC + Agency,"73,74,85,86,93,94,95,110,111,140,141,180,181",Trainer IDs 70-89 (27 IV); Trainer IDs 90-189 (31 IV),Water Absorb / Cursed Body / Damp,127
"Dyson, Chip (Bellhop) / Darrel, Jana (Office Worker) / Wally (Pokémon Trainer)",625,Altaria,Default,Altarianite,Dragon Dance,Dragon Rush,Giga Impact,Earthquake,Jolly,255 Attack / 255 Speed,0,255,0,255,0,0,31 all,"27,31 all",Natural Cure (2/3) / Cloud Nine (1/3),PID-derived species ratio (sex_vector=127),255,NPC + Agency,"82,83,144,145,194",Battle Legend/featured IDs 190-205 (31 IV); Trainer IDs 70-89 (27 IV); Trainer IDs 90-189 (31 IV),Natural Cure / Natural Cure / Cloud Nine,127
"Dyson, Chip, Donna, Gilroy (Bellhop) / Brantley, Camber (Firefighter) / Zed, Edda (Punk Girl) / Sika, Paulo (Janitor) / Guzma (Pokémon Trainer)",626,Toxicroak,Default,Focus Sash,Sludge Bomb,Focus Blast,Shadow Ball,Dark Pulse,Modest,255 Speed / 255 Sp. Atk,0,0,0,255,255,0,31 all,"27,31 all",Anticipation (1/3) / Dry Skin (1/3) / Poison Touch (1/3),PID-derived species ratio (sex_vector=127),255,NPC + Agency,"82,83,88,89,148,149,162,163,170,171,198",Battle Legend/featured IDs 190-205 (31 IV); Trainer IDs 70-89 (27 IV); Trainer IDs 90-189 (31 IV),Anticipation / Dry Skin / Poison Touch,127
"Dyson, Chip (Bellhop) / Savir, Harding (Office Worker) / Zed, Edda (Punk Girl)",627,Gothitelle,Default,Kee Berry,Charm,Safeguard,Psychic,Charge Beam,Modest,255 HP / 255 Sp. Atk,255,0,0,0,255,0,31 all,"27,31 all",Frisk (1/3) / Competitive (1/3) / Shadow Tag (1/3),PID-derived species ratio (sex_vector=191),255,NPC + Agency,"82,83,142,143,148,149",Trainer IDs 70-89 (27 IV); Trainer IDs 90-189 (31 IV),Frisk / Competitive / Shadow Tag,191
"Nedry, Sheridan, Dara, Rada, Lori, Colby (Pokémon Breeder) / Cal, Tivon, Robyn (Scientist) / Darrel, Jana (Office Worker)",628,Reuniclus,Default,Colbur Berry,Calm Mind,Psychic,Focus Blast,Shadow Ball,Quiet,255 Defense / 255 Sp. Atk,0,0,255,0,255,0,31 all,"27,31 all",Overcoat (1/3) / Magic Guard (1/3) / Regenerator (1/3),PID-derived species ratio (sex_vector=127),255,NPC + Agency,"76,77,79,80,93,94,95,144,145,176,177",Trainer IDs 70-89 (27 IV); Trainer IDs 90-189 (31 IV),Overcoat / Magic Guard / Regenerator,127
"Dyson, Chip, Donna, Gilroy (Bellhop) / Julien, Sly, Larry, Tony (Cook) / Savir, Harding (Office Worker) / Zed, Edda (Punk Girl) / Grimsley, Guzma (Pokémon Trainer)",629,Bisharp,Default,Chople Berry,Iron Head,Night Slash,Low Sweep,Sucker Punch,Jolly,255 Attack / 255 Speed,0,255,0,255,0,0,31 all,"27,31 all",Defiant (1/3) / Inner Focus (1/3) / Pressure (1/3),PID-derived species ratio (sex_vector=127),255,NPC + Agency,"82,83,85,86,142,143,148,149,170,171,182,183,192,198",Battle Legend/featured IDs 190-205 (31 IV); Trainer IDs 70-89 (27 IV); Trainer IDs 90-189 (31 IV),Defiant / Inner Focus / Pressure,127
"Dyson, Chip (Bellhop) / Savir, Harding (Office Worker) / Sina (Pokémon Trainer)",630,Abomasnow,Default,Focus Sash,Blizzard,Sheer Cold,Focus Blast,Ice Shard,Quiet,255 HP / 255 Sp. Atk,255,0,0,0,255,0,31 all,"27,31 all",Snow Warning (2/3) / Soundproof (1/3),PID-derived species ratio (sex_vector=127),255,NPC + Agency,"82,83,142,143,201",Battle Legend/featured IDs 190-205 (31 IV); Trainer IDs 70-89 (27 IV); Trainer IDs 90-189 (31 IV),Snow Warning / Snow Warning / Soundproof,127
"Nedry, Sheridan, Dara, Rada (Pokémon Breeder) / Bette (Ace Trainer) / Zed, Edda (Punk Girl) / Dan, Omar (Worker) / Sam, Dennis (Collector)",631,Nidoqueen,Default,Black Sludge,Sludge Bomb,Earth Power,Flamethrower,Ice Beam,Modest,255 HP / 255 Sp. Atk,255,0,0,0,255,0,31 all,"27,31 all",Poison Point (1/3) / Rivalry (1/3) / Sheer Force (1/3),Female-only,255,NPC + Agency,"76,77,79,80,121,148,149,164,165,184,185",Trainer IDs 70-89 (27 IV); Trainer IDs 90-189 (31 IV),Poison Point / Rivalry / Sheer Force,254
"Nedry, Sheridan, Dara, Rada (Pokémon Breeder) / Bette (Ace Trainer) / Zed, Edda (Punk Girl) / Dan, Omar (Worker) / Sam, Dennis (Collector)",632,Nidoking,Default,Black Sludge,Earth Power,Sludge Bomb,Protect,Fire Blast,Modest,255 Speed / 255 Sp. Atk,0,0,0,255,255,0,31 all,"27,31 all",Poison Point (1/3) / Rivalry (1/3) / Sheer Force (1/3),Male-only,255,NPC + Agency,"76,77,79,80,121,148,149,164,165,184,185",Trainer IDs 70-89 (27 IV); Trainer IDs 90-189 (31 IV),Poison Point / Rivalry / Sheer Force,0
"Arnon, Alim, Anisa, Calliope (Golfer) / Lou, Benji (Police Officer) / Vivek, Stellan (Hiker) / Dan, Omar (Worker) / Sam, Dennis (Collector)",633,Cradily,Default,Leftovers,Sandstorm,Toxic,Protect,Earthquake,Relaxed,255 HP / 255 Defense,255,0,255,0,0,0,31 all,"27,31 all",Suction Cups (2/3) / Storm Drain (1/3),PID-derived species ratio (sex_vector=31),255,NPC + Agency,"70,71,73,74,91,92,140,141,164,165,184,185",Trainer IDs 70-89 (27 IV); Trainer IDs 90-189 (31 IV),Suction Cups / Suction Cups / Storm Drain,31
"Dyson, Chip (Bellhop) / Brantley, Camber (Firefighter) / Variel, Atalanta (Dancer) / Dolly, Joaquin (Rising Star) / Dan, Omar (Worker) / Sam, Dennis (Collector)",634,Armaldo,Default,Life Orb,X-Scissor,Rock Slide,Earthquake,Iron Defense,Adamant,255 HP / 255 Sp. Def,255,0,0,0,0,255,31 all,"27,31 all",Battle Armor (2/3) / Swift Swim (1/3),PID-derived species ratio (sex_vector=31),255,NPC + Agency,"82,83,88,89,100,101,154,156,164,165,184,185",Trainer IDs 70-89 (27 IV); Trainer IDs 90-189 (31 IV),Battle Armor / Battle Armor / Swift Swim,31
"Dyson, Chip (Bellhop) / Alice, Chen (Sightseer) / Dan, Omar (Worker) / Sam, Dennis (Collector)",635,Rampardos,Default,Choice Scarf,Head Smash,Earthquake,Brick Break,Iron Head,Jolly,255 Attack / 255 Speed,0,255,0,255,0,0,31 all,"27,31 all",Mold Breaker (2/3) / Sheer Force (1/3),PID-derived species ratio (sex_vector=31),255,NPC + Agency,"82,83,158,159,164,165,184,185",Trainer IDs 70-89 (27 IV); Trainer IDs 90-189 (31 IV),Mold Breaker / Mold Breaker / Sheer Force,31
"Sheridan, Rada, Lori, Colby (Pokémon Breeder) / Savir, Harding (Office Worker) / Dan, Omar (Worker) / Donna, Gilroy (Bellhop) / Sam, Dennis (Collector)",636,Bastiodon,Default,Leftovers,Stone Edge,Fissure,Double Team,Iron Defense,Careful,255 HP / 255 Sp. Def,255,0,0,0,0,255,31 all,"27,31 all",Sturdy (2/3) / Soundproof (1/3),PID-derived species ratio (sex_vector=31),255,NPC + Agency,"77,80,142,143,164,165,170,171,176,177,184,185",Trainer IDs 70-89 (27 IV); Trainer IDs 90-189 (31 IV),Sturdy / Sturdy / Soundproof,31
"Julien, Sly, Larry, Tony (Cook) / Brantley, Camber (Firefighter) / Stein, Cadel (Scientist) / Xio (Veteran) / Darrel, Jana (Office Worker) / Lori, Colby (Pokémon Breeder)",637,Shiinotic,Default,Leftovers,Moonblast,Giga Drain,Strength Sap,Spore,Relaxed,255 HP / 255 Defense,255,0,255,0,0,0,31 all,"27,31 all",Illuminate (1/3) / Effect Spore (1/3) / Rain Dish (1/3),PID-derived species ratio (sex_vector=127),255,NPC + Agency,"85,86,88,89,110,111,127,144,145,176,177,182,183",Trainer IDs 70-89 (27 IV); Trainer IDs 90-189 (31 IV),Illuminate / Effect Spore / Rain Dish,127
"Julien, Sly (Cook) / Darrel, Jana (Office Worker)",638,Mismagius,Default,Ghostium Z,Dazzling Gleam,Shadow Ball,Thunderbolt,Destiny Bond,Timid,255 Speed / 255 Sp. Atk,0,0,0,255,255,0,31 all,"27,31 all",Levitate (3/3),PID-derived species ratio (sex_vector=127),255,NPC + Agency,"85,86,144,145",Trainer IDs 70-89 (27 IV); Trainer IDs 90-189 (31 IV),Levitate / Levitate / Levitate,127
"Julien, Sly (Cook) / Brantley, Camber, Presta, Calder (Firefighter) / Variel, Atalanta (Dancer) / Dolly, Joaquin (Rising Star) / Dan, Omar (Worker) / Danby, Izel (Pokémon Breeder) / Sam, Dennis (Collector)",639,Carracosta,Default,Damp Rock,Rain Dance,Waterfall,Rock Slide,Earthquake,Adamant,255 Attack / 255 Speed,0,255,0,255,0,0,31 all,"27,31 all",Solid Rock (1/3) / Sturdy (1/3) / Swift Swim (1/3),PID-derived species ratio (sex_vector=31),255,NPC + Agency,"85,86,88,89,100,101,154,156,164,165,178,179,180,181,184,185",Trainer IDs 70-89 (27 IV); Trainer IDs 90-189 (31 IV),Solid Rock / Sturdy / Swift Swim,31
"Julien, Sly (Cook) / Savir, Harding (Office Worker) / Lori, Colby (Pokémon Breeder)",640,Escavalier,Default,Life Orb,Megahorn,Iron Defense,Poison Jab,Iron Head,Brave,255 HP / 255 Attack,255,255,0,0,0,0,31 all,"27,31 all",Swarm (1/3) / Shell Armor (1/3) / Overcoat (1/3),PID-derived species ratio (sex_vector=127),255,NPC + Agency,"85,86,142,143,176,177",Trainer IDs 70-89 (27 IV); Trainer IDs 90-189 (31 IV),Swarm / Shell Armor / Overcoat,127
"Arnon, Alim (Golfer) / Zero (Bellhop) / Noah (Cook) / Granville, Raz (Ace Trainer) / Leena, Buddy (Youth Athlete)",641,Accelgor,Default,Focus Sash,U-turn,Bug Buzz,Focus Blast,Final Gambit,Timid,255 HP / 255 Speed,255,0,0,255,0,0,31 all,"27,31 all",Hydration (1/3) / Sticky Hold (1/3) / Unburden (1/3),PID-derived species ratio (sex_vector=127),255,NPC + Agency,"70,71,84,87,104,105,150,151",Trainer IDs 70-89 (27 IV); Trainer IDs 90-189 (31 IV),Hydration / Sticky Hold / Unburden,127
"Julien, Sly (Cook) / Zed, Edda (Punk Girl) / Hilario, Thamina (Youth Athlete) / Sika, Paulo (Janitor) / Presta, Calder (Firefighter) / Plumeria (Pokémon Trainer) / Kiawe (Captain)",642,Salazzle,Default,Focus Sash,Fire Blast,Sludge Bomb,Nasty Plot,Fake Out,Timid,255 Speed / 255 Sp. Atk,0,0,0,255,255,0,31 all,"27,31 all",Corrosion (2/3) / Oblivious (1/3),Female-only,255,NPC + Agency,"85,86,148,149,152,153,162,163,180,181,197,199",Battle Legend/featured IDs 190-205 (31 IV); Trainer IDs 70-89 (27 IV); Trainer IDs 90-189 (31 IV),Corrosion / Corrosion / Oblivious,254
"Julien, Sly (Cook) / Darrel, Jana (Office Worker)",643,Drifblim,Default,Ghostium Z,Shadow Ball,Thunderbolt,Tailwind,Destiny Bond,Timid,255 Defense / 255 Speed,0,0,255,255,0,0,31 all,"27,31 all",Aftermath (1/3) / Unburden (1/3) / Flare Boost (1/3),PID-derived species ratio (sex_vector=127),255,NPC + Agency,"85,86,144,145",Trainer IDs 70-89 (27 IV); Trainer IDs 90-189 (31 IV),Aftermath / Unburden / Flare Boost,127
"Julien, Sly (Cook) / Darrel, Jana (Office Worker) / Mallow (Captain)",644,Toucannon,Default,Sitrus Berry,Beak Blast,Roost,Rock Blast,Bullet Seed,Impish,255 HP / 255 Defense,255,0,255,0,0,0,31 all,"27,31 all",Keen Eye (1/3) / Skill Link (1/3) / Sheer Force (1/3),PID-derived species ratio (sex_vector=127),255,NPC + Agency,"85,86,144,145,200",Battle Legend/featured IDs 190-205 (31 IV); Trainer IDs 70-89 (27 IV); Trainer IDs 90-189 (31 IV),Keen Eye / Skill Link / Sheer Force,127
"Nedry, Sheridan (Pokémon Breeder) / Cal, Tivon, Robyn, Stein, Cadel (Scientist) / Vivek, Stellan (Hiker) / Sina (Pokémon Trainer)",645,Oranguru,Default,Mental Herb,Psychic,Shadow Ball,Focus Blast,Trick Room,Sassy,255 Sp. Atk / 255 Sp. Def,0,0,0,0,255,255,31 all,"27,31 all",Inner Focus (1/3) / Telepathy (1/3) / Symbiosis (1/3),PID-derived species ratio (sex_vector=127),255,NPC + Agency,"76,77,93,94,95,110,111,140,141,201",Battle Legend/featured IDs 190-205 (31 IV); Trainer IDs 70-89 (27 IV); Trainer IDs 90-189 (31 IV),Inner Focus / Telepathy / Symbiosis,127
"Nedry, Sheridan, Dara, Rada (Pokémon Breeder) / Darrel, Jana (Office Worker)",646,Komala,Default,Focus Sash,Flail,Earthquake,Sucker Punch,Play Rough,Adamant,255 Attack / 255 Sp. Def,0,255,0,0,0,255,31 all,"27,31 all",Comatose (3/3),PID-derived species ratio (sex_vector=127),255,NPC + Agency,"76,77,79,80,144,145",Trainer IDs 70-89 (27 IV); Trainer IDs 90-189 (31 IV),Comatose / Comatose / Comatose,127
"Julien, Sly (Cook) / Bette (Ace Trainer) / Zed, Edda (Punk Girl) / Sika, Paulo (Janitor) / Colress (Pokémon Trainer)",647,Muk,Alolan,Liechi Berry,Crunch,Belch,Shadow Sneak,Stone Edge,Adamant,255 HP / 255 Attack,255,255,0,0,0,0,31 all,"27,31 all",Poison Touch (1/3) / Gluttony (1/3) / Power of Alchemy (1/3),PID-derived species ratio (sex_vector=127),255,NPC + Agency,"85,86,121,148,149,162,163,195",Battle Legend/featured IDs 190-205 (31 IV); Trainer IDs 70-89 (27 IV); Trainer IDs 90-189 (31 IV),Poison Touch / Gluttony / Power of Alchemy,127
"Julien, Sly (Cook) / Bette (Ace Trainer) / Zed, Edda (Punk Girl) / Christian, Ezra (Sightseer) / Sika, Paulo (Janitor) / Plumeria (Pokémon Trainer)",648,Gengar,Default,Payapa Berry,Shadow Ball,Energy Ball,Dazzling Gleam,Round,Timid,255 Speed / 255 Sp. Atk,0,0,0,255,255,0,31 all,"27,31 all",Cursed Body (3/3),PID-derived species ratio (sex_vector=127),255,NPC + Agency,"85,86,121,148,149,160,161,162,163,197",Battle Legend/featured IDs 190-205 (31 IV); Trainer IDs 70-89 (27 IV); Trainer IDs 90-189 (31 IV),Cursed Body / Cursed Body / Cursed Body,127
"Anisa, Calliope (Golfer) / Dyson, Chip (Bellhop) / Munin (Ace Trainer) / Kikujiro (Veteran) / Savir, Harding (Office Worker) / Dan, Omar (Worker)",649,Ampharos,Default,Chesto Berry,Thunder Wave,Charge Beam,Hyper Beam,Rest,Modest,255 HP / 255 Sp. Atk,255,0,0,0,255,0,31 all,"27,31 all",Static (2/3) / Plus (1/3),PID-derived species ratio (sex_vector=127),255,NPC + Agency,"73,74,82,83,118,122,142,143,164,165",Trainer IDs 70-89 (27 IV); Trainer IDs 90-189 (31 IV),Static / Static / Plus,127
"Dyson, Chip (Bellhop) / Brantley, Camber, Presta, Calder (Firefighter) / Variel, Atalanta (Dancer) / Darrel, Jana (Office Worker) / Dolly, Joaquin (Rising Star) / Sika, Paulo (Janitor)",650,Politoed,Default,Chesto Berry,Waterfall,Earthquake,Belly Drum,Rest,Careful,255 Attack / 255 Sp. Def,0,255,0,0,0,255,31 all,"27,31 all",Water Absorb (1/3) / Damp (1/3) / Drizzle (1/3),PID-derived species ratio (sex_vector=127),255,NPC + Agency,"82,83,88,89,100,101,144,145,154,156,162,163,180,181",Trainer IDs 70-89 (27 IV); Trainer IDs 90-189 (31 IV),Water Absorb / Damp / Drizzle,127
"Julien, Sly (Cook) / Hashim (Ace Trainer) / Sam, Dennis (Collector) / Guzma (Pokémon Trainer)",651,Pinsir,Default,Pinsirite,X-Scissor,Superpower,Stone Edge,Thrash,Jolly,255 Attack / 255 Speed,0,255,0,255,0,0,31 all,"27,31 all",Hyper Cutter (1/3) / Mold Breaker (1/3) / Moxie (1/3),PID-derived species ratio (sex_vector=127),255,NPC + Agency,"85,86,117,184,185,198",Battle Legend/featured IDs 190-205 (31 IV); Trainer IDs 70-89 (27 IV); Trainer IDs 90-189 (31 IV),Hyper Cutter / Mold Breaker / Moxie,127
"Zero, Donna, Gilroy (Bellhop) / Julien, Sly, Noah (Cook) / Hashim (Ace Trainer) / Savir, Harding (Office Worker) / Sam, Dennis (Collector)",652,Scizor,Default,Life Orb,Swords Dance,Bullet Punch,Reversal,U-turn,Brave,255 HP / 255 Attack,255,255,0,0,0,0,31 all,"27,31 all",Swarm (1/3) / Technician (1/3) / Light Metal (1/3),PID-derived species ratio (sex_vector=127),255,NPC + Agency,"84,85,86,87,117,142,143,170,171,184,185",Trainer IDs 70-89 (27 IV); Trainer IDs 90-189 (31 IV),Swarm / Technician / Light Metal,127
"Dyson, Chip, Donna, Gilroy (Bellhop) / Hashim (Ace Trainer)",653,Heracross,Default,Coba Berry,Megahorn,Stone Edge,Facade,Shadow Claw,Jolly,255 Attack / 255 Speed,0,255,0,255,0,0,31 all,"27,31 all",Swarm (1/3) / Guts (1/3) / Moxie (1/3),PID-derived species ratio (sex_vector=127),255,NPC + Agency,"82,83,117,170,171",Trainer IDs 70-89 (27 IV); Trainer IDs 90-189 (31 IV),Swarm / Guts / Moxie,127
"Arnon, Alim, Anisa, Calliope (Golfer) / Donna, Gilroy (Bellhop)",654,Ursaring,Default,Toxic Orb,Facade,Close Combat,Crunch,Protect,Adamant,255 HP / 255 Attack,255,255,0,0,0,0,31 all,"27,31 all",Guts (1/3) / Quick Feet (1/3) / Unnerve (1/3),PID-derived species ratio (sex_vector=127),255,NPC + Agency,"70,71,73,74,170,171",Trainer IDs 70-89 (27 IV); Trainer IDs 90-189 (31 IV),Guts / Quick Feet / Unnerve,127
"Julien, Sly, Larry, Tony (Cook) / Zed, Edda (Punk Girl) / Grimsley (Pokémon Trainer)",655,Houndoom,Default,Air Balloon,Flamethrower,Shadow Ball,Sludge Bomb,Will-O-Wisp,Timid,255 Speed / 255 Sp. Atk,0,0,0,255,255,0,31 all,"27,31 all",Early Bird (1/3) / Flash Fire (1/3) / Unnerve (1/3),PID-derived species ratio (sex_vector=127),255,NPC + Agency,"85,86,148,149,182,183,192",Battle Legend/featured IDs 190-205 (31 IV); Trainer IDs 70-89 (27 IV); Trainer IDs 90-189 (31 IV),Early Bird / Flash Fire / Unnerve,127
"Kiernan, Gertrude (Pokémon Breeder) / Xenophon (Veteran) / Darrel, Jana (Office Worker) / Mallow (Captain)",656,Tsareena,Default,Assault Vest,Trop Kick,Payback,High Jump Kick,Play Rough,Adamant,255 Attack / 255 Sp. Def,0,255,0,0,0,255,31 all,"27,31 all",Leaf Guard (1/3) / Queenly Majesty (1/3) / Sweet Veil (1/3),Female-only,255,NPC + Agency,"78,81,123,144,145,200",Battle Legend/featured IDs 190-205 (31 IV); Trainer IDs 70-89 (27 IV); Trainer IDs 90-189 (31 IV),Leaf Guard / Queenly Majesty / Sweet Veil,254
"Nedry, Sheridan, Dara, Rada (Pokémon Breeder) / Presta, Calder (Firefighter)",657,Wailord,Default,Leftovers,Waterfall,Fissure,Aqua Ring,Curse,Careful,255 Defense / 255 Sp. Def,0,0,255,0,0,255,31 all,"27,31 all",Water Veil (1/3) / Oblivious (1/3) / Pressure (1/3),PID-derived species ratio (sex_vector=127),255,NPC + Agency,"76,77,79,80,180,181",Trainer IDs 70-89 (27 IV); Trainer IDs 90-189 (31 IV),Water Veil / Oblivious / Pressure,127
"Dyson, Chip, Donna, Gilroy (Bellhop) / Dexio (Pokémon Trainer)",658,Passimian,Default,Choice Scarf,Close Combat,Earthquake,U-turn,Rock Slide,Adamant,255 Attack / 255 Speed,0,255,0,255,0,0,31 all,"27,31 all",Receiver (2/3) / Defiant (1/3),PID-derived species ratio (sex_vector=127),255,NPC + Agency,"82,83,170,171,202",Battle Legend/featured IDs 190-205 (31 IV); Trainer IDs 70-89 (27 IV); Trainer IDs 90-189 (31 IV),Receiver / Receiver / Defiant,127
"Dyson, Chip (Bellhop) / Stein, Cadel (Scientist) / Savir, Harding (Office Worker) / Danby, Izel (Pokémon Breeder)",659,Bronzong,Default,Quick Claw,Rock Slide,Gyro Ball,Earthquake,Explosion,Adamant,255 HP / 255 Attack,255,255,0,0,0,0,31 all,"27,31 all",Levitate (1/3) / Heatproof (1/3) / Heavy Metal (1/3),Genderless,255,NPC + Agency,"82,83,110,111,142,143,178,179",Trainer IDs 70-89 (27 IV); Trainer IDs 90-189 (31 IV),Levitate / Heatproof / Heavy Metal,255
"Dyson, Chip (Bellhop) / Bette (Ace Trainer) / Zed, Edda (Punk Girl) / Sika, Paulo (Janitor) / Grimsley (Pokémon Trainer)",660,Drapion,Default,Scope Lens,Cross Poison,Night Slash,Fire Fang,Earthquake,Jolly,255 Attack / 255 Speed,0,255,0,255,0,0,31 all,"27,31 all",Battle Armor (1/3) / Sniper (1/3) / Keen Eye (1/3),PID-derived species ratio (sex_vector=127),255,NPC + Agency,"82,83,121,148,149,162,163,192",Battle Legend/featured IDs 190-205 (31 IV); Trainer IDs 70-89 (27 IV); Trainer IDs 90-189 (31 IV),Battle Armor / Sniper / Keen Eye,127
"Dyson, Chip (Bellhop) / Sika, Paulo (Janitor) / Larry, Tony (Cook)",661,Crabominable,Default,Sitrus Berry,Close Combat,Ice Hammer,Stone Edge,Earthquake,Careful,255 HP / 255 Attack,255,255,0,0,0,0,31 all,"27,31 all",Hyper Cutter (1/3) / Iron Fist (1/3) / Anger Point (1/3),PID-derived species ratio (sex_vector=127),255,NPC + Agency,"82,83,162,163,182,183",Trainer IDs 70-89 (27 IV); Trainer IDs 90-189 (31 IV),Hyper Cutter / Iron Fist / Anger Point,127
"Nedry, Sheridan, Kiernan, Dara, Rada, Gertrude (Pokémon Breeder) / Lea, Sylvia (Ace Trainer) / Darrel, Jana (Office Worker) / Erix, Marianne (Rising Star) / Patrick, Susanna (Golfer) / Presta, Calder (Firefighter) / Larry, Tony (Cook)",662,Ninetales,Default,Wide Lens,Fire Blast,Dark Pulse,Hypnosis,Energy Ball,Timid,255 Speed / 255 Sp. Atk,0,0,0,255,255,0,31 all,"27,31 all",Flash Fire (2/3) / Drought (1/3),PID-derived species ratio (sex_vector=191),255,NPC + Agency,"76,77,78,79,80,81,108,109,144,145,155,157,172,175,180,181,182,183",Trainer IDs 70-89 (27 IV); Trainer IDs 90-189 (31 IV),Flash Fire / Flash Fire / Drought,191
"Dyson, Chip, Donna, Gilroy (Bellhop) / Dan, Omar (Worker) / Presta, Calder (Firefighter) / Blue (Battle Legend)",663,Machamp,Default,Choice Scarf,Dynamic Punch,Ice Punch,Rock Slide,Earthquake,Jolly,255 Attack / 255 Speed,0,255,0,255,0,0,31 all,"27,31 all",Guts (1/3) / No Guard (1/3) / Steadfast (1/3),PID-derived species ratio (sex_vector=63),255,NPC + Agency,"82,83,164,165,170,171,180,181,191",Battle Legend/featured IDs 190-205 (31 IV); Trainer IDs 70-89 (27 IV); Trainer IDs 90-189 (31 IV),Guts / No Guard / Steadfast,63
"Dyson, Chip (Bellhop) / Hashim (Ace Trainer) / Vivek, Stellan (Hiker) / Savir, Harding (Office Worker) / Sika, Paulo (Janitor) / Lori, Colby (Pokémon Breeder)",664,Shuckle,Default,Lax Incense,Gyro Ball,Double Team,Substitute,Power Trick,Relaxed,255 HP / 255 Defense,255,0,255,0,0,0,31 all,"27,31 all",Sturdy (1/3) / Gluttony (1/3) / Contrary (1/3),PID-derived species ratio (sex_vector=127),255,NPC + Agency,"82,83,117,140,141,142,143,162,163,176,177",Trainer IDs 70-89 (27 IV); Trainer IDs 90-189 (31 IV),Sturdy / Gluttony / Contrary,127
"Dyson, Chip (Bellhop) / Xio (Veteran) / Darrel, Jana (Office Worker) / Sika, Paulo (Janitor)",665,Mimikyu,Default,Fairium Z,Play Rough,Shadow Claw,Wood Hammer,Swords Dance,Jolly,255 Attack / 255 Speed,0,255,0,255,0,0,31 all,"27,31 all",Disguise (3/3),PID-derived species ratio (sex_vector=127),255,NPC + Agency,"82,83,127,144,145,162,163",Trainer IDs 70-89 (27 IV); Trainer IDs 90-189 (31 IV),Disguise / Disguise / Disguise,127
"Dyson, Chip (Bellhop) / Poppy (Ace Trainer) / Zed, Edda (Punk Girl) / Grimsley, Guzma (Pokémon Trainer)",666,Honchkrow,Default,Darkinium Z,Psychic,Dark Pulse,Swagger,Shadow Ball,Modest,255 HP / 255 Sp. Atk,255,0,0,0,255,0,31 all,"27,31 all",Insomnia (1/3) / Super Luck (1/3) / Moxie (1/3),PID-derived species ratio (sex_vector=127),255,NPC + Agency,"82,83,119,148,149,192,198",Battle Legend/featured IDs 190-205 (31 IV); Trainer IDs 70-89 (27 IV); Trainer IDs 90-189 (31 IV),Insomnia / Super Luck / Moxie,127
"Dyson, Chip (Bellhop) / Lou, Benji (Police Officer) / Hashim (Ace Trainer) / Vivek, Stellan (Hiker) / Sika, Paulo (Janitor) / Lori, Colby (Pokémon Breeder)",667,Gigalith,Default,Custap Berry,Stone Edge,Earthquake,Sandstorm,Explosion,Adamant,255 HP / 255 Attack,255,255,0,0,0,0,31 all,"27,31 all",Sturdy (1/3) / Sand Stream (1/3) / Sand Force (1/3),PID-derived species ratio (sex_vector=127),255,NPC + Agency,"82,83,91,92,117,140,141,162,163,176,177",Trainer IDs 70-89 (27 IV); Trainer IDs 90-189 (31 IV),Sturdy / Sand Stream / Sand Force,127
"Dyson, Chip, Donna, Gilroy (Bellhop) / Cal, Tivon, Robyn (Scientist) / Alice, Chen (Sightseer) / Dan, Omar (Worker) / Presta, Calder (Firefighter)",668,Conkeldurr,Default,Sitrus Berry,Bulk Up,Drain Punch,Payback,Stone Edge,Adamant,255 Attack / 255 Sp. Def,0,255,0,0,0,255,31 all,"27,31 all",Guts (1/3) / Sheer Force (1/3) / Iron Fist (1/3),PID-derived species ratio (sex_vector=63),255,NPC + Agency,"82,83,93,94,95,158,159,164,165,170,171,180,181",Trainer IDs 70-89 (27 IV); Trainer IDs 90-189 (31 IV),Guts / Sheer Force / Iron Fist,63
"Dyson, Chip, Donna, Gilroy (Bellhop) / Lou, Benji (Police Officer) / Vivek, Stellan (Hiker) / Savir, Harding (Office Worker) / Dan, Omar (Worker)",669,Excadrill,Default,Bright Powder,Sandstorm,Earthquake,Rock Slide,Poison Jab,Adamant,170 Attack / 170 Defense / 170 Sp. Def,0,170,170,0,0,170,31 all,"27,31 all",Sand Rush (1/3) / Sand Force (1/3) / Mold Breaker (1/3),PID-derived species ratio (sex_vector=127),255,NPC + Agency,"82,83,91,92,140,141,142,143,164,165,170,171",Trainer IDs 70-89 (27 IV); Trainer IDs 90-189 (31 IV),Sand Rush / Sand Force / Mold Breaker,127
"Dara, Rada, Danby, Izel (Pokémon Breeder) / Cal, Tivon, Robyn (Scientist) / Jo, Tasanee (Dancer) / Hashim (Ace Trainer) / Presta, Calder (Firefighter) / Larry, Tony (Cook)",670,Wishiwashi,School,Wacan Berry,Earthquake,Aqua Tail,Ice Beam,U-turn,Brave,255 HP / 255 Sp. Atk,255,0,0,0,255,0,31 all,"27,31 all",Schooling (3/3),PID-derived species ratio (sex_vector=127),255,NPC + Agency,"79,80,93,94,95,114,115,117,178,179,180,181,182,183",Trainer IDs 70-89 (27 IV); Trainer IDs 90-189 (31 IV),Schooling / Schooling / Schooling,127
"Dara, Rada, Lori, Colby (Pokémon Breeder) / Cal, Tivon, Robyn (Scientist) / Savir, Harding (Office Worker) / Sika, Paulo (Janitor) / Dan, Omar (Worker)",671,Steelix,Default,Quick Claw,Gyro Ball,Earthquake,Rock Slide,Explosion,Brave,255 Attack / 255 Sp. Def,0,255,0,0,0,255,31 all,"27,31 all",Rock Head (1/3) / Sturdy (1/3) / Sheer Force (1/3),PID-derived species ratio (sex_vector=127),255,NPC + Agency,"79,80,93,94,95,142,143,162,163,164,165,176,177",Trainer IDs 70-89 (27 IV); Trainer IDs 90-189 (31 IV),Rock Head / Sturdy / Sheer Force,127
"Arnon, Alim, Anisa, Calliope (Golfer) / Zero (Bellhop) / Noah (Cook) / Granville, Raz, Poppy (Ace Trainer) / Zed, Edda (Punk Girl) / Leena, Buddy (Youth Athlete)",672,Weavile,Default,Focus Sash,Fake Out,Ice Punch,Night Slash,Protect,Jolly,255 Attack / 255 Speed,0,255,0,255,0,0,31 all,"27,31 all",Pressure (2/3) / Pickpocket (1/3),PID-derived species ratio (sex_vector=127),255,NPC + Agency,"70,71,73,74,84,87,104,105,119,148,149,150,151",Trainer IDs 70-89 (27 IV); Trainer IDs 90-189 (31 IV),Pressure / Pressure / Pickpocket,127
"Dara, Rada (Pokémon Breeder) / Lou, Benji (Police Officer) / Dan, Omar (Worker)",673,Gliscor,Default,Expert Belt,Aerial Ace,Earthquake,X-Scissor,Stone Edge,Adamant,255 Attack / 255 Defense,0,255,255,0,0,0,31 all,"27,31 all",Hyper Cutter (1/3) / Sand Veil (1/3) / Poison Heal (1/3),PID-derived species ratio (sex_vector=127),255,NPC + Agency,"79,80,91,92,164,165",Trainer IDs 70-89 (27 IV); Trainer IDs 90-189 (31 IV),Hyper Cutter / Sand Veil / Poison Heal,127
"Dyson, Chip, Donna, Gilroy (Bellhop) / Poppy (Ace Trainer) / Zed, Edda (Punk Girl)",674,Zoroark,Default,Sitrus Berry,Swords Dance,Night Slash,U-turn,Sucker Punch,Jolly,255 Attack / 255 Speed,0,255,0,255,0,0,31 all,"27,31 all",Illusion (3/3),PID-derived species ratio (sex_vector=31),255,NPC + Agency,"82,83,119,148,149,170,171",Trainer IDs 70-89 (27 IV); Trainer IDs 90-189 (31 IV),Illusion / Illusion / Illusion,31
"Nedry, Sheridan, Dara, Rada (Pokémon Breeder) / Poppy (Ace Trainer) / Zed, Edda (Punk Girl) / Sina (Pokémon Trainer)",675,Mandibuzz,Default,Sitrus Berry,Nasty Plot,Dark Pulse,Air Slash,Tailwind,Modest,170 HP / 170 Defense / 170 Sp. Def,170,0,170,0,0,170,31 all,"27,31 all",Big Pecks (1/3) / Overcoat (1/3) / Weak Armor (1/3),Female-only,255,NPC + Agency,"76,77,79,80,119,148,149,201",Battle Legend/featured IDs 190-205 (31 IV); Trainer IDs 70-89 (27 IV); Trainer IDs 90-189 (31 IV),Big Pecks / Overcoat / Weak Armor,254
"Arnon, Alim, Anisa, Calliope (Golfer) / Dexio, Kukui (Pokémon Trainer)",676,Braviary,Default,Choice Scarf,Brave Bird,Return,U-turn,Rock Slide,Adamant,255 Attack / 255 Speed,0,255,0,255,0,0,31 all,"27,31 all",Keen Eye (1/3) / Sheer Force (1/3) / Defiant (1/3),Male-only,255,NPC + Agency,"70,71,73,74,202,205",Battle Legend/featured IDs 190-205 (31 IV); Trainer IDs 70-89 (27 IV),Keen Eye / Sheer Force / Defiant,0
"Dara, Rada (Pokémon Breeder) / Brantley, Camber, Presta, Calder (Firefighter) / Bette (Ace Trainer) / Zed, Edda (Punk Girl) / Sika, Paulo (Janitor) / Patrick, Susanna (Golfer)",677,Tentacruel,Default,Focus Sash,Hydro Pump,Sludge Bomb,Blizzard,Mirror Coat,Modest,255 HP / 255 Sp. Atk,255,0,0,0,255,0,31 all,"27,31 all",Clear Body (1/3) / Liquid Ooze (1/3) / Rain Dish (1/3),PID-derived species ratio (sex_vector=127),255,NPC + Agency,"79,80,88,89,121,148,149,162,163,172,175,180,181",Trainer IDs 70-89 (27 IV); Trainer IDs 90-189 (31 IV),Clear Body / Liquid Ooze / Rain Dish,127
"Dara, Rada (Pokémon Breeder) / Granville, Raz, Hashim (Ace Trainer) / Leena, Buddy (Youth Athlete) / Presta, Calder (Firefighter) / Sam, Dennis (Collector) / Blue (Battle Legend)",678,Aerodactyl,Default,Aerodactylite,Sky Drop,Iron Head,Fire Fang,Thunder Fang,Adamant,255 HP / 255 Attack,255,255,0,0,0,0,31 all,"27,31 all",Rock Head (1/3) / Pressure (1/3) / Unnerve (1/3),PID-derived species ratio (sex_vector=31),255,NPC + Agency,"79,80,104,105,117,150,151,180,181,184,185,191",Battle Legend/featured IDs 190-205 (31 IV); Trainer IDs 70-89 (27 IV); Trainer IDs 90-189 (31 IV),Rock Head / Pressure / Unnerve,31
"Dara, Rada (Pokémon Breeder) / Tamah (Ace Trainer) / Savir, Harding (Office Worker) / Sam, Dennis (Collector) / Colress (Pokémon Trainer)",679,Porygon2,Default,Eviolite,Tri Attack,Thunderbolt,Psychic,Ice Beam,Modest,255 HP / 255 Sp. Atk,255,0,0,0,255,0,31 all,"27,31 all",Trace (1/3) / Download (1/3) / Analytic (1/3),Genderless,255,NPC + Agency,"79,80,120,142,143,184,185,195",Battle Legend/featured IDs 190-205 (31 IV); Trainer IDs 70-89 (27 IV); Trainer IDs 90-189 (31 IV),Trace / Download / Analytic,255
"Dara, Rada, Danby, Izel (Pokémon Breeder) / Lou, Benji (Police Officer) / Sika, Paulo (Janitor) / Dan, Omar (Worker) / Presta, Calder (Firefighter)",680,Palossand,Default,Sitrus Berry,Earth Power,Shadow Ball,Ancient Power,Sludge Bomb,Modest,255 HP / 255 Sp. Atk,255,0,0,0,255,0,31 all,"27,31 all",Water Compaction (2/3) / Sand Veil (1/3),PID-derived species ratio (sex_vector=127),255,NPC + Agency,"79,80,91,92,162,163,164,165,178,179,180,181",Trainer IDs 70-89 (27 IV); Trainer IDs 90-189 (31 IV),Water Compaction / Water Compaction / Sand Veil,127
"Arnon, Alim (Golfer) / Hashim (Ace Trainer)",681,Yanmega,Default,Buginium Z,Silver Wind,Air Slash,Detect,Shadow Ball,Modest,255 Speed / 255 Sp. Atk,0,0,0,255,255,0,31 all,"27,31 all",Speed Boost (1/3) / Tinted Lens (1/3) / Frisk (1/3),PID-derived species ratio (sex_vector=127),255,NPC + Agency,"70,71,117",Trainer IDs 70-89 (27 IV); Trainer IDs 90-189 (31 IV),Speed Boost / Tinted Lens / Frisk,127
"Dyson, Chip, Donna, Gilroy (Bellhop) / Tamah (Ace Trainer) / Aino, Xio (Veteran) / Savir, Harding, Darrel, Jana (Office Worker) / Perri (Pokémon Center Lady)",682,Gardevoir,Default,Lum Berry,Psychic,Shadow Ball,Energy Ball,Dazzling Gleam,Timid,255 Speed / 255 Sp. Atk,0,0,0,255,255,0,31 all,"27,31 all",Synchronize (1/3) / Trace (1/3) / Telepathy (1/3),PID-derived species ratio (sex_vector=127),255,NPC + Agency,"82,83,120,126,127,142,143,144,145,170,171,187",Trainer IDs 70-89 (27 IV); Trainer IDs 90-189 (31 IV),Synchronize / Trace / Telepathy,127
"Dyson, Chip, Donna, Gilroy (Bellhop) / Bette (Ace Trainer) / Aino (Veteran) / Savir, Harding (Office Worker) / Wally (Pokémon Trainer)",683,Gallade,Default,Scope Lens,Psycho Cut,Stone Edge,Shadow Sneak,X-Scissor,Adamant,255 Attack / 255 Speed,0,255,0,255,0,0,31 all,"27,31 all",Steadfast (2/3) / Justified (1/3),Male-only,255,NPC + Agency,"82,83,121,126,142,143,170,171,194",Battle Legend/featured IDs 190-205 (31 IV); Trainer IDs 70-89 (27 IV); Trainer IDs 90-189 (31 IV),Steadfast / Steadfast / Justified,0
"Nedry, Sheridan, Kiernan, Dara, Rada, Gertrude (Pokémon Breeder) / Julien, Sly, Larry, Tony (Cook) / Lea, Sylvia, Levi, Munin (Ace Trainer) / Jo, Tasanee (Dancer) / Xenophon (Veteran) / Erix, Marianne (Rising Star) / Blue (Battle Legend) / Giovanni (Pokémon Trainer)",684,Exeggutor,Default,Grassium Z,Leaf Storm,Psychic,Sludge Bomb,Grassy Terrain,Modest,255 HP / 255 Sp. Atk,255,0,0,0,255,0,31 all,"27,31 all",Chlorophyll (2/3) / Harvest (1/3),PID-derived species ratio (sex_vector=127),255,NPC + Agency,"76,77,78,79,80,81,85,86,108,109,114,115,116,118,123,155,157,182,183,191,208",Battle Agency event IDs 207-208 (31 IV); Battle Legend/featured IDs 190-205 (31 IV); Trainer IDs 70-89 (27 IV); Trainer IDs 90-189 (31 IV),Chlorophyll / Chlorophyll / Harvest,127
"Dara, Rada (Pokémon Breeder) / Levi (Ace Trainer) / Hilario, Thamina (Youth Athlete) / Sika, Paulo (Janitor) / Presta, Calder (Firefighter)",685,Starmie,Default,Focus Sash,Surf,Psychic,Power Gem,Dazzling Gleam,Timid,255 Speed / 255 Sp. Atk,0,0,0,255,255,0,31 all,"27,31 all",Illuminate (1/3) / Natural Cure (1/3) / Analytic (1/3),Genderless,255,NPC + Agency,"79,80,116,152,153,162,163,180,181",Trainer IDs 70-89 (27 IV); Trainer IDs 90-189 (31 IV),Illuminate / Natural Cure / Analytic,255
"Julien, Sly, Larry, Tony (Cook) / Munin, Tamah (Ace Trainer) / Dan, Omar (Worker) / Patrick, Susanna (Golfer)",686,Flygon,Default,White Herb,Draco Meteor,Earth Power,Flamethrower,U-turn,Timid,255 Speed / 255 Sp. Atk,0,0,0,255,255,0,31 all,"27,31 all",Levitate (3/3),PID-derived species ratio (sex_vector=127),255,NPC + Agency,"85,86,118,120,164,165,172,175,182,183",Trainer IDs 70-89 (27 IV); Trainer IDs 90-189 (31 IV),Levitate / Levitate / Levitate,127
"Dara, Rada (Pokémon Breeder) / Poppy (Ace Trainer) / Savir, Harding (Office Worker) / Dan, Omar (Worker) / Colress (Pokémon Trainer)",687,Klinklang,Default,Steelium Z,Shift Gear,Gear Grind,Volt Switch,Giga Impact,Adamant,255 Attack / 255 Speed,0,255,0,255,0,0,31 all,"27,31 all",Plus (1/3) / Minus (1/3) / Clear Body (1/3),Genderless,255,NPC + Agency,"79,80,119,142,143,164,165,195",Battle Legend/featured IDs 190-205 (31 IV); Trainer IDs 70-89 (27 IV); Trainer IDs 90-189 (31 IV),Plus / Minus / Clear Body,255
"Nedry, Sheridan (Pokémon Breeder) / Lea, Sylvia, Bette (Ace Trainer) / Christian, Ezra (Sightseer) / Larry, Tony (Cook)",688,Chandelure,Default,White Herb,Overheat,Shadow Ball,Protect,Will-O-Wisp,Modest,255 HP / 255 Sp. Atk,255,0,0,0,255,0,31 all,"27,31 all",Flash Fire (1/3) / Flame Body (1/3) / Infiltrator (1/3),PID-derived species ratio (sex_vector=127),255,NPC + Agency,"76,77,108,109,121,160,161,182,183",Trainer IDs 70-89 (27 IV); Trainer IDs 90-189 (31 IV),Flash Fire / Flame Body / Infiltrator,127
"Zeno, Christina, Moe, Bruce (Golfer) / Nedry, Sheridan, Dara, Rada (Pokémon Breeder) / Sika, Paulo (Janitor) / Presta, Calder (Firefighter)",689,Vaporeon,Default,Leftovers,Muddy Water,Blizzard,Aqua Ring,Yawn,Modest,255 HP / 255 Sp. Atk,255,0,0,0,255,0,31 all,"27,31 all",Water Absorb (2/3) / Hydration (1/3),PID-derived species ratio (sex_vector=31),255,NPC + Agency,"72,75,76,77,79,80,162,163,173,174,180,181",Trainer IDs 70-89 (27 IV); Trainer IDs 90-189 (31 IV),Water Absorb / Water Absorb / Hydration,31
"Zeno, Christina, Moe, Bruce (Golfer) / Nedry, Sheridan, Dara, Rada (Pokémon Breeder) / Brantley, Camber (Firefighter) / Variel, Atalanta (Dancer) / Granville, Raz, Munin (Ace Trainer) / Kikujiro (Veteran) / Leena, Buddy (Youth Athlete) / Dolly, Joaquin (Rising Star) / Dan, Omar (Worker)",690,Jolteon,Default,King's Rock,Thunder,Shadow Ball,Rain Dance,Yawn,Timid,255 Speed / 255 Sp. Atk,0,0,0,255,255,0,31 all,"27,31 all",Volt Absorb (2/3) / Quick Feet (1/3),PID-derived species ratio (sex_vector=31),255,NPC + Agency,"72,75,76,77,79,80,88,89,100,101,104,105,118,122,150,151,154,156,164,165,173,174",Trainer IDs 70-89 (27 IV); Trainer IDs 90-189 (31 IV),Volt Absorb / Volt Absorb / Quick Feet,31
"Zeno, Christina, Moe, Bruce (Golfer) / Julien, Sly, Larry, Tony (Cook) / Presta, Calder (Firefighter)",691,Flareon,Default,Firium Z,Flare Blitz,Return,Will-O-Wisp,Overheat,Brave,255 HP / 255 Attack,255,255,0,0,0,0,31 all,"27,31 all",Flash Fire (2/3) / Guts (1/3),PID-derived species ratio (sex_vector=31),255,NPC + Agency,"72,75,85,86,173,174,180,181,182,183",Trainer IDs 70-89 (27 IV); Trainer IDs 90-189 (31 IV),Flash Fire / Flash Fire / Guts,31
"Zeno, Christina, Moe, Bruce (Golfer) / Nedry, Sheridan, Dara, Rada (Pokémon Breeder) / Levi (Ace Trainer) / Christian, Ezra (Sightseer) / Dexio (Pokémon Trainer)",692,Espeon,Default,Lum Berry,Psychic,Shadow Ball,Hyper Beam,Grass Knot,Modest,255 Speed / 255 Sp. Atk,0,0,0,255,255,0,31 all,"27,31 all",Synchronize (2/3) / Magic Bounce (1/3),PID-derived species ratio (sex_vector=31),255,NPC + Agency,"72,75,76,77,79,80,116,160,161,173,174,202",Battle Legend/featured IDs 190-205 (31 IV); Trainer IDs 70-89 (27 IV); Trainer IDs 90-189 (31 IV),Synchronize / Synchronize / Magic Bounce,31
"Arnon, Alim, Zeno, Anisa, Calliope, Christina, Moe, Bruce (Golfer) / Poppy (Ace Trainer) / Zed, Edda (Punk Girl)",693,Umbreon,Default,Sitrus Berry,Feint Attack,Swagger,Psych Up,Screech,Impish,255 HP / 255 Defense,255,0,255,0,0,0,31 all,"27,31 all",Synchronize (2/3) / Inner Focus (1/3),PID-derived species ratio (sex_vector=31),255,NPC + Agency,"70,71,72,73,74,75,119,148,149,173,174",Trainer IDs 70-89 (27 IV); Trainer IDs 90-189 (31 IV),Synchronize / Synchronize / Inner Focus,31
"Zeno, Christina, Moe, Bruce (Golfer) / Nedry, Sheridan, Kiernan, Dara, Rada, Gertrude (Pokémon Breeder) / Lea, Sylvia, Munin (Ace Trainer) / Erix, Marianne (Rising Star)",694,Leafeon,Default,Heat Rock,Sunny Day,Leaf Blade,X-Scissor,Synthesis,Adamant,255 Attack / 255 Defense,0,255,255,0,0,0,31 all,"27,31 all",Leaf Guard (2/3) / Chlorophyll (1/3),PID-derived species ratio (sex_vector=31),255,NPC + Agency,"72,75,76,77,78,79,80,81,108,109,118,155,157,173,174",Trainer IDs 70-89 (27 IV); Trainer IDs 90-189 (31 IV),Leaf Guard / Leaf Guard / Chlorophyll,31
"Zeno, Christina, Moe, Bruce (Golfer) / Julien, Sly, Larry, Tony (Cook) / Christian, Ezra (Sightseer) / Sina (Pokémon Trainer)",695,Glaceon,Default,Focus Sash,Hail,Blizzard,Mirror Coat,Hyper Beam,Modest,255 Defense / 255 Sp. Atk,0,0,255,0,255,0,31 all,"27,31 all",Snow Cloak (2/3) / Ice Body (1/3),PID-derived species ratio (sex_vector=31),255,NPC + Agency,"72,75,85,86,160,161,173,174,182,183,201",Battle Legend/featured IDs 190-205 (31 IV); Trainer IDs 70-89 (27 IV); Trainer IDs 90-189 (31 IV),Snow Cloak / Snow Cloak / Ice Body,31
"Nedry, Sheridan (Pokémon Breeder) / Poppy, Bette (Ace Trainer) / Savir, Harding (Office Worker) / Donna, Gilroy (Bellhop) / Anabel, Cynthia (Pokémon Trainer)",696,Lucario,Default,Lucarionite,Close Combat,Rock Slide,Blaze Kick,Bullet Punch,Jolly,255 Attack / 255 Speed,0,255,0,255,0,0,31 all,"27,31 all",Steadfast (1/3) / Inner Focus (1/3) / Justified (1/3),PID-derived species ratio (sex_vector=31),255,NPC + Agency,"76,77,119,121,142,143,170,171,193,196",Battle Legend/featured IDs 190-205 (31 IV); Trainer IDs 70-89 (27 IV); Trainer IDs 90-189 (31 IV),Steadfast / Inner Focus / Justified,31
"Nedry, Sheridan (Pokémon Breeder) / Lou, Benji (Police Officer) / Tamah (Ace Trainer) / Vivek, Stellan (Hiker) / Sika, Paulo (Janitor) / Dan, Omar (Worker) / Presta, Calder (Firefighter)",697,Hippowdon,Default,Sitrus Berry,Earthquake,Crunch,Slack Off,Yawn,Adamant,255 Attack / 255 Sp. Def,0,255,0,0,0,255,31 all,"27,31 all",Sand Stream (2/3) / Sand Force (1/3),PID-derived species ratio (sex_vector=127),255,NPC + Agency,"76,77,91,92,120,140,141,162,163,164,165,180,181",Trainer IDs 70-89 (27 IV); Trainer IDs 90-189 (31 IV),Sand Stream / Sand Stream / Sand Force,127
"Arnon, Alim, Anisa, Calliope (Golfer) / Zed, Edda (Punk Girl) / Grimsley, Guzma (Pokémon Trainer)",698,Liepard,Default,Red Card,Foul Play,Sucker Punch,Sand Attack,Thunder Wave,Bold,255 HP / 255 Defense,255,0,255,0,0,0,31 all,"27,31 all",Limber (1/3) / Unburden (1/3) / Prankster (1/3),PID-derived species ratio (sex_vector=127),255,NPC + Agency,"70,71,73,74,148,149,192,198",Battle Legend/featured IDs 190-205 (31 IV); Trainer IDs 70-89 (27 IV); Trainer IDs 90-189 (31 IV),Limber / Unburden / Prankster,127
"Arnon, Alim (Golfer) / Zero, Donna, Gilroy (Bellhop) / Noah (Cook) / Bette (Ace Trainer)",699,Dusknoir,Default,Leftovers,Toxic,Will-O-Wisp,Protect,Double Team,Sassy,255 HP / 255 Sp. Def,255,0,0,0,0,255,31 all,"27,31 all",Pressure (2/3) / Frisk (1/3),PID-derived species ratio (sex_vector=127),255,NPC + Agency,"70,71,84,87,121,170,171",Trainer IDs 70-89 (27 IV); Trainer IDs 90-189 (31 IV),Pressure / Pressure / Frisk,127
"Nedry, Dara (Pokémon Breeder) / Darrel, Jana (Office Worker) / Dan, Omar (Worker)",700,Mienshao,Default,Focus Sash,Low Kick,Fake Out,High Jump Kick,U-turn,Jolly,255 Attack / 255 Speed,0,255,0,255,0,0,31 all,"27,31 all",Inner Focus (1/3) / Regenerator (1/3) / Reckless (1/3),PID-derived species ratio (sex_vector=127),255,NPC + Agency,"76,79,144,145,164,165",Trainer IDs 70-89 (27 IV); Trainer IDs 90-189 (31 IV),Inner Focus / Regenerator / Reckless,127
"Nedry, Sheridan, Dara, Rada (Pokémon Breeder) / Brantley, Camber (Firefighter) / Variel, Atalanta (Dancer) / Dolly, Joaquin (Rising Star) / Donna, Gilroy (Bellhop)",701,Beartic,Default,Sitrus Berry,Swords Dance,Avalanche,Rock Slide,Brick Break,Adamant,255 Attack / 255 Defense,0,255,255,0,0,0,31 all,"27,31 all",Snow Cloak (1/3) / Slush Rush (1/3) / Swift Swim (1/3),PID-derived species ratio (sex_vector=127),255,NPC + Agency,"76,77,79,80,88,89,100,101,154,156,170,171",Trainer IDs 70-89 (27 IV); Trainer IDs 90-189 (31 IV),Snow Cloak / Slush Rush / Swift Swim,127
"Arnon, Alim, Anisa, Calliope (Golfer) / Donna, Gilroy (Bellhop)",702,Bouffalant,Default,Sitrus Berry,Swords Dance,Earthquake,Head Charge,Payback,Adamant,255 HP / 255 Attack,255,255,0,0,0,0,31 all,"27,31 all",Reckless (1/3) / Sap Sipper (1/3) / Soundproof (1/3),PID-derived species ratio (sex_vector=127),255,NPC + Agency,"70,71,73,74,170,171",Trainer IDs 70-89 (27 IV); Trainer IDs 90-189 (31 IV),Reckless / Sap Sipper / Soundproof,127
"Nedry, Sheridan (Pokémon Breeder) / Cal, Tivon, Robyn (Scientist) / Boris, Bryson (Black Belt) / Hashim, Poppy (Ace Trainer) / Vivek, Stellan (Hiker) / Savir, Harding (Office Worker) / Sika, Paulo (Janitor) / Dan, Omar (Worker)",703,Aggron,Default,Aggronite,Heavy Slam,Dragon Rush,Thunder Wave,Stone Edge,Adamant,255 HP / 255 Attack,255,255,0,0,0,0,31 all,"27,31 all",Sturdy (1/3) / Rock Head (1/3) / Heavy Metal (1/3),PID-derived species ratio (sex_vector=127),255,NPC + Agency,"76,77,93,94,95,112,113,117,119,140,141,142,143,162,163,164,165",Trainer IDs 70-89 (27 IV); Trainer IDs 90-189 (31 IV),Sturdy / Rock Head / Heavy Metal,127
"Arnon, Alim (Golfer) / Julien, Sly (Cook) / Boris, Bryson (Black Belt) / Levi, Hashim (Ace Trainer) / Presta, Calder (Firefighter)",704,Walrein,Default,Leftovers,Surf,Blizzard,Hail,Signal Beam,Modest,255 HP / 255 Sp. Atk,255,0,0,0,255,0,31 all,"27,31 all",Thick Fat (1/3) / Ice Body (1/3) / Oblivious (1/3),PID-derived species ratio (sex_vector=127),255,NPC + Agency,"70,71,85,86,112,113,116,117,180,181",Trainer IDs 70-89 (27 IV); Trainer IDs 90-189 (31 IV),Thick Fat / Ice Body / Oblivious,127
"Dyson, Chip, Donna, Gilroy (Bellhop) / Boris, Bryson (Black Belt) / Levi, Tamah (Ace Trainer) / Dan, Omar (Worker)",705,Mamoswine,Default,Lax Incense,Hail,Earthquake,Avalanche,Fissure,Adamant,255 HP / 255 Attack,255,255,0,0,0,0,31 all,"27,31 all",Oblivious (1/3) / Snow Cloak (1/3) / Thick Fat (1/3),PID-derived species ratio (sex_vector=127),255,NPC + Agency,"82,83,112,113,116,120,164,165,170,171",Trainer IDs 70-89 (27 IV); Trainer IDs 90-189 (31 IV),Oblivious / Snow Cloak / Thick Fat,127
"Dyson, Chip, Donna, Gilroy (Bellhop) / Jo, Tasanee (Dancer) / Hashim (Ace Trainer) / Darrel, Jana (Office Worker) / Presta, Calder (Firefighter) / Red (Battle Legend)",706,Lapras,Default,Bright Powder,Surf,Ice Beam,Thunderbolt,Psychic,Modest,255 HP / 255 Sp. Atk,255,0,0,0,255,0,31 all,"27,31 all",Water Absorb (1/3) / Shell Armor (1/3) / Hydration (1/3),PID-derived species ratio (sex_vector=127),255,NPC + Agency,"82,83,114,115,117,144,145,170,171,180,181,190",Battle Legend/featured IDs 190-205 (31 IV); Trainer IDs 70-89 (27 IV); Trainer IDs 90-189 (31 IV),Water Absorb / Shell Armor / Hydration,127
"Nedry, Sheridan, Dara, Rada (Pokémon Breeder) / Granville, Raz, Poppy, Bette (Ace Trainer) / Jo, Tasanee (Dancer) / Zed, Edda (Punk Girl) / Leena, Buddy (Youth Athlete) / Sika, Paulo (Janitor) / Plumeria (Pokémon Trainer)",707,Crobat,Default,Razor Claw,Cross Poison,Brave Bird,Zen Headbutt,X-Scissor,Jolly,255 Attack / 255 Speed,0,255,0,255,0,0,31 all,"27,31 all",Inner Focus (2/3) / Infiltrator (1/3),PID-derived species ratio (sex_vector=127),255,NPC + Agency,"76,77,79,80,104,105,114,115,119,121,148,149,150,151,162,163,197",Battle Legend/featured IDs 190-205 (31 IV); Trainer IDs 70-89 (27 IV); Trainer IDs 90-189 (31 IV),Inner Focus / Inner Focus / Infiltrator,127
"Nedry, Sheridan (Pokémon Breeder) / Jo, Tasanee (Dancer) / Munin, Poppy (Ace Trainer) / Savir, Harding (Office Worker) / Christian, Ezra (Sightseer) / Dan, Omar (Worker) / Wally, Colress, Kukui, Sophocles (Pokémon Trainer)",708,Magnezone,Default,Bright Powder,Thunder,Flash Cannon,Magnet Rise,Thunder Wave,Timid,255 Speed / 255 Sp. Atk,0,0,0,255,255,0,31 all,"27,31 all",Magnet Pull (1/3) / Sturdy (1/3) / Analytic (1/3),Genderless,255,NPC + Agency,"76,77,114,115,118,119,142,143,160,161,164,165,194,195,205,207",Battle Agency event IDs 207-208 (31 IV); Battle Legend/featured IDs 190-205 (31 IV); Trainer IDs 70-89 (27 IV); Trainer IDs 90-189 (31 IV),Magnet Pull / Sturdy / Analytic,255
"Dara, Rada, Danby, Izel (Pokémon Breeder) / Julien, Sly (Cook) / Stein, Cadel (Scientist) / Boris, Bryson (Black Belt) / Tamah (Ace Trainer) / Vivek, Stellan (Hiker) / Alice, Chen (Sightseer) / Dan, Omar (Worker) / Blue (Battle Legend)",709,Rhyperior,Default,Focus Sash,Horn Drill,Reversal,Payback,Metal Burst,Impish,255 HP / 255 Defense,255,0,255,0,0,0,31 all,"27,31 all",Lightning Rod (1/3) / Solid Rock (1/3) / Reckless (1/3),PID-derived species ratio (sex_vector=127),255,NPC + Agency,"79,80,85,86,110,111,112,113,120,140,141,158,159,164,165,178,179,191",Battle Legend/featured IDs 190-205 (31 IV); Trainer IDs 70-89 (27 IV); Trainer IDs 90-189 (31 IV),Lightning Rod / Solid Rock / Reckless,127
"Kiernan, Gertrude (Pokémon Breeder) / Julien, Sly, Larry, Tony (Cook) / Lea, Sylvia, Munin (Ace Trainer) / Boris, Bryson (Black Belt) / Erix, Marianne (Rising Star)",710,Tangrowth,Default,Heat Rock,Sunny Day,Solar Beam,Sludge Bomb,Wring Out,Modest,255 Defense / 255 Sp. Atk,0,0,255,0,255,0,31 all,"27,31 all",Chlorophyll (1/3) / Leaf Guard (1/3) / Regenerator (1/3),PID-derived species ratio (sex_vector=127),255,NPC + Agency,"78,81,85,86,108,109,112,113,118,155,157,182,183",Trainer IDs 70-89 (27 IV); Trainer IDs 90-189 (31 IV),Chlorophyll / Leaf Guard / Regenerator,127
"Nedry, Sheridan (Pokémon Breeder) / Jo, Tasanee (Dancer) / Tamah (Ace Trainer) / Savir, Harding (Office Worker) / Christian, Ezra (Sightseer) / Sam, Dennis (Collector) / Colress (Pokémon Trainer)",711,Porygon-Z,Default,Expert Belt,Psychic,Ice Beam,Signal Beam,Charge Beam,Modest,255 HP / 255 Sp. Atk,255,0,0,0,255,0,31 all,"27,31 all",Adaptability (1/3) / Download (1/3) / Analytic (1/3),Genderless,255,NPC + Agency,"76,77,114,115,120,142,143,160,161,184,185,195",Battle Legend/featured IDs 190-205 (31 IV); Trainer IDs 70-89 (27 IV); Trainer IDs 90-189 (31 IV),Adaptability / Download / Analytic,255
"Nedry, Sheridan (Pokémon Breeder) / Jo, Tasanee (Dancer) / Darrel, Jana (Office Worker) / Sika, Paulo (Janitor) / Larry, Tony (Cook)",712,Vanilluxe,Default,Leftovers,Hail,Blizzard,Flash Cannon,Sheer Cold,Modest,255 HP / 255 Sp. Atk,255,0,0,0,255,0,31 all,"27,31 all",Ice Body (1/3) / Snow Warning (1/3) / Weak Armor (1/3),PID-derived species ratio (sex_vector=127),255,NPC + Agency,"76,77,114,115,144,145,162,163,182,183",Trainer IDs 70-89 (27 IV); Trainer IDs 90-189 (31 IV),Ice Body / Snow Warning / Weak Armor,127
"Julien, Sly, Larry, Tony (Cook) / Munin (Ace Trainer) / Savir, Harding (Office Worker) / Sika, Paulo (Janitor) / Dan, Omar (Worker) / Sam, Dennis (Collector)",713,Eelektross,Default,Assault Vest,Brick Break,U-turn,Grass Knot,Wild Charge,Brave,255 HP / 255 Attack,255,255,0,0,0,0,31 all,"27,31 all",Levitate (3/3),PID-derived species ratio (sex_vector=127),255,NPC + Agency,"85,86,118,142,143,162,163,164,165,182,183,184,185",Trainer IDs 70-89 (27 IV); Trainer IDs 90-189 (31 IV),Levitate / Levitate / Levitate,127
"Zero (Bellhop) / Julien, Sly, Noah, Larry, Tony (Cook) / Jo, Tasanee (Dancer) / Hashim, Poppy (Ace Trainer) / Etta, Dustin (Punk Guy) / Zed, Edda (Punk Girl) / Presta, Calder (Firefighter) / Blue (Battle Legend) / Giovanni (Pokémon Trainer)",714,Gyarados,Default,Wacan Berry,Dragon Dance,Waterfall,Ice Fang,Earthquake,Jolly,255 Attack / 255 Speed,0,255,0,255,0,0,31 all,"27,31 all",Intimidate (2/3) / Moxie (1/3),PID-derived species ratio (sex_vector=127),255,NPC + Agency,"84,85,86,87,114,115,117,119,146,147,148,149,180,181,182,183,191,208",Battle Agency event IDs 207-208 (31 IV); Battle Legend/featured IDs 190-205 (31 IV); Trainer IDs 70-89 (27 IV); Trainer IDs 90-189 (31 IV),Intimidate / Intimidate / Moxie,127
"Nedry, Sheridan, Dara, Rada, Lori, Colby (Pokémon Breeder) / Jo, Tasanee (Dancer) / Tamah (Ace Trainer) / Darrel, Jana (Office Worker) / Sika, Paulo (Janitor) / Sam, Dennis (Collector) / Red (Battle Legend) / Anabel, Kukui (Pokémon Trainer)",715,Snorlax,Default,Life Orb,Double-Edge,Earthquake,Crunch,Protect,Adamant,255 Attack / 255 Defense,0,255,255,0,0,0,31 all,"27,31 all",Immunity (1/3) / Thick Fat (1/3) / Gluttony (1/3),PID-derived species ratio (sex_vector=31),255,NPC + Agency,"76,77,79,80,114,115,120,144,145,162,163,176,177,184,185,190,193,205",Battle Legend/featured IDs 190-205 (31 IV); Trainer IDs 70-89 (27 IV); Trainer IDs 90-189 (31 IV),Immunity / Thick Fat / Gluttony,31
"Nedry, Sheridan (Pokémon Breeder) / Brantley, Camber, Presta, Calder (Firefighter) / Variel, Atalanta (Dancer) / Boris, Bryson (Black Belt) / Hashim, Munin (Ace Trainer) / Dolly, Joaquin (Rising Star) / Sika, Paulo (Janitor)",716,Kingdra,Default,Maranga Berry,Rain Dance,Hydro Pump,Dragon Pulse,Ice Beam,Modest,170 HP / 170 Speed / 170 Sp. Atk,170,0,0,170,170,0,31 all,"27,31 all",Swift Swim (1/3) / Sniper (1/3) / Damp (1/3),PID-derived species ratio (sex_vector=127),255,NPC + Agency,"76,77,88,89,100,101,112,113,117,118,154,156,162,163,180,181",Trainer IDs 70-89 (27 IV); Trainer IDs 90-189 (31 IV),Swift Swim / Sniper / Damp,127
"Arnon, Alim, Anisa, Calliope (Golfer) / Jo, Tasanee (Dancer) / Tamah (Ace Trainer) / Darrel, Jana (Office Worker) / Sam, Dennis (Collector) / Perri (Pokémon Center Lady)",717,Blissey,Default,Leftovers,Thunderbolt,Ice Beam,Counter,Calm Mind,Bold,255 HP / 255 Defense,255,0,255,0,0,0,31 all,"27,31 all",Natural Cure (1/3) / Serene Grace (1/3) / Healer (1/3),Female-only,255,NPC + Agency,"70,71,73,74,114,115,120,144,145,184,185,187",Trainer IDs 70-89 (27 IV); Trainer IDs 90-189 (31 IV),Natural Cure / Serene Grace / Healer,254
"Nedry, Sheridan, Dara, Rada (Pokémon Breeder) / Jo, Tasanee (Dancer) / Hashim (Ace Trainer) / Darrel, Jana (Office Worker) / Presta, Calder (Firefighter) / Sam, Dennis (Collector) / Cynthia (Pokémon Trainer)",718,Milotic,Default,Wide Lens,Hydro Pump,Blizzard,Mirror Coat,Recover,Calm,255 Sp. Atk / 255 Sp. Def,0,0,0,0,255,255,31 all,"27,31 all",Marvel Scale (1/3) / Competitive (1/3) / Cute Charm (1/3),PID-derived species ratio (sex_vector=127),255,NPC + Agency,"76,77,79,80,114,115,117,144,145,180,181,184,185,196",Battle Legend/featured IDs 190-205 (31 IV); Trainer IDs 70-89 (27 IV); Trainer IDs 90-189 (31 IV),Marvel Scale / Competitive / Cute Charm,127
"Nedry, Sheridan (Pokémon Breeder) / Zed, Edda (Punk Girl) / Larry, Tony (Cook)",719,Malamar,Default,Darkinium Z,Superpower,Psycho Cut,Foul Play,Destiny Bond,Jolly,255 Attack / 255 Speed,0,255,0,255,0,0,31 all,"27,31 all",Contrary (1/3) / Suction Cups (1/3) / Infiltrator (1/3),PID-derived species ratio (sex_vector=127),255,NPC + Agency,"76,77,148,149,182,183",Trainer IDs 70-89 (27 IV); Trainer IDs 90-189 (31 IV),Contrary / Suction Cups / Infiltrator,127
"Arnon, Alim, Anisa, Calliope (Golfer) / Lou, Benji (Police Officer) / Vivek, Stellan (Hiker) / Dan, Omar (Worker)",720,Sandslash,Default,Smooth Rock,Sandstorm,Earthquake,Stone Edge,X-Scissor,Adamant,255 HP / 255 Attack,255,255,0,0,0,0,31 all,"27,31 all",Sand Veil (2/3) / Sand Rush (1/3),PID-derived species ratio (sex_vector=127),255,NPC + Agency,"70,71,73,74,91,92,140,141,164,165",Trainer IDs 70-89 (27 IV); Trainer IDs 90-189 (31 IV),Sand Veil / Sand Veil / Sand Rush,127
"Arnon, Alim, Anisa, Calliope (Golfer) / Boris, Bryson (Black Belt) / Munin (Ace Trainer) / Alice, Chen (Sightseer) / Sam, Dennis (Collector)",721,Haxorus,Default,Dragonium Z,Outrage,Earthquake,Dragon Claw,Rock Slide,Jolly,255 Attack / 255 Speed,0,255,0,255,0,0,31 all,"27,31 all",Rivalry (1/3) / Mold Breaker (1/3) / Unnerve (1/3),PID-derived species ratio (sex_vector=127),255,NPC + Agency,"70,71,73,74,112,113,118,158,159,184,185",Trainer IDs 70-89 (27 IV); Trainer IDs 90-189 (31 IV),Rivalry / Mold Breaker / Unnerve,127
"Nedry, Sheridan, Dara, Rada (Pokémon Breeder) / Boris, Bryson (Black Belt) / Poppy, Tamah (Ace Trainer) / Xio (Veteran) / Darrel, Jana (Office Worker) / Sam, Dennis (Collector) / Perri (Pokémon Center Lady) / Cynthia (Pokémon Trainer)",722,Togekiss,Default,King's Rock,Grass Knot,Thunder Wave,Air Slash,Shadow Ball,Timid,255 Speed / 255 Sp. Atk,0,0,0,255,255,0,31 all,"27,31 all",Hustle (1/3) / Serene Grace (1/3) / Super Luck (1/3),PID-derived species ratio (sex_vector=31),255,NPC + Agency,"76,77,79,80,112,113,119,120,127,144,145,184,185,187,196",Battle Legend/featured IDs 190-205 (31 IV); Trainer IDs 70-89 (27 IV); Trainer IDs 90-189 (31 IV),Hustle / Serene Grace / Super Luck,31
"Arnon, Alim, Anisa, Calliope, Patrick, Susanna (Golfer) / Boris, Bryson (Black Belt) / Levi, Hashim (Ace Trainer) / Christian, Ezra (Sightseer) / Sam, Dennis (Collector)",723,Volcarona,Default,White Herb,Overheat,Quiver Dance,Bug Buzz,Protect,Bold,255 HP / 255 Defense,255,0,255,0,0,0,31 all,"27,31 all",Flame Body (2/3) / Swarm (1/3),PID-derived species ratio (sex_vector=127),255,NPC + Agency,"70,71,73,74,112,113,116,117,160,161,172,175,184,185",Trainer IDs 70-89 (27 IV); Trainer IDs 90-189 (31 IV),Flame Body / Flame Body / Swarm,127
"Kiernan, Gertrude (Pokémon Breeder) / Zero (Bellhop) / Noah (Cook) / Lea, Sylvia, Levi (Ace Trainer) / Jo, Tasanee (Dancer) / Etta, Dustin (Punk Guy) / Erix, Marianne (Rising Star) / Blue (Battle Legend) / Kiawe (Captain) / Giovanni (Pokémon Trainer)",724,Arcanine,Default,White Herb,Overheat,Sunny Day,Solar Beam,Extreme Speed,Timid,255 Speed / 255 Sp. Atk,0,0,0,255,255,0,31 all,"27,31 all",Intimidate (1/3) / Flash Fire (1/3) / Justified (1/3),PID-derived species ratio (sex_vector=63),255,NPC + Agency,"78,81,84,87,108,109,114,115,116,146,147,155,157,191,199,208",Battle Agency event IDs 207-208 (31 IV); Battle Legend/featured IDs 190-205 (31 IV); Trainer IDs 70-89 (27 IV); Trainer IDs 90-189 (31 IV),Intimidate / Flash Fire / Justified,63
"Arnon, Alim, Anisa, Calliope (Golfer) / Jo, Tasanee (Dancer) / Hashim, Poppy (Ace Trainer) / Alice, Chen (Sightseer) / Presta, Calder (Firefighter) / Sam, Dennis (Collector)",725,Archeops,Default,Choice Band,Aerial Ace,Earthquake,Head Smash,U-turn,Jolly,255 Attack / 255 Speed,0,255,0,255,0,0,31 all,"27,31 all",Defeatist (3/3),PID-derived species ratio (sex_vector=31),255,NPC + Agency,"70,71,73,74,114,115,117,119,158,159,180,181,184,185",Trainer IDs 70-89 (27 IV); Trainer IDs 90-189 (31 IV),Defeatist / Defeatist / Defeatist,31
"Arnon, Alim (Golfer) / Dyson, Chip (Bellhop) / Jo, Tasanee (Dancer) / Munin, Poppy (Ace Trainer) / Victor, Naya (Preschooler) / Sam, Dennis (Collector) / Dooley (Veteran)",726,Dragonite,Default,Choice Band,Outrage,Earthquake,Giga Impact,Stone Edge,Adamant,255 Attack / 255 Sp. Def,0,255,0,0,0,255,31 all,"27,31 all",Inner Focus (2/3) / Multiscale (1/3),PID-derived species ratio (sex_vector=127),255,NPC + Agency,"70,71,82,83,114,115,118,119,135,137,184,185,188",Trainer IDs 70-89 (27 IV); Trainer IDs 90-189 (31 IV),Inner Focus / Inner Focus / Multiscale,127
"Arnon, Alim, Anisa, Calliope (Golfer) / Lou, Benji (Police Officer) / Boris, Bryson (Black Belt) / Poppy (Ace Trainer) / Victor, Naya (Preschooler) / Vivek, Stellan (Hiker) / Zed, Edda (Punk Girl) / Sam, Dennis (Collector) / Dooley (Veteran) / Blue (Battle Legend) / Grimsley (Pokémon Trainer)",727,Tyranitar,Default,Chople Berry,Rock Slide,Crunch,Earthquake,Dragon Dance,Jolly,255 Attack / 255 Speed,0,255,0,255,0,0,31 all,"27,31 all",Sand Stream (2/3) / Unnerve (1/3),PID-derived species ratio (sex_vector=127),255,NPC + Agency,"70,71,73,74,91,92,112,113,119,135,137,140,141,148,149,184,185,188,191,192",Battle Legend/featured IDs 190-205 (31 IV); Trainer IDs 70-89 (27 IV); Trainer IDs 90-189 (31 IV),Sand Stream / Sand Stream / Unnerve,127
"Zero (Bellhop) / Julien, Sly, Noah (Cook) / Jo, Tasanee (Dancer) / Munin, Poppy (Ace Trainer) / Victor, Naya (Preschooler) / Etta, Dustin (Punk Guy) / Patrick, Susanna (Golfer) / Presta, Calder (Firefighter) / Sam, Dennis (Collector) / Dooley (Veteran)",728,Salamence,Default,Yache Berry,Draco Meteor,Fire Blast,Hydro Pump,Protect,Timid,255 Speed / 255 Sp. Atk,0,0,0,255,255,0,31 all,"27,31 all",Intimidate (2/3) / Moxie (1/3),PID-derived species ratio (sex_vector=127),255,NPC + Agency,"84,85,86,87,114,115,118,119,135,137,146,147,172,175,180,181,184,185,188",Trainer IDs 70-89 (27 IV); Trainer IDs 90-189 (31 IV),Intimidate / Intimidate / Moxie,127
"Arnon, Alim, Anisa, Calliope (Golfer) / Jo, Tasanee (Dancer) / Levi, Poppy (Ace Trainer) / Aino, Dooley (Veteran) / Victor, Naya (Preschooler) / Savir, Harding (Office Worker) / Sam, Dennis (Collector) / Colress (Pokémon Trainer)",729,Metagross,Default,Occa Berry,Earthquake,Meteor Mash,Bullet Punch,Explosion,Adamant,170 HP / 170 Attack / 170 Sp. Def,170,170,0,0,0,170,31 all,"27,31 all",Clear Body (2/3) / Light Metal (1/3),Genderless,255,NPC + Agency,"70,71,73,74,114,115,116,119,126,135,137,142,143,184,185,188,195",Battle Legend/featured IDs 190-205 (31 IV); Trainer IDs 70-89 (27 IV); Trainer IDs 90-189 (31 IV),Clear Body / Clear Body / Light Metal,255
"Arnon, Alim, Anisa, Calliope (Golfer) / Lou, Benji (Police Officer) / Jo, Tasanee (Dancer) / Munin, Tamah (Ace Trainer) / Victor, Naya (Preschooler) / Sam, Dennis (Collector) / Dooley (Veteran) / Wally, Cynthia (Pokémon Trainer)",730,Garchomp,Default,Choice Scarf,Outrage,Earthquake,Fire Fang,Crunch,Jolly,255 Attack / 255 Speed,0,255,0,255,0,0,31 all,"27,31 all",Sand Veil (2/3) / Rough Skin (1/3),PID-derived species ratio (sex_vector=127),255,NPC + Agency,"70,71,73,74,91,92,114,115,118,120,135,137,184,185,188,194,196",Battle Legend/featured IDs 190-205 (31 IV); Trainer IDs 70-89 (27 IV); Trainer IDs 90-189 (31 IV),Sand Veil / Sand Veil / Rough Skin,127
"Arnon, Alim, Anisa, Calliope (Golfer) / Boris, Bryson (Black Belt) / Munin, Poppy (Ace Trainer) / Victor, Naya (Preschooler) / Zed, Edda (Punk Girl) / Sam, Dennis (Collector)",731,Hydreigon,Default,Dragonium Z,Draco Meteor,Taunt,Earth Power,Flamethrower,Timid,255 Speed / 255 Sp. Atk,0,0,0,255,255,0,31 all,"27,31 all",Levitate (3/3),PID-derived species ratio (sex_vector=127),255,NPC + Agency,"70,71,73,74,112,113,118,119,135,137,148,149,184,185",Trainer IDs 70-89 (27 IV); Trainer IDs 90-189 (31 IV),Levitate / Levitate / Levitate,127
"Nedry, Sheridan, Dara, Rada (Pokémon Breeder) / Boris, Bryson (Black Belt) / Tamah (Ace Trainer) / Zed, Edda (Punk Girl) / Alice, Chen (Sightseer) / Patrick, Susanna (Golfer)",732,Slaking,Default,Choice Band,Giga Impact,Shadow Claw,Hammer Arm,Earthquake,Adamant,255 HP / 255 Attack,255,255,0,0,0,0,31 all,"27,31 all",Truant (3/3),PID-derived species ratio (sex_vector=127),255,NPC + Agency,"76,77,79,80,112,113,120,148,149,158,159,172,175",Trainer IDs 70-89 (27 IV); Trainer IDs 90-189 (31 IV),Truant / Truant / Truant,127
"Haley (Aether Foundation) / Lea, Sylvia, Munin, Bette (Ace Trainer) / Xenophon (Veteran) / Niara, Reina (Preschooler) / Erix, Marianne (Rising Star) / Red (Battle Legend)",733,Venusaur,Default,Venusaurite,Synthesis,Substitute,Sludge Bomb,Giga Drain,Bold,255 HP / 255 Defense,255,0,255,0,0,0,31 all,31 all,Overgrow (2/3) / Chlorophyll (1/3),PID-derived species ratio (sex_vector=31),255,NPC + Agency,"107,108,109,118,121,123,134,136,155,157,190",Battle Legend/featured IDs 190-205 (31 IV); Trainer IDs 90-189 (31 IV),Overgrow / Overgrow / Chlorophyll,31
"Haley (Aether Foundation) / Lea, Sylvia, Levi (Ace Trainer) / Boris, Bryson (Black Belt) / Niara, Reina (Preschooler) / Patrick, Susanna (Golfer) / Dooley (Veteran) / Red (Battle Legend)",734,Charizard,Default,Charizardite X,Dragon Rush,Flare Blitz,Dragon Dance,Rock Slide,Jolly,255 Attack / 255 Speed,0,255,0,255,0,0,31 all,31 all,Blaze (2/3) / Solar Power (1/3),PID-derived species ratio (sex_vector=31),255,NPC + Agency,"107,108,109,112,113,116,134,136,172,175,188,190",Battle Legend/featured IDs 190-205 (31 IV); Trainer IDs 90-189 (31 IV),Blaze / Blaze / Solar Power,31
"Rendor (Police Officer) / Variel, Atalanta (Dancer) / Boris, Bryson (Black Belt) / Hashim (Ace Trainer) / Niara, Reina (Preschooler) / Red (Battle Legend)",735,Blastoise,Default,Custap Berry,Yawn,Hydro Pump,Blizzard,Dark Pulse,Modest,255 HP / 255 Sp. Atk,255,0,0,0,255,0,31 all,31 all,Torrent (2/3) / Rain Dish (1/3),PID-derived species ratio (sex_vector=31),255,NPC + Agency,"90,100,101,112,113,117,134,136,190",Battle Legend/featured IDs 190-205 (31 IV); Trainer IDs 90-189 (31 IV),Torrent / Torrent / Rain Dish,31
"Iniko, Arnold (Black Belt) / Carrie (Dancer) / Munin (Ace Trainer) / Niara, Reina (Preschooler)",736,Meganium,Default,Leftovers,Leech Seed,Ingrain,Toxic,Protect,Bold,255 Defense / 255 Sp. Def,0,0,255,0,0,255,31 all,31 all,Overgrow (2/3) / Leaf Guard (1/3),PID-derived species ratio (sex_vector=31),255,NPC + Agency,"97,98,99,118,134,136",Trainer IDs 90-189 (31 IV),Overgrow / Overgrow / Leaf Guard,31
"Haley (Aether Foundation) / Lea, Sylvia, Levi (Ace Trainer) / Boris, Bryson (Black Belt) / Niara, Reina (Preschooler) / Patrick, Susanna (Golfer)",737,Typhlosion,Default,Power Herb,Extrasensory,Lava Plume,Bulldoze,Solar Beam,Modest,255 Speed / 255 Sp. Atk,0,0,0,255,255,0,31 all,31 all,Blaze (2/3) / Flash Fire (1/3),PID-derived species ratio (sex_vector=31),255,NPC + Agency,"107,108,109,112,113,116,134,136,172,175",Trainer IDs 90-189 (31 IV),Blaze / Blaze / Flash Fire,31
"Variel, Atalanta (Dancer) / Haley (Aether Foundation) / Boris, Bryson (Black Belt) / Hashim (Ace Trainer) / Niara, Reina (Preschooler)",738,Feraligatr,Default,Liechi Berry,Dragon Dance,Waterfall,Crunch,Substitute,Adamant,255 Attack / 255 Speed,0,255,0,255,0,0,31 all,31 all,Torrent (2/3) / Sheer Force (1/3),PID-derived species ratio (sex_vector=31),255,NPC + Agency,"100,101,107,112,113,117,134,136",Trainer IDs 90-189 (31 IV),Torrent / Torrent / Sheer Force,31
"Granville, Raz, Munin (Ace Trainer) / Haley (Aether Foundation) / Boris, Bryson (Black Belt) / Niara, Reina (Preschooler) / Hilario, Thamina (Youth Athlete) / Mallow (Captain)",739,Sceptile,Default,Sceptilite,Leaf Blade,Dual Chop,Earthquake,Rock Slide,Jolly,255 Attack / 255 Speed,0,255,0,255,0,0,31 all,31 all,Overgrow (2/3) / Unburden (1/3),PID-derived species ratio (sex_vector=31),255,NPC + Agency,"104,105,107,112,113,118,134,136,152,153,200",Battle Legend/featured IDs 190-205 (31 IV); Trainer IDs 90-189 (31 IV),Overgrow / Overgrow / Unburden,31
"Haley (Aether Foundation) / Lea, Sylvia, Levi, Bette (Ace Trainer) / Boris, Bryson (Black Belt) / Niara, Reina (Preschooler)",740,Blaziken,Default,Blazikenite,Night Slash,Flare Blitz,Stone Edge,Brave Bird,Adamant,255 Attack / 255 Speed,0,255,0,255,0,0,31 all,31 all,Blaze (2/3) / Speed Boost (1/3),PID-derived species ratio (sex_vector=31),255,NPC + Agency,"107,108,109,112,113,116,121,134,136",Trainer IDs 90-189 (31 IV),Blaze / Blaze / Speed Boost,31
"Variel, Atalanta (Dancer) / Haley (Aether Foundation) / Boris, Bryson (Black Belt) / Hashim, Tamah (Ace Trainer) / Niara, Reina (Preschooler)",741,Swampert,Default,Chesto Berry,Curse,Rest,Earthquake,Waterfall,Careful,255 HP / 255 Sp. Def,255,0,0,0,0,255,31 all,31 all,Torrent (2/3) / Damp (1/3),PID-derived species ratio (sex_vector=31),255,NPC + Agency,"100,101,107,112,113,117,120,134,136",Trainer IDs 90-189 (31 IV),Torrent / Torrent / Damp,31
"Cal, Tivon, Robyn (Scientist) / Munin, Tamah (Ace Trainer) / Niara, Reina (Preschooler)",742,Torterra,Default,Leftovers,Stockpile,Leech Seed,Earthquake,Protect,Careful,255 HP / 255 Sp. Def,255,0,0,0,0,255,31 all,31 all,Overgrow (2/3) / Shell Armor (1/3),PID-derived species ratio (sex_vector=31),255,NPC + Agency,"93,94,95,118,120,134,136",Trainer IDs 90-189 (31 IV),Overgrow / Overgrow / Shell Armor,31
"Haley (Aether Foundation) / Lea, Sylvia, Levi, Bette (Ace Trainer) / Boris, Bryson (Black Belt) / Niara, Reina (Preschooler)",743,Infernape,Default,Focus Sash,Fake Out,Encore,Flare Blitz,Close Combat,Jolly,255 Attack / 255 Speed,0,255,0,255,0,0,31 all,31 all,Blaze (2/3) / Iron Fist (1/3),PID-derived species ratio (sex_vector=31),255,NPC + Agency,"107,108,109,112,113,116,121,134,136",Trainer IDs 90-189 (31 IV),Blaze / Blaze / Iron Fist,31
"Variel, Atalanta (Dancer) / Haley (Aether Foundation) / Boris, Bryson (Black Belt) / Hashim, Poppy (Ace Trainer) / Niara, Reina (Preschooler)",744,Empoleon,Default,Petaya Berry,Surf,Substitute,Blizzard,Whirlpool,Calm,255 HP / 255 Sp. Atk,255,0,0,0,255,0,31 all,31 all,Torrent (2/3) / Defiant (1/3),PID-derived species ratio (sex_vector=31),255,NPC + Agency,"100,101,107,112,113,117,119,134,136",Trainer IDs 90-189 (31 IV),Torrent / Torrent / Defiant,31
"Rendor (Police Officer) / Harvey, Luke (Aether Foundation) / Munin (Ace Trainer) / Niara, Reina (Preschooler) / Hilario, Thamina (Youth Athlete)",745,Serperior,Default,Choice Specs,Leaf Storm,-,-,-,Modest,255 Speed / 255 Sp. Atk,0,0,0,255,255,0,31 all,31 all,Overgrow (2/3) / Contrary (1/3),PID-derived species ratio (sex_vector=31),255,NPC + Agency,"90,102,103,118,134,136,152,153",Trainer IDs 90-189 (31 IV),Overgrow / Overgrow / Contrary,31
"Carrie (Dancer) / Lea, Sylvia, Levi, Bette (Ace Trainer) / Niara, Reina (Preschooler)",746,Emboar,Default,Salac Berry,Substitute,Flamethrower,Focus Blast,Scald,Timid,255 Speed / 255 Sp. Atk,0,0,0,255,255,0,31 all,31 all,Blaze (2/3) / Reckless (1/3),PID-derived species ratio (sex_vector=31),255,NPC + Agency,"99,108,109,116,121,134,136",Trainer IDs 90-189 (31 IV),Blaze / Blaze / Reckless,31
"Chucky (Black Belt) / Heidi, Haley (Aether Foundation) / Hashim (Ace Trainer) / Niara, Reina (Preschooler)",747,Samurott,Default,Salac Berry,Hydro Pump,Ice Beam,Grass Knot,Protect,Modest,170 Defense / 170 Sp. Atk / 170 Sp. Def,0,0,170,0,170,170,31 all,31 all,Torrent (2/3) / Shell Armor (1/3),PID-derived species ratio (sex_vector=31),255,NPC + Agency,"96,106,107,117,134,136",Trainer IDs 90-189 (31 IV),Torrent / Torrent / Shell Armor,31
"Lou, Benji (Police Officer) / Granville, Raz (Ace Trainer) / Darrel, Jana (Office Worker) / Hilario, Thamina (Youth Athlete) / Dan, Omar (Worker)",748,Dugtrio,Alolan,Choice Band,Earthquake,Night Slash,Iron Head,Stone Edge,Jolly,255 Attack / 255 Speed,0,255,0,255,0,0,31 all,31 all,Sand Veil (1/3) / Tangling Hair (1/3) / Sand Force (1/3),PID-derived species ratio (sex_vector=127),255,NPC + Agency,"91,92,104,105,144,145,152,153,164,165",Trainer IDs 90-189 (31 IV),Sand Veil / Tangling Hair / Sand Force,127
"Rendor (Police Officer) / Chucky (Black Belt) / Carrie (Dancer) / Larry, Tony (Cook) / Kiawe (Captain)",749,Marowak,Alolan,Thick Club,Shadow Bone,Flare Blitz,Detect,Stomping Tantrum,Jolly,255 Attack / 255 Speed,0,255,0,255,0,0,31 all,31 all,Cursed Body (1/3) / Lightning Rod (1/3) / Rock Head (1/3),PID-derived species ratio (sex_vector=127),255,NPC + Agency,"90,96,99,182,183,199",Battle Legend/featured IDs 190-205 (31 IV); Trainer IDs 90-189 (31 IV),Cursed Body / Lightning Rod / Rock Head,127
"Rendor (Police Officer) / Chucky (Black Belt) / Carrie (Dancer) / Aino (Veteran) / Savir, Harding (Office Worker) / Donna, Gilroy (Bellhop)",750,Medicham,Default,Medichamite,High Jump Kick,Psycho Cut,Fake Out,Detect,Adamant,255 Attack / 255 Speed,0,255,0,255,0,0,31 all,31 all,Pure Power (2/3) / Telepathy (1/3),PID-derived species ratio (sex_vector=127),255,NPC + Agency,"90,96,99,126,142,143,170,171",Trainer IDs 90-189 (31 IV),Pure Power / Pure Power / Telepathy,127
"Iniko, Arnold (Black Belt) / Carrie (Dancer) / Blue (Battle Legend)",751,Pidgeot,Default,Pidgeotite,Hurricane,Feather Dance,Roost,Hyper Beam,Modest,255 Defense / 255 Sp. Atk,0,0,255,0,255,0,31 all,31 all,Keen Eye (1/3) / Tangled Feet (1/3) / Big Pecks (1/3),PID-derived species ratio (sex_vector=127),255,NPC + Agency,"97,98,99,191",Battle Legend/featured IDs 190-205 (31 IV); Trainer IDs 90-189 (31 IV),Keen Eye / Tangled Feet / Big Pecks,127
"Rendor (Police Officer) / Chucky (Black Belt) / Carrie (Dancer) / Xio, Dooley (Veteran) / Savir, Darrel (Office Worker) / Etta, Dustin (Punk Guy)",752,Mawile,Default,Mawilite,Sucker Punch,Play Rough,Fire Fang,Stone Edge,Adamant,255 HP / 255 Attack,255,255,0,0,0,0,31 all,31 all,Hyper Cutter (1/3) / Intimidate (1/3) / Sheer Force (1/3),PID-derived species ratio (sex_vector=127),255,NPC + Agency,"90,96,99,127,142,144,146,147,188",Trainer IDs 90-189 (31 IV),Hyper Cutter / Intimidate / Sheer Force,127
"Iniko, Arnold (Black Belt) / Carrie (Dancer)",753,Banette,Default,Banettite,Shadow Claw,Will-O-Wisp,Sucker Punch,Gunk Shot,Impish,255 HP / 255 Defense,255,0,255,0,0,0,31 all,31 all,Insomnia (1/3) / Frisk (1/3) / Cursed Body (1/3),PID-derived species ratio (sex_vector=127),255,NPC + Agency,"97,98,99",Trainer IDs 90-189 (31 IV),Insomnia / Frisk / Cursed Body,127
"Harvey, Luke, Heidi, Haley (Aether Foundation) / Zed, Edda (Punk Girl)",754,Sableye,Default,Focus Sash,Foul Play,Will-O-Wisp,Metal Burst,Fake Out,Careful,255 HP / 255 Sp. Def,255,0,0,0,0,255,31 all,31 all,Keen Eye (1/3) / Stall (1/3) / Prankster (1/3),PID-derived species ratio (sex_vector=127),255,NPC + Agency,"102,103,106,107,148,149",Trainer IDs 90-189 (31 IV),Keen Eye / Stall / Prankster,127
"Rendor (Police Officer) / Harvey, Luke (Aether Foundation) / Darrel, Jana (Office Worker) / Dan, Omar (Worker) / Presta, Calder (Firefighter) / Larry, Tony (Cook)",755,Lanturn,Default,Chesto Berry,Stockpile,Rest,Charge Beam,Ice Beam,Bold,255 Defense / 255 Sp. Def,0,0,255,0,0,255,31 all,31 all,Volt Absorb (1/3) / Illuminate (1/3) / Water Absorb (1/3),PID-derived species ratio (sex_vector=127),255,NPC + Agency,"90,102,103,144,145,164,165,180,181,182,183",Trainer IDs 90-189 (31 IV),Volt Absorb / Illuminate / Water Absorb,127
"Chucky, Iniko, Arnold (Black Belt) / Xenophon (Veteran) / Darrel, Jana (Office Worker) / Donna, Gilroy (Bellhop) / Larry, Tony (Cook)",756,Breloom,Default,Toxic Orb,Protect,Leech Seed,Substitute,Focus Punch,Careful,170 HP / 170 Defense / 170 Sp. Def,170,0,170,0,0,170,31 all,31 all,Effect Spore (1/3) / Poison Heal (1/3) / Technician (1/3),PID-derived species ratio (sex_vector=127),255,NPC + Agency,"96,97,98,123,144,145,170,171,182,183",Trainer IDs 90-189 (31 IV),Effect Spore / Poison Heal / Technician,127
"Cal, Tivon, Robyn, Stein, Cadel (Scientist) / Vivek, Stellan (Hiker) / Perri (Pokémon Center Lady)",757,Audino,Default,Firium Z,Yawn,Hyper Voice,Trick Room,Fire Blast,Modest,255 Defense / 255 Sp. Atk,0,0,255,0,255,0,31 all,31 all,Healer (1/3) / Regenerator (1/3) / Klutz (1/3),PID-derived species ratio (sex_vector=127),255,NPC + Agency,"93,94,95,110,111,140,141,187",Trainer IDs 90-189 (31 IV),Healer / Regenerator / Klutz,127
"Rendor (Police Officer) / Harvey, Luke, Heidi, Haley (Aether Foundation) / Savir, Harding (Office Worker) / Sam, Dennis (Collector)",758,Skarmory,Default,Poisonium Z,Spikes,Stealth Rock,Whirlwind,Toxic,Careful,255 HP / 255 Sp. Def,255,0,0,0,0,255,31 all,31 all,Keen Eye (1/3) / Sturdy (1/3) / Weak Armor (1/3),PID-derived species ratio (sex_vector=127),255,NPC + Agency,"90,102,103,106,107,142,143,184,185",Trainer IDs 90-189 (31 IV),Keen Eye / Sturdy / Weak Armor,127
"Rendor (Police Officer) / Chucky (Black Belt) / Carrie (Dancer) / Zed, Edda (Punk Girl) / Grimsley (Pokémon Trainer)",759,Absol,Default,Absolite,Sucker Punch,Megahorn,Play Rough,Stone Edge,Jolly,255 Attack / 255 Speed,0,255,0,255,0,0,31 all,31 all,Pressure (1/3) / Super Luck (1/3) / Justified (1/3),PID-derived species ratio (sex_vector=127),255,NPC + Agency,"90,96,99,148,149,192",Battle Legend/featured IDs 190-205 (31 IV); Trainer IDs 90-189 (31 IV),Pressure / Super Luck / Justified,127
"Rendor (Police Officer) / Harvey, Luke (Aether Foundation) / Zed, Edda (Punk Girl) / Presta, Calder (Firefighter) / Larry, Tony (Cook) / Grimsley (Pokémon Trainer)",760,Sharpedo,Default,Focus Sash,Ice Beam,Hydro Pump,Dark Pulse,Protect,Modest,255 Speed / 255 Sp. Atk,0,0,0,255,255,0,31 all,31 all,Rough Skin (2/3) / Speed Boost (1/3),PID-derived species ratio (sex_vector=127),255,NPC + Agency,"90,102,103,148,149,180,181,182,183,192",Battle Legend/featured IDs 190-205 (31 IV); Trainer IDs 90-189 (31 IV),Rough Skin / Rough Skin / Speed Boost,127
"Rendor (Police Officer) / Chucky (Black Belt) / Carrie (Dancer) / Donna, Gilroy (Bellhop) / Larry, Tony (Cook)",761,Hariyama,Default,Sitrus Berry,Belly Drum,Brick Break,Counter,Bullet Punch,Careful,255 Defense / 255 Sp. Def,0,0,255,0,0,255,31 all,31 all,Thick Fat (1/3) / Guts (1/3) / Sheer Force (1/3),PID-derived species ratio (sex_vector=63),255,NPC + Agency,"90,96,99,170,171,182,183",Trainer IDs 90-189 (31 IV),Thick Fat / Guts / Sheer Force,63
"Iniko, Arnold (Black Belt) / Carrie (Dancer) / Danby, Izel (Pokémon Breeder) / Larry, Tony (Cook)",762,Vespiquen,Default,Custap Berry,Attack Order,U-turn,Aerial Ace,Destiny Bond,Brave,255 HP / 255 Attack,255,255,0,0,0,0,31 all,31 all,Pressure (2/3) / Unnerve (1/3),Female-only,255,NPC + Agency,"97,98,99,178,179,182,183",Trainer IDs 90-189 (31 IV),Pressure / Pressure / Unnerve,254
"Rendor (Police Officer) / Harvey, Luke (Aether Foundation) / Kikujiro (Veteran) / Savir, Harding (Office Worker) / Dan, Omar (Worker)",763,Raichu,Default,Air Balloon,Fake Out,Volt Tackle,Reversal,Light Screen,Jolly,255 Attack / 255 Speed,0,255,0,255,0,0,31 all,31 all,Static (2/3) / Lightning Rod (1/3),PID-derived species ratio (sex_vector=127),255,NPC + Agency,"90,102,103,122,142,143,164,165",Trainer IDs 90-189 (31 IV),Static / Static / Lightning Rod,127
"Rendor (Police Officer) / Harvey, Luke (Aether Foundation) / Zed, Edda (Punk Girl) / Larry, Tony (Cook)",764,Glalie,Default,Glalitite,Earthquake,Explosion,Protect,Freeze-Dry,Naive,255 Attack / 255 Speed,0,255,0,255,0,0,31 all,31 all,Inner Focus (1/3) / Ice Body (1/3) / Moody (1/3),PID-derived species ratio (sex_vector=127),255,NPC + Agency,"90,102,103,148,149,182,183",Trainer IDs 90-189 (31 IV),Inner Focus / Ice Body / Moody,127
"Iniko, Arnold (Black Belt) / Carrie (Dancer) / Kikujiro (Veteran) / Savir, Harding (Office Worker) / Dan, Omar (Worker)",765,Manectric,Default,Choice Scarf,Switcheroo,Thunder,Volt Switch,Overheat,Timid,255 Speed / 255 Sp. Atk,0,0,0,255,255,0,31 all,31 all,Static (1/3) / Lightning Rod (1/3) / Minus (1/3),PID-derived species ratio (sex_vector=127),255,NPC + Agency,"97,98,99,122,142,143,164,165",Trainer IDs 90-189 (31 IV),Static / Lightning Rod / Minus,127
"Iniko, Arnold (Black Belt) / Carrie (Dancer) / Etta, Dustin (Punk Guy) / Patrick, Susanna (Golfer)",766,Staraptor,Default,Flyinium Z,Brave Bird,Double-Edge,Roost,Feather Dance,Jolly,255 Attack / 255 Speed,0,255,0,255,0,0,31 all,31 all,Intimidate (2/3) / Reckless (1/3),PID-derived species ratio (sex_vector=127),255,NPC + Agency,"97,98,99,146,147,172,175",Trainer IDs 90-189 (31 IV),Intimidate / Intimidate / Reckless,127
"Rendor (Police Officer) / Harvey, Luke (Aether Foundation) / Stein, Cadel (Scientist) / Sika, Paulo (Janitor) / Dan, Omar (Worker) / Danby, Izel (Pokémon Breeder) / Presta, Calder (Firefighter)",767,Gastrodon,Default,Leftovers,Amnesia,Curse,Earthquake,Waterfall,Bold,255 Defense / 255 Sp. Def,0,0,255,0,0,255,31 all,31 all,Sticky Hold (1/3) / Storm Drain (1/3) / Sand Force (1/3),PID-derived species ratio (sex_vector=127),255,NPC + Agency,"90,102,103,110,111,162,163,164,165,178,179,180,181",Trainer IDs 90-189 (31 IV),Sticky Hold / Storm Drain / Sand Force,127
"Iniko, Arnold (Black Belt) / Carrie (Dancer) / Danby, Izel (Pokémon Breeder) / Larry, Tony (Cook)",768,Camerupt,Default,Cameruptite,Earth Power,Heat Wave,Flash Cannon,Protect,Quiet,255 HP / 255 Sp. Atk,255,0,0,0,255,0,31 all,31 all,Magma Armor (1/3) / Solid Rock (1/3) / Anger Point (1/3),PID-derived species ratio (sex_vector=127),255,NPC + Agency,"97,98,99,178,179,182,183",Trainer IDs 90-189 (31 IV),Magma Armor / Solid Rock / Anger Point,127
"Rendor (Police Officer) / Chucky (Black Belt) / Carrie (Dancer) / Donna, Gilroy (Bellhop)",769,Sawk,Default,Life Orb,Close Combat,Earthquake,Stone Edge,Taunt,Adamant,255 Attack / 255 Speed,0,255,0,255,0,0,31 all,31 all,Sturdy (1/3) / Inner Focus (1/3) / Mold Breaker (1/3),Male-only,255,NPC + Agency,"90,96,99,170,171",Trainer IDs 90-189 (31 IV),Sturdy / Inner Focus / Mold Breaker,0
"Rendor (Police Officer) / Chucky (Black Belt) / Carrie (Dancer) / Donna, Gilroy (Bellhop)",770,Throh,Default,Flame Orb,Protect,Earthquake,Storm Throw,Payback,Brave,255 Attack / 255 Sp. Def,0,255,0,0,0,255,31 all,31 all,Guts (1/3) / Inner Focus (1/3) / Mold Breaker (1/3),Male-only,255,NPC + Agency,"90,96,99,170,171",Trainer IDs 90-189 (31 IV),Guts / Inner Focus / Mold Breaker,0
"Iniko, Arnold (Black Belt) / Carrie (Dancer)",771,Unfezant,Default,Bright Powder,Detect,Feather Dance,Toxic,Fly,Impish,255 HP / 255 Sp. Def,255,0,0,0,0,255,31 all,31 all,Big Pecks (1/3) / Super Luck (1/3) / Rivalry (1/3),PID-derived species ratio (sex_vector=127),255,NPC + Agency,"97,98,99",Trainer IDs 90-189 (31 IV),Big Pecks / Super Luck / Rivalry,127
"Carrie, Variel, Atalanta (Dancer) / Darrel, Jana (Office Worker) / Dolly, Joaquin (Rising Star) / Donna, Gilroy (Bellhop) / Presta, Calder (Firefighter)",772,Pelipper,Default,Waterium Z,Rain Dance,Hurricane,Hydro Pump,Ice Beam,Timid,255 Speed / 255 Sp. Atk,0,0,0,255,255,0,31 all,31 all,Keen Eye (1/3) / Drizzle (1/3) / Rain Dish (1/3),PID-derived species ratio (sex_vector=127),255,NPC + Agency,"99,100,101,144,145,154,156,170,171,180,181",Trainer IDs 90-189 (31 IV),Keen Eye / Drizzle / Rain Dish,127
"Iniko, Arnold (Black Belt) / Carrie (Dancer) / Zed, Edda (Punk Girl) / Sika, Paulo (Janitor) / Lori, Colby (Pokémon Breeder) / Larry, Tony (Cook)",773,Amoonguss,Default,Black Sludge,Giga Drain,Spore,Clear Smog,Synthesis,Calm,255 HP / 255 Sp. Def,255,0,0,0,0,255,31 all,31 all,Effect Spore (2/3) / Regenerator (1/3),PID-derived species ratio (sex_vector=127),255,NPC + Agency,"97,98,99,148,149,162,163,176,177,182,183",Trainer IDs 90-189 (31 IV),Effect Spore / Effect Spore / Regenerator,127
"Variel, Atalanta (Dancer) / Granville, Raz (Ace Trainer) / Savir, Harding (Office Worker) / Leena, Buddy (Youth Athlete) / Dolly, Joaquin (Rising Star) / Sika, Paulo (Janitor) / Dan, Omar (Worker) / Colress (Pokémon Trainer)",774,Electrode,Default,Damp Rock,Rain Dance,Thunder,Taunt,Light Screen,Timid,255 Speed / 255 Sp. Atk,0,0,0,255,255,0,31 all,31 all,Soundproof (1/3) / Static (1/3) / Aftermath (1/3),Genderless,255,NPC + Agency,"100,101,104,105,142,143,150,151,154,156,162,163,164,165,195",Battle Legend/featured IDs 190-205 (31 IV); Trainer IDs 90-189 (31 IV),Soundproof / Static / Aftermath,255
"Carrie, Variel, Atalanta (Dancer) / Darrel, Jana (Office Worker) / Dolly, Joaquin (Rising Star) / Donna, Gilroy (Bellhop) / Presta, Calder (Firefighter)",775,Ludicolo,Default,Kee Berry,Fake Out,Hydro Pump,Leech Seed,Grass Knot,Modest,255 Speed / 255 Sp. Atk,0,0,0,255,255,0,31 all,31 all,Swift Swim (1/3) / Rain Dish (1/3) / Own Tempo (1/3),PID-derived species ratio (sex_vector=127),255,NPC + Agency,"99,100,101,144,145,154,156,170,171,180,181",Trainer IDs 90-189 (31 IV),Swift Swim / Rain Dish / Own Tempo,127
"Carrie (Dancer) / Lea, Sylvia (Ace Trainer) / Zed, Edda (Punk Girl) / Erix, Marianne (Rising Star) / Donna, Gilroy (Bellhop)",776,Shiftry,Default,Focus Sash,Fake Out,X-Scissor,Leaf Blade,Protect,Adamant,255 Attack / 255 Defense,0,255,255,0,0,0,31 all,31 all,Chlorophyll (1/3) / Early Bird (1/3) / Pickpocket (1/3),PID-derived species ratio (sex_vector=127),255,NPC + Agency,"99,108,109,148,149,155,157,170,171",Trainer IDs 90-189 (31 IV),Chlorophyll / Early Bird / Pickpocket,127
"Harvey, Luke, Heidi, Haley (Aether Foundation) / Zed, Edda (Punk Girl)",777,Exploud,Default,Life Orb,Blizzard,Hyper Voice,Focus Blast,Shadow Ball,Timid,255 Speed / 255 Sp. Atk,0,0,0,255,255,0,31 all,31 all,Soundproof (2/3) / Scrappy (1/3),PID-derived species ratio (sex_vector=127),255,NPC + Agency,"102,103,106,107,148,149",Trainer IDs 90-189 (31 IV),Soundproof / Soundproof / Scrappy,127
"Chucky, Iniko, Arnold (Black Belt) / Donna, Gilroy (Bellhop)",778,Lopunny,Default,Lopunnite,High Jump Kick,Quick Attack,Ice Punch,Double Hit,Jolly,255 Attack / 255 Speed,0,255,0,255,0,0,31 all,31 all,Cute Charm (1/3) / Klutz (1/3) / Limber (1/3),PID-derived species ratio (sex_vector=127),255,NPC + Agency,"96,97,98,170,171",Trainer IDs 90-189 (31 IV),Cute Charm / Klutz / Limber,127
"Iniko, Arnold (Black Belt) / Carrie (Dancer) / Darrel, Jana (Office Worker) / Larry, Tony (Cook)",779,Froslass,Default,Focus Sash,Blizzard,Icy Wind,Shadow Ball,Destiny Bond,Timid,255 Speed / 255 Sp. Atk,0,0,0,255,255,0,31 all,31 all,Snow Cloak (2/3) / Cursed Body (1/3),Female-only,255,NPC + Agency,"97,98,99,144,145,182,183",Trainer IDs 90-189 (31 IV),Snow Cloak / Snow Cloak / Cursed Body,254
"Carrie (Dancer) / Lea, Sylvia (Ace Trainer) / Darrel, Jana (Office Worker) / Erix, Marianne (Rising Star) / Perri (Pokémon Center Lady) / Sina (Pokémon Trainer)",780,Lilligant,Default,Grassium Z,Solar Beam,Teeter Dance,Charm,Leech Seed,Bold,127 HP / 127 Defense / 127 Speed / 127 Sp. Atk,127,0,127,127,127,0,31 all,31 all,Chlorophyll (1/3) / Own Tempo (1/3) / Leaf Guard (1/3),Female-only,255,NPC + Agency,"99,108,109,144,145,155,157,187,201",Battle Legend/featured IDs 190-205 (31 IV); Trainer IDs 90-189 (31 IV),Chlorophyll / Own Tempo / Leaf Guard,254
"Carrie (Dancer) / Lea, Sylvia (Ace Trainer) / Erix, Marianne (Rising Star) / Alice, Chen (Sightseer) / Larry, Tony (Cook)",781,Darmanitan,Default,Choice Scarf,Flare Blitz,Stone Edge,U-turn,Superpower,Impish,255 Attack / 255 Speed,0,255,0,255,0,0,31 all,31 all,Sheer Force (2/3) / Zen Mode (1/3),PID-derived species ratio (sex_vector=127),255,NPC + Agency,"99,108,109,155,157,158,159,182,183",Trainer IDs 90-189 (31 IV),Sheer Force / Sheer Force / Zen Mode,127
"Chucky, Iniko, Arnold (Black Belt) / Darrel, Jana (Office Worker) / Hilario, Thamina (Youth Athlete) / Donna, Gilroy (Bellhop)",782,Ambipom,Default,King's Rock,Fling,Taunt,Return,Payback,Jolly,255 Attack / 255 Speed,0,255,0,255,0,0,31 all,31 all,Technician (1/3) / Pickup (1/3) / Skill Link (1/3),PID-derived species ratio (sex_vector=127),255,NPC + Agency,"96,97,98,144,145,152,153,170,171",Trainer IDs 90-189 (31 IV),Technician / Pickup / Skill Link,127
"Cal, Tivon, Robyn (Scientist) / Lori, Colby (Pokémon Breeder)",783,Cofagrigus,Default,Leftovers,Will-O-Wisp,Toxic,Hex,Calm Mind,Bold,255 HP / 255 Sp. Def,255,0,0,0,0,255,31 all,31 all,Mummy (3/3),PID-derived species ratio (sex_vector=127),255,NPC + Agency,"93,94,95,176,177",Trainer IDs 90-189 (31 IV),Mummy / Mummy / Mummy,127
"Chucky, Iniko, Arnold (Black Belt) / Dan, Omar (Worker)",784,Golurk,Default,Iron Ball,Hammer Arm,Earthquake,Shadow Punch,Fling,Brave,255 HP / 255 Attack,255,255,0,0,0,0,31 all,31 all,Iron Fist (1/3) / Klutz (1/3) / No Guard (1/3),Genderless,255,NPC + Agency,"96,97,98,164,165",Trainer IDs 90-189 (31 IV),Iron Fist / Klutz / No Guard,255
"Rendor (Police Officer) / Iniko, Arnold (Black Belt) / Savir, Harding (Office Worker)",785,Durant,Default,Focus Sash,Entrainment,X-Scissor,Iron Head,Protect,Jolly,255 HP / 255 Speed,255,0,0,255,0,0,31 all,31 all,Swarm (1/3) / Hustle (1/3) / Truant (1/3),PID-derived species ratio (sex_vector=127),255,NPC + Agency,"90,97,98,142,143",Trainer IDs 90-189 (31 IV),Swarm / Hustle / Truant,127
"Rendor (Police Officer) / Harvey, Luke (Aether Foundation) / Vivek, Stellan (Hiker) / Sika, Paulo (Janitor) / Dan, Omar (Worker) / Sophocles (Pokémon Trainer)",786,Golem,Alolan,Weakness Policy,Rock Slide,Earthquake,Explosion,Rock Polish,Jolly,255 Attack / 255 Speed,0,255,0,255,0,0,31 all,31 all,Magnet Pull (1/3) / Sturdy (1/3) / Galvanize (1/3),PID-derived species ratio (sex_vector=127),255,NPC + Agency,"90,102,103,140,141,162,163,164,165,207",Battle Agency event IDs 207-208 (31 IV); Trainer IDs 90-189 (31 IV),Magnet Pull / Sturdy / Galvanize,127
"Cal, Tivon, Robyn, Stein, Cadel (Scientist) / Vivek, Stellan (Hiker) / Lori, Colby (Pokémon Breeder) / Presta, Calder (Firefighter) / Perri (Pokémon Center Lady) / Dexio (Pokémon Trainer)",787,Slowbro,Default,Slowbronite,Psychic,Surf,Blizzard,Trick Room,Quiet,255 HP / 255 Sp. Atk,255,0,0,0,255,0,31 all,31 all,Oblivious (1/3) / Own Tempo (1/3) / Regenerator (1/3),PID-derived species ratio (sex_vector=127),255,NPC + Agency,"93,94,95,110,111,140,141,176,177,180,181,187,202",Battle Legend/featured IDs 190-205 (31 IV); Trainer IDs 90-189 (31 IV),Oblivious / Own Tempo / Regenerator,127
"Iniko, Arnold (Black Belt) / Carrie (Dancer) / Zed, Edda (Punk Girl) / Sika, Paulo (Janitor)",788,Weezing,Default,Chesto Berry,Toxic,Will-O-Wisp,Stockpile,Rest,Careful,255 HP / 255 Sp. Def,255,0,0,0,0,255,31 all,31 all,Levitate (3/3),PID-derived species ratio (sex_vector=127),255,NPC + Agency,"97,98,99,148,149,162,163",Trainer IDs 90-189 (31 IV),Levitate / Levitate / Levitate,127
"Chucky (Black Belt) / Harvey, Luke, Heidi, Haley (Aether Foundation) / Sam, Dennis (Collector) / Dooley (Veteran) / Kiawe (Captain) / Giovanni (Pokémon Trainer)",789,Kangaskhan,Default,Kangaskhanite,Fake Out,Double-Edge,Earthquake,Sucker Punch,Jolly,255 Attack / 255 Speed,0,255,0,255,0,0,31 all,31 all,Early Bird (1/3) / Scrappy (1/3) / Inner Focus (1/3),Female-only,255,NPC + Agency,"96,102,103,106,107,184,185,188,199,208",Battle Agency event IDs 207-208 (31 IV); Battle Legend/featured IDs 190-205 (31 IV); Trainer IDs 90-189 (31 IV),Early Bird / Scrappy / Inner Focus,254
"Harvey, Luke, Heidi, Haley (Aether Foundation) / Etta, Dustin (Punk Guy) / Donna, Gilroy (Bellhop) / Sam, Dennis (Collector)",790,Tauros,Default,Sitrus Berry,Toxic,Protect,Double Team,Earthquake,Careful,255 HP / 255 Sp. Def,255,0,0,0,0,255,31 all,31 all,Intimidate (1/3) / Anger Point (1/3) / Sheer Force (1/3),Male-only,255,NPC + Agency,"102,103,106,107,146,147,170,171,184,185",Trainer IDs 90-189 (31 IV),Intimidate / Anger Point / Sheer Force,0
"Iniko, Arnold (Black Belt) / Carrie (Dancer) / Zed, Edda (Punk Girl) / Danby, Izel (Pokémon Breeder) / Sam, Dennis (Collector) / Cynthia (Pokémon Trainer)",791,Spiritomb,Default,Custap Berry,Will-O-Wisp,Sucker Punch,Substitute,Pain Split,Careful,255 HP / 255 Sp. Def,255,0,0,0,0,255,31 all,31 all,Pressure (2/3) / Infiltrator (1/3),PID-derived species ratio (sex_vector=127),255,NPC + Agency,"97,98,99,148,149,178,179,184,185,196",Battle Legend/featured IDs 190-205 (31 IV); Trainer IDs 90-189 (31 IV),Pressure / Pressure / Infiltrator,127
"Carrie (Dancer) / Lea, Sylvia (Ace Trainer) / Xenophon, Xio (Veteran) / Darrel, Jana (Office Worker) / Hilario, Thamina (Youth Athlete) / Erix, Marianne (Rising Star) / Dexio (Pokémon Trainer)",792,Whimsicott,Default,Fairium Z,Moonblast,Tailwind,Swagger,Energy Ball,Calm,255 HP / 255 Sp. Def,255,0,0,0,0,255,31 all,31 all,Prankster (1/3) / Infiltrator (1/3) / Chlorophyll (1/3),PID-derived species ratio (sex_vector=127),255,NPC + Agency,"99,108,109,123,127,144,145,152,153,155,157,202",Battle Legend/featured IDs 190-205 (31 IV); Trainer IDs 90-189 (31 IV),Prankster / Infiltrator / Chlorophyll,127
"Chucky, Iniko, Arnold (Black Belt)",793,Druddigon,Default,Choice Band,Outrage,Earthquake,Superpower,Dragon Tail,Adamant,255 HP / 255 Attack,255,255,0,0,0,0,31 all,31 all,Rough Skin (1/3) / Sheer Force (1/3) / Mold Breaker (1/3),PID-derived species ratio (sex_vector=127),255,NPC + Agency,"96,97,98",Trainer IDs 90-189 (31 IV),Rough Skin / Sheer Force / Mold Breaker,127
"Iniko, Arnold (Black Belt) / Carrie (Dancer) / Aino (Veteran) / Darrel, Jana (Office Worker) / Lori, Colby (Pokémon Breeder) / Perri (Pokémon Center Lady)",794,Musharna,Default,Chesto Berry,Stored Power,Calm Mind,Shadow Ball,Rest,Relaxed,255 Defense / 255 Sp. Def,0,0,255,0,0,255,31 all,31 all,Forewarn (1/3) / Synchronize (1/3) / Telepathy (1/3),PID-derived species ratio (sex_vector=127),255,NPC + Agency,"97,98,99,126,144,145,176,177,187",Trainer IDs 90-189 (31 IV),Forewarn / Synchronize / Telepathy,127
"Chucky, Iniko, Arnold (Black Belt) / Etta, Dustin (Punk Guy) / Zed, Edda (Punk Girl) / Donna, Gilroy (Bellhop) / Grimsley (Pokémon Trainer)",795,Scrafty,Default,Leftovers,Bulk Up,Payback,Protect,Drain Punch,Careful,255 HP / 255 Sp. Def,255,0,0,0,0,255,31 all,31 all,Shed Skin (1/3) / Moxie (1/3) / Intimidate (1/3),PID-derived species ratio (sex_vector=127),255,NPC + Agency,"96,97,98,146,147,148,149,170,171,192",Battle Legend/featured IDs 190-205 (31 IV); Trainer IDs 90-189 (31 IV),Shed Skin / Moxie / Intimidate,127
"Cal, Tivon, Robyn (Scientist) / Savir, Harding (Office Worker) / Dan, Omar (Worker) / Lori, Colby (Pokémon Breeder)",796,Ferrothorn,Default,Leftovers,Curse,Seed Bomb,Gyro Ball,Ingrain,Sassy,255 HP / 255 Sp. Def,255,0,0,0,0,255,31 all,31 all,Iron Barbs (2/3) / Anticipation (1/3),PID-derived species ratio (sex_vector=127),255,NPC + Agency,"93,94,95,142,143,164,165,176,177",Trainer IDs 90-189 (31 IV),Iron Barbs / Iron Barbs / Anticipation,127
"Carrie (Dancer) / Granville, Raz (Ace Trainer) / Savir, Harding (Office Worker) / Zed, Edda (Punk Girl) / Hilario, Thamina (Youth Athlete) / Christian, Ezra (Sightseer) / Donna, Gilroy (Bellhop) / Blue (Battle Legend) / Anabel (Pokémon Trainer)",797,Alakazam,Default,Choice Specs,Psychic,Focus Blast,Dazzling Gleam,Trick,Timid,255 Speed / 255 Sp. Atk,0,0,0,255,255,0,31 all,31 all,Synchronize (1/3) / Inner Focus (1/3) / Magic Guard (1/3),PID-derived species ratio (sex_vector=63),255,NPC + Agency,"99,104,105,142,143,148,149,152,153,160,161,170,171,191,193",Battle Legend/featured IDs 190-205 (31 IV); Trainer IDs 90-189 (31 IV),Synchronize / Inner Focus / Magic Guard,63
"Cal, Tivon, Robyn, Stein, Cadel (Scientist) / Aino (Veteran) / Vivek, Stellan (Hiker) / Lori, Colby (Pokémon Breeder) / Presta, Calder (Firefighter) / Perri (Pokémon Center Lady)",798,Slowking,Default,Waterium Z,Psychic,Surf,Ice Beam,Trick Room,Quiet,255 HP / 255 Sp. Def,255,0,0,0,0,255,31 all,31 all,Oblivious (1/3) / Own Tempo (1/3) / Regenerator (1/3),PID-derived species ratio (sex_vector=127),255,NPC + Agency,"93,94,95,110,111,126,140,141,176,177,180,181,187",Trainer IDs 90-189 (31 IV),Oblivious / Own Tempo / Regenerator,127
"Cal, Tivon, Robyn (Scientist) / Presta, Calder (Firefighter)",799,Jellicent,Default,Sitrus Berry,Scald,Hex,Will-O-Wisp,Recover,Bold,255 HP / 255 Defense,255,0,255,0,0,0,31 all,31 all,Water Absorb (1/3) / Cursed Body (1/3) / Damp (1/3),PID-derived species ratio (sex_vector=127),255,NPC + Agency,"93,94,95,180,181",Trainer IDs 90-189 (31 IV),Water Absorb / Cursed Body / Damp,127
"Rendor (Police Officer) / Chucky (Black Belt) / Carrie (Dancer) / Darrel, Jana (Office Worker) / Wally (Pokémon Trainer)",800,Altaria,Default,Wide Lens,Cotton Guard,Sing,Moonblast,Dream Eater,Calm,255 HP / 255 Sp. Def,255,0,0,0,0,255,31 all,31 all,Natural Cure (2/3) / Cloud Nine (1/3),PID-derived species ratio (sex_vector=127),255,NPC + Agency,"90,96,99,144,145,194",Battle Legend/featured IDs 190-205 (31 IV); Trainer IDs 90-189 (31 IV),Natural Cure / Natural Cure / Cloud Nine,127
"Chucky, Iniko, Arnold (Black Belt) / Zed, Edda (Punk Girl) / Sika, Paulo (Janitor) / Donna, Gilroy (Bellhop) / Guzma (Pokémon Trainer)",801,Toxicroak,Default,Wide Lens,Cross Chop,Sucker Punch,Poison Jab,Taunt,Adamant,255 Attack / 255 Speed,0,255,0,255,0,0,31 all,31 all,Anticipation (1/3) / Dry Skin (1/3) / Poison Touch (1/3),PID-derived species ratio (sex_vector=127),255,NPC + Agency,"96,97,98,148,149,162,163,170,171,198",Battle Legend/featured IDs 190-205 (31 IV); Trainer IDs 90-189 (31 IV),Anticipation / Dry Skin / Poison Touch,127
"Cal, Tivon, Robyn (Scientist) / Savir, Harding (Office Worker) / Zed, Edda (Punk Girl)",802,Gothitelle,Default,Bright Powder,Substitute,Flatter,Psych Up,Psychic,Modest,255 HP / 255 Sp. Atk,255,0,0,0,255,0,31 all,31 all,Frisk (1/3) / Competitive (1/3) / Shadow Tag (1/3),PID-derived species ratio (sex_vector=191),255,NPC + Agency,"93,94,95,142,143,148,149",Trainer IDs 90-189 (31 IV),Frisk / Competitive / Shadow Tag,191
"Cal, Tivon, Robyn (Scientist) / Darrel, Jana (Office Worker) / Lori, Colby (Pokémon Breeder)",803,Reuniclus,Default,Toxic Orb,Trick,Psychic,Focus Blast,Recover,Relaxed,255 Defense / 255 Sp. Def,0,0,255,0,0,255,31 all,31 all,Overcoat (1/3) / Magic Guard (1/3) / Regenerator (1/3),PID-derived species ratio (sex_vector=127),255,NPC + Agency,"93,94,95,144,145,176,177",Trainer IDs 90-189 (31 IV),Overcoat / Magic Guard / Regenerator,127
"Iniko, Arnold (Black Belt) / Carrie (Dancer) / Savir, Harding (Office Worker) / Zed, Edda (Punk Girl) / Donna, Gilroy (Bellhop) / Larry, Tony (Cook) / Grimsley, Guzma (Pokémon Trainer)",804,Bisharp,Default,Focus Sash,Taunt,Sucker Punch,Metal Burst,Iron Head,Adamant,255 HP / 255 Attack,255,255,0,0,0,0,31 all,31 all,Defiant (1/3) / Inner Focus (1/3) / Pressure (1/3),PID-derived species ratio (sex_vector=127),255,NPC + Agency,"97,98,99,142,143,148,149,170,171,182,183,192,198",Battle Legend/featured IDs 190-205 (31 IV); Trainer IDs 90-189 (31 IV),Defiant / Inner Focus / Pressure,127
"Iniko, Arnold (Black Belt) / Carrie (Dancer) / Sina (Pokémon Trainer)",805,Abomasnow,Default,Abomasite,Blizzard,Focus Blast,Protect,Ice Shard,Quiet,255 HP / 255 Sp. Atk,255,0,0,0,255,0,31 all,31 all,Snow Warning (2/3) / Soundproof (1/3),PID-derived species ratio (sex_vector=127),255,NPC + Agency,"97,98,99,201",Battle Legend/featured IDs 190-205 (31 IV); Trainer IDs 90-189 (31 IV),Snow Warning / Snow Warning / Soundproof,127
"Chucky, Iniko, Arnold (Black Belt) / Bette (Ace Trainer) / Zed, Edda (Punk Girl) / Dan, Omar (Worker) / Sam, Dennis (Collector)",806,Nidoqueen,Default,Black Sludge,Poison Jab,Dragon Tail,Bulldoze,Earthquake,Adamant,255 HP / 255 Attack,255,255,0,0,0,0,31 all,31 all,Poison Point (1/3) / Rivalry (1/3) / Sheer Force (1/3),Female-only,255,NPC + Agency,"96,97,98,121,148,149,164,165,184,185",Trainer IDs 90-189 (31 IV),Poison Point / Rivalry / Sheer Force,254
"Iniko, Arnold (Black Belt) / Carrie (Dancer) / Bette (Ace Trainer) / Zed, Edda (Punk Girl) / Dan, Omar (Worker) / Sam, Dennis (Collector)",807,Nidoking,Default,Buginium Z,Earthquake,Poison Jab,Megahorn,Protect,Adamant,255 Attack / 255 Speed,0,255,0,255,0,0,31 all,31 all,Poison Point (1/3) / Rivalry (1/3) / Sheer Force (1/3),Male-only,255,NPC + Agency,"97,98,99,121,148,149,164,165,184,185",Trainer IDs 90-189 (31 IV),Poison Point / Rivalry / Sheer Force,0
"Cal, Tivon, Robyn (Scientist) / Dan, Omar (Worker) / Sam, Dennis (Collector)",808,Cradily,Default,Big Root,Stockpile,Protect,Ingrain,Giga Drain,Sassy,255 HP / 255 Defense,255,0,255,0,0,0,31 all,31 all,Suction Cups (2/3) / Storm Drain (1/3),PID-derived species ratio (sex_vector=31),255,NPC + Agency,"93,94,95,164,165,184,185",Trainer IDs 90-189 (31 IV),Suction Cups / Suction Cups / Storm Drain,31
"Rendor (Police Officer) / Variel, Atalanta (Dancer) / Dolly, Joaquin (Rising Star) / Dan, Omar (Worker) / Sam, Dennis (Collector)",809,Armaldo,Default,Choice Band,Cross Poison,Stone Edge,Earthquake,X-Scissor,Adamant,255 HP / 255 Attack,255,255,0,0,0,0,31 all,31 all,Battle Armor (2/3) / Swift Swim (1/3),PID-derived species ratio (sex_vector=31),255,NPC + Agency,"90,100,101,154,156,164,165,184,185",Trainer IDs 90-189 (31 IV),Battle Armor / Battle Armor / Swift Swim,31
"Rendor (Police Officer) / Chucky (Black Belt) / Carrie (Dancer) / Alice, Chen (Sightseer) / Dan, Omar (Worker) / Sam, Dennis (Collector)",810,Rampardos,Default,Sitrus Berry,Head Smash,Earthquake,Rock Slide,Protect,Relaxed,255 Attack / 255 Sp. Def,0,255,0,0,0,255,31 all,31 all,Mold Breaker (2/3) / Sheer Force (1/3),PID-derived species ratio (sex_vector=31),255,NPC + Agency,"90,96,99,158,159,164,165,184,185",Trainer IDs 90-189 (31 IV),Mold Breaker / Mold Breaker / Sheer Force,31
"Rendor (Police Officer) / Harvey, Luke, Heidi, Haley (Aether Foundation) / Savir, Harding (Office Worker) / Dan, Omar (Worker) / Donna, Gilroy (Bellhop) / Lori, Colby (Pokémon Breeder) / Sam, Dennis (Collector)",811,Bastiodon,Default,Sitrus Berry,Metal Burst,Rock Slide,Wide Guard,Curse,Brave,255 HP / 255 Attack,255,255,0,0,0,0,31 all,31 all,Sturdy (2/3) / Soundproof (1/3),PID-derived species ratio (sex_vector=31),255,NPC + Agency,"90,102,103,106,107,142,143,164,165,170,171,176,177,184,185",Trainer IDs 90-189 (31 IV),Sturdy / Sturdy / Soundproof,31
"Rendor (Police Officer) / Harvey, Luke (Aether Foundation) / Stein, Cadel (Scientist) / Xio (Veteran) / Darrel, Jana (Office Worker) / Lori, Colby (Pokémon Breeder) / Larry, Tony (Cook)",812,Shiinotic,Default,Weakness Policy,Moonblast,Grass Knot,Moonlight,Spore,Sassy,255 HP / 255 Sp. Def,255,0,0,0,0,255,31 all,31 all,Illuminate (1/3) / Effect Spore (1/3) / Rain Dish (1/3),PID-derived species ratio (sex_vector=127),255,NPC + Agency,"90,102,103,110,111,127,144,145,176,177,182,183",Trainer IDs 90-189 (31 IV),Illuminate / Effect Spore / Rain Dish,127
"Harvey, Luke, Heidi, Haley (Aether Foundation) / Darrel, Jana (Office Worker)",813,Mismagius,Default,Bright Powder,Power Gem,Protect,Perish Song,Mean Look,Bold,255 HP / 255 Defense,255,0,255,0,0,0,31 all,31 all,Levitate (3/3),PID-derived species ratio (sex_vector=127),255,NPC + Agency,"102,103,106,107,144,145",Trainer IDs 90-189 (31 IV),Levitate / Levitate / Levitate,127
"Carrie, Variel, Atalanta (Dancer) / Dolly, Joaquin (Rising Star) / Dan, Omar (Worker) / Danby, Izel (Pokémon Breeder) / Presta, Calder (Firefighter) / Sam, Dennis (Collector)",814,Carracosta,Default,Weakness Policy,Waterfall,Rock Slide,Aqua Jet,Earthquake,Adamant,255 Attack / 255 Speed,0,255,0,255,0,0,31 all,31 all,Solid Rock (1/3) / Sturdy (1/3) / Swift Swim (1/3),PID-derived species ratio (sex_vector=31),255,NPC + Agency,"99,100,101,154,156,164,165,178,179,180,181,184,185",Trainer IDs 90-189 (31 IV),Solid Rock / Sturdy / Swift Swim,31
"Rendor (Police Officer) / Iniko, Arnold (Black Belt) / Savir, Harding (Office Worker) / Lori, Colby (Pokémon Breeder)",815,Escavalier,Default,Custap Berry,Megahorn,Iron Head,Swagger,Reversal,Adamant,255 HP / 255 Attack,255,255,0,0,0,0,31 all,31 all,Swarm (1/3) / Shell Armor (1/3) / Overcoat (1/3),PID-derived species ratio (sex_vector=127),255,NPC + Agency,"90,97,98,142,143,176,177",Trainer IDs 90-189 (31 IV),Swarm / Shell Armor / Overcoat,127
"Carrie (Dancer) / Granville, Raz (Ace Trainer) / Leena, Buddy (Youth Athlete)",816,Accelgor,Default,Focus Sash,Bug Buzz,Encore,Focus Blast,Protect,Timid,255 Speed / 255 Sp. Atk,0,0,0,255,255,0,31 all,31 all,Hydration (1/3) / Sticky Hold (1/3) / Unburden (1/3),PID-derived species ratio (sex_vector=127),255,NPC + Agency,"99,104,105,150,151",Trainer IDs 90-189 (31 IV),Hydration / Sticky Hold / Unburden,127
"Rendor (Police Officer) / Chucky (Black Belt) / Carrie (Dancer) / Zed, Edda (Punk Girl) / Hilario, Thamina (Youth Athlete) / Sika, Paulo (Janitor) / Presta, Calder (Firefighter) / Plumeria (Pokémon Trainer) / Kiawe (Captain)",817,Salazzle,Default,Firium Z,Overheat,Sludge Wave,Dragon Pulse,Fake Out,Modest,255 Speed / 255 Sp. Atk,0,0,0,255,255,0,31 all,31 all,Corrosion (2/3) / Oblivious (1/3),Female-only,255,NPC + Agency,"90,96,99,148,149,152,153,162,163,180,181,197,199",Battle Legend/featured IDs 190-205 (31 IV); Trainer IDs 90-189 (31 IV),Corrosion / Corrosion / Oblivious,254
"Harvey, Luke, Heidi, Haley (Aether Foundation) / Darrel, Jana (Office Worker)",818,Drifblim,Default,Custap Berry,Shadow Ball,Thunderbolt,Hypnosis,Destiny Bond,Bold,255 Speed / 255 Sp. Def,0,0,0,255,0,255,31 all,31 all,Aftermath (1/3) / Unburden (1/3) / Flare Boost (1/3),PID-derived species ratio (sex_vector=127),255,NPC + Agency,"102,103,106,107,144,145",Trainer IDs 90-189 (31 IV),Aftermath / Unburden / Flare Boost,127
"Harvey, Luke, Heidi, Haley (Aether Foundation) / Mallow (Captain)",819,Toucannon,Default,Rocky Helmet,Beak Blast,Roost,Tailwind,Overheat,Impish,255 HP / 255 Defense,255,0,255,0,0,0,31 all,31 all,Keen Eye (1/3) / Skill Link (1/3) / Sheer Force (1/3),PID-derived species ratio (sex_vector=127),255,NPC + Agency,"102,103,106,107,200",Battle Legend/featured IDs 190-205 (31 IV); Trainer IDs 90-189 (31 IV),Keen Eye / Skill Link / Sheer Force,127
"Cal, Tivon, Robyn (Scientist) / Sina (Pokémon Trainer)",820,Oranguru,Default,Electrium Z,Foul Play,Psychic,Focus Blast,Thunder,Modest,255 HP / 255 Sp. Atk,255,0,0,0,255,0,31 all,31 all,Inner Focus (1/3) / Telepathy (1/3) / Symbiosis (1/3),PID-derived species ratio (sex_vector=127),255,NPC + Agency,"93,94,95,201",Battle Legend/featured IDs 190-205 (31 IV); Trainer IDs 90-189 (31 IV),Inner Focus / Telepathy / Symbiosis,127
"Cal, Tivon, Robyn (Scientist) / Darrel, Jana (Office Worker)",821,Komala,Default,Normalium Z,Thrash,Play Rough,Wood Hammer,Sucker Punch,Adamant,255 HP / 255 Attack,255,255,0,0,0,0,31 all,31 all,Comatose (3/3),PID-derived species ratio (sex_vector=127),255,NPC + Agency,"93,94,95,144,145",Trainer IDs 90-189 (31 IV),Comatose / Comatose / Comatose,127
"Harvey, Luke, Heidi, Haley (Aether Foundation) / Bette (Ace Trainer) / Zed, Edda (Punk Girl) / Sika, Paulo (Janitor)",822,Muk,Default,Quick Claw,Gunk Shot,Shadow Sneak,Brick Break,Explosion,Adamant,255 HP / 255 Attack,255,255,0,0,0,0,31 all,31 all,Stench (1/3) / Sticky Hold (1/3) / Poison Touch (1/3),PID-derived species ratio (sex_vector=127),255,NPC + Agency,"102,103,106,107,121,148,149,162,163",Trainer IDs 90-189 (31 IV),Stench / Sticky Hold / Poison Touch,127
"Rendor (Police Officer) / Harvey, Luke (Aether Foundation) / Bette (Ace Trainer) / Zed, Edda (Punk Girl) / Christian, Ezra (Sightseer) / Sika, Paulo (Janitor) / Plumeria (Pokémon Trainer)",823,Gengar,Default,Gengarite,Sludge Bomb,Thunderbolt,Shadow Ball,Destiny Bond,Timid,255 Speed / 255 Sp. Atk,0,0,0,255,255,0,31 all,31 all,Cursed Body (3/3),PID-derived species ratio (sex_vector=127),255,NPC + Agency,"90,102,103,121,148,149,160,161,162,163,197",Battle Legend/featured IDs 190-205 (31 IV); Trainer IDs 90-189 (31 IV),Cursed Body / Cursed Body / Cursed Body,127
"Rendor (Police Officer) / Chucky (Black Belt) / Carrie (Dancer) / Munin (Ace Trainer) / Kikujiro (Veteran) / Savir, Harding (Office Worker) / Dan, Omar (Worker)",824,Ampharos,Default,Ampharosite,Thunder,Focus Blast,Dragon Pulse,Confuse Ray,Quiet,255 HP / 255 Sp. Atk,255,0,0,0,255,0,31 all,31 all,Static (2/3) / Plus (1/3),PID-derived species ratio (sex_vector=127),255,NPC + Agency,"90,96,99,118,122,142,143,164,165",Trainer IDs 90-189 (31 IV),Static / Static / Plus,127
"Carrie, Variel, Atalanta (Dancer) / Darrel, Jana (Office Worker) / Dolly, Joaquin (Rising Star) / Sika, Paulo (Janitor) / Presta, Calder (Firefighter)",825,Politoed,Default,Wide Lens,Hydro Pump,Blizzard,Focus Blast,Hypnosis,Modest,255 Sp. Atk / 255 Sp. Def,0,0,0,0,255,255,31 all,31 all,Water Absorb (1/3) / Damp (1/3) / Drizzle (1/3),PID-derived species ratio (sex_vector=127),255,NPC + Agency,"99,100,101,144,145,154,156,162,163,180,181",Trainer IDs 90-189 (31 IV),Water Absorb / Damp / Drizzle,127
"Rendor (Police Officer) / Harvey, Luke (Aether Foundation) / Hashim (Ace Trainer) / Sam, Dennis (Collector) / Guzma (Pokémon Trainer)",826,Pinsir,Default,Choice Scarf,X-Scissor,Earthquake,Close Combat,Guillotine,Jolly,255 Attack / 255 Speed,0,255,0,255,0,0,31 all,31 all,Hyper Cutter (1/3) / Mold Breaker (1/3) / Moxie (1/3),PID-derived species ratio (sex_vector=127),255,NPC + Agency,"90,102,103,117,184,185,198",Battle Legend/featured IDs 190-205 (31 IV); Trainer IDs 90-189 (31 IV),Hyper Cutter / Mold Breaker / Moxie,127
"Rendor (Police Officer) / Chucky (Black Belt) / Carrie (Dancer) / Hashim (Ace Trainer) / Savir, Harding (Office Worker) / Donna, Gilroy (Bellhop) / Sam, Dennis (Collector)",827,Scizor,Default,Scizorite,X-Scissor,Aerial Ace,Roost,Bullet Punch,Adamant,255 HP / 255 Attack,255,255,0,0,0,0,31 all,31 all,Swarm (1/3) / Technician (1/3) / Light Metal (1/3),PID-derived species ratio (sex_vector=127),255,NPC + Agency,"90,96,99,117,142,143,170,171,184,185",Trainer IDs 90-189 (31 IV),Swarm / Technician / Light Metal,127
"Rendor (Police Officer) / Chucky (Black Belt) / Carrie (Dancer) / Hashim (Ace Trainer) / Donna, Gilroy (Bellhop)",828,Heracross,Default,Heracronite,Pin Missile,Rock Blast,Bullet Seed,Close Combat,Adamant,255 HP / 255 Attack,255,255,0,0,0,0,31 all,31 all,Swarm (1/3) / Guts (1/3) / Moxie (1/3),PID-derived species ratio (sex_vector=127),255,NPC + Agency,"90,96,99,117,170,171",Trainer IDs 90-189 (31 IV),Swarm / Guts / Moxie,127
"Chucky (Black Belt) / Harvey, Luke, Heidi, Haley (Aether Foundation) / Donna, Gilroy (Bellhop)",829,Ursaring,Default,Quick Claw,Return,Cross Chop,Earthquake,Aerial Ace,Adamant,255 HP / 255 Attack,255,255,0,0,0,0,31 all,31 all,Guts (1/3) / Quick Feet (1/3) / Unnerve (1/3),PID-derived species ratio (sex_vector=127),255,NPC + Agency,"96,102,103,106,107,170,171",Trainer IDs 90-189 (31 IV),Guts / Quick Feet / Unnerve,127
"Carrie (Dancer) / Lea, Sylvia (Ace Trainer) / Zed, Edda (Punk Girl) / Erix, Marianne (Rising Star) / Larry, Tony (Cook) / Grimsley (Pokémon Trainer)",830,Houndoom,Default,Houndoominite,Fire Blast,Dark Pulse,Solar Beam,Sunny Day,Timid,255 Speed / 255 Sp. Atk,0,0,0,255,255,0,31 all,31 all,Early Bird (1/3) / Flash Fire (1/3) / Unnerve (1/3),PID-derived species ratio (sex_vector=127),255,NPC + Agency,"99,108,109,148,149,155,157,182,183,192",Battle Legend/featured IDs 190-205 (31 IV); Trainer IDs 90-189 (31 IV),Early Bird / Flash Fire / Unnerve,127
"Rendor (Police Officer) / Chucky (Black Belt) / Carrie (Dancer) / Xenophon (Veteran) / Darrel, Jana (Office Worker) / Mallow (Captain)",831,Tsareena,Default,Choice Scarf,Trop Kick,High Jump Kick,Play Rough,U-turn,Jolly,255 Attack / 255 Speed,0,255,0,255,0,0,31 all,31 all,Leaf Guard (1/3) / Queenly Majesty (1/3) / Sweet Veil (1/3),Female-only,255,NPC + Agency,"90,96,99,123,144,145,200",Battle Legend/featured IDs 190-205 (31 IV); Trainer IDs 90-189 (31 IV),Leaf Guard / Queenly Majesty / Sweet Veil,254
"Rendor (Police Officer) / Harvey, Luke (Aether Foundation) / Presta, Calder (Firefighter)",832,Wailord,Default,Zoom Lens,Hydro Pump,Blizzard,Fissure,Hyper Beam,Modest,255 HP / 255 Sp. Atk,255,0,0,0,255,0,31 all,31 all,Water Veil (1/3) / Oblivious (1/3) / Pressure (1/3),PID-derived species ratio (sex_vector=127),255,NPC + Agency,"90,102,103,180,181",Trainer IDs 90-189 (31 IV),Water Veil / Oblivious / Pressure,127
"Rendor (Police Officer) / Chucky (Black Belt) / Carrie (Dancer) / Donna, Gilroy (Bellhop) / Dexio (Pokémon Trainer)",833,Passimian,Default,Hard Stone,Close Combat,Rock Slide,Feint,Fling,Adamant,255 Attack / 255 Speed,0,255,0,255,0,0,31 all,31 all,Receiver (2/3) / Defiant (1/3),PID-derived species ratio (sex_vector=127),255,NPC + Agency,"90,96,99,170,171,202",Battle Legend/featured IDs 190-205 (31 IV); Trainer IDs 90-189 (31 IV),Receiver / Receiver / Defiant,127
"Cal, Tivon, Robyn, Stein, Cadel (Scientist) / Vivek, Stellan (Hiker) / Savir, Harding (Office Worker) / Danby, Izel (Pokémon Breeder)",834,Bronzong,Default,Steelium Z,Safeguard,Rock Slide,Gyro Ball,Trick Room,Brave,255 HP / 255 Attack,255,255,0,0,0,0,31 all,31 all,Levitate (1/3) / Heatproof (1/3) / Heavy Metal (1/3),Genderless,255,NPC + Agency,"93,94,95,110,111,140,141,142,143,178,179",Trainer IDs 90-189 (31 IV),Levitate / Heatproof / Heavy Metal,255
"Iniko, Arnold (Black Belt) / Carrie (Dancer) / Bette (Ace Trainer) / Zed, Edda (Punk Girl) / Sika, Paulo (Janitor) / Grimsley (Pokémon Trainer)",835,Drapion,Default,Razor Claw,Cross Poison,Night Slash,Earthquake,Swords Dance,Careful,255 HP / 255 Attack,255,255,0,0,0,0,31 all,31 all,Battle Armor (1/3) / Sniper (1/3) / Keen Eye (1/3),PID-derived species ratio (sex_vector=127),255,NPC + Agency,"97,98,99,121,148,149,162,163,192",Battle Legend/featured IDs 190-205 (31 IV); Trainer IDs 90-189 (31 IV),Battle Armor / Sniper / Keen Eye,127
"Cal, Tivon, Robyn (Scientist) / Sika, Paulo (Janitor) / Larry, Tony (Cook)",836,Crabominable,Default,Weakness Policy,Close Combat,Ice Hammer,Rock Slide,Protect,Impish,255 Attack / 255 Defense,0,255,255,0,0,0,31 all,31 all,Hyper Cutter (1/3) / Iron Fist (1/3) / Anger Point (1/3),PID-derived species ratio (sex_vector=127),255,NPC + Agency,"93,94,95,162,163,182,183",Trainer IDs 90-189 (31 IV),Hyper Cutter / Iron Fist / Anger Point,127
"Rendor (Police Officer) / Harvey, Luke (Aether Foundation) / Darrel, Jana (Office Worker) / Patrick, Susanna (Golfer) / Presta, Calder (Firefighter) / Larry, Tony (Cook) / Dexio, Kukui (Pokémon Trainer)",837,Ninetales,Alolan,Psychium Z,Freeze-Dry,Dazzling Gleam,Extrasensory,Ice Shard,Timid,255 HP / 255 Speed,255,0,0,255,0,0,31 all,31 all,Snow Cloak (2/3) / Snow Warning (1/3),PID-derived species ratio (sex_vector=191),255,NPC + Agency,"90,102,103,144,145,172,175,180,181,182,183,202,205",Battle Legend/featured IDs 190-205 (31 IV); Trainer IDs 90-189 (31 IV),Snow Cloak / Snow Cloak / Snow Warning,191
"Rendor (Police Officer) / Chucky (Black Belt) / Carrie (Dancer) / Dan, Omar (Worker) / Donna, Gilroy (Bellhop) / Presta, Calder (Firefighter) / Blue (Battle Legend)",838,Machamp,Default,Flame Orb,Protect,Earthquake,Close Combat,Payback,Adamant,255 Attack / 255 Sp. Def,0,255,0,0,0,255,31 all,31 all,Guts (1/3) / No Guard (1/3) / Steadfast (1/3),PID-derived species ratio (sex_vector=63),255,NPC + Agency,"90,96,99,164,165,170,171,180,181,191",Battle Legend/featured IDs 190-205 (31 IV); Trainer IDs 90-189 (31 IV),Guts / No Guard / Steadfast,63
"Lou, Benji (Police Officer) / Carrie (Dancer) / Hashim (Ace Trainer) / Vivek, Stellan (Hiker) / Savir, Harding (Office Worker) / Sika, Paulo (Janitor) / Lori, Colby (Pokémon Breeder)",839,Shuckle,Default,Leftovers,Toxic,Protect,Sandstorm,Wrap,Relaxed,255 HP / 255 Defense,255,0,255,0,0,0,31 all,31 all,Sturdy (1/3) / Gluttony (1/3) / Contrary (1/3),PID-derived species ratio (sex_vector=127),255,NPC + Agency,"91,92,99,117,140,141,142,143,162,163,176,177",Trainer IDs 90-189 (31 IV),Sturdy / Gluttony / Contrary,127
"Rendor (Police Officer) / Chucky (Black Belt) / Carrie (Dancer) / Xio (Veteran) / Darrel, Jana (Office Worker) / Sika, Paulo (Janitor)",840,Mimikyu,Default,Rocky Helmet,Play Rough,Shadow Claw,Destiny Bond,Shadow Sneak,Adamant,255 Attack / 255 Speed,0,255,0,255,0,0,31 all,31 all,Disguise (3/3),PID-derived species ratio (sex_vector=127),255,NPC + Agency,"90,96,99,127,144,145,162,163",Trainer IDs 90-189 (31 IV),Disguise / Disguise / Disguise,127
"Rendor (Police Officer) / Harvey, Luke (Aether Foundation) / Poppy (Ace Trainer) / Zed, Edda (Punk Girl) / Guzma (Pokémon Trainer)",841,Honchkrow,Default,Life Orb,Night Slash,Drill Peck,Sucker Punch,Thunder Wave,Adamant,255 HP / 255 Attack,255,255,0,0,0,0,31 all,31 all,Insomnia (1/3) / Super Luck (1/3) / Moxie (1/3),PID-derived species ratio (sex_vector=127),255,NPC + Agency,"90,102,103,119,148,149,198",Battle Legend/featured IDs 190-205 (31 IV); Trainer IDs 90-189 (31 IV),Insomnia / Super Luck / Moxie,127
"Lou, Benji (Police Officer) / Carrie (Dancer) / Hashim (Ace Trainer) / Vivek, Stellan (Hiker) / Sika, Paulo (Janitor) / Lori, Colby (Pokémon Breeder)",842,Gigalith,Default,Leftovers,Rock Slide,Stealth Rock,Curse,Earthquake,Quiet,255 HP / 255 Sp. Def,255,0,0,0,0,255,31 all,31 all,Sturdy (1/3) / Sand Stream (1/3) / Sand Force (1/3),PID-derived species ratio (sex_vector=127),255,NPC + Agency,"91,92,99,117,140,141,162,163,176,177",Trainer IDs 90-189 (31 IV),Sturdy / Sand Stream / Sand Force,127
"Cal, Tivon, Robyn (Scientist) / Alice, Chen (Sightseer) / Dan, Omar (Worker) / Donna, Gilroy (Bellhop) / Presta, Calder (Firefighter)",843,Conkeldurr,Default,Iron Ball,Fling,Rock Slide,Superpower,Mach Punch,Brave,255 Attack / 255 Sp. Def,0,255,0,0,0,255,31 all,31 all,Guts (1/3) / Sheer Force (1/3) / Iron Fist (1/3),PID-derived species ratio (sex_vector=63),255,NPC + Agency,"93,94,95,158,159,164,165,170,171,180,181",Trainer IDs 90-189 (31 IV),Guts / Sheer Force / Iron Fist,63
"Lou, Benji (Police Officer) / Heidi (Aether Foundation) / Savir, Harding (Office Worker) / Dan, Omar (Worker) / Donna, Gilroy (Bellhop)",844,Excadrill,Default,Life Orb,Earthquake,Aerial Ace,Poison Jab,Rock Slide,Adamant,170 Attack / 170 Defense / 170 Sp. Def,0,170,170,0,0,170,31 all,31 all,Sand Rush (1/3) / Sand Force (1/3) / Mold Breaker (1/3),PID-derived species ratio (sex_vector=127),255,NPC + Agency,"91,92,106,142,143,164,165,170,171",Trainer IDs 90-189 (31 IV),Sand Rush / Sand Force / Mold Breaker,127
"Cal, Tivon, Robyn (Scientist) / Jo, Tasanee (Dancer) / Hashim (Ace Trainer) / Danby, Izel (Pokémon Breeder) / Presta, Calder (Firefighter) / Larry, Tony (Cook)",845,Wishiwashi,School,Rindo Berry,Ice Beam,Hydro Pump,U-turn,Endeavor,Quiet,255 HP / 255 Sp. Atk,255,0,0,0,255,0,31 all,31 all,Schooling (3/3),PID-derived species ratio (sex_vector=127),255,NPC + Agency,"93,94,95,114,115,117,178,179,180,181,182,183",Trainer IDs 90-189 (31 IV),Schooling / Schooling / Schooling,127
"Lou, Benji (Police Officer) / Cal, Tivon, Robyn (Scientist) / Vivek, Stellan (Hiker) / Savir, Harding (Office Worker) / Sika, Paulo (Janitor) / Dan, Omar (Worker) / Lori, Colby (Pokémon Breeder)",846,Steelix,Default,Steelixite,Gyro Ball,Earthquake,Stone Edge,Sandstorm,Adamant,255 HP / 255 Attack,255,255,0,0,0,0,31 all,31 all,Rock Head (1/3) / Sturdy (1/3) / Sheer Force (1/3),PID-derived species ratio (sex_vector=127),255,NPC + Agency,"91,92,93,94,95,140,141,142,143,162,163,164,165,176,177",Trainer IDs 90-189 (31 IV),Rock Head / Sturdy / Sheer Force,127
"Granville, Raz, Poppy (Ace Trainer) / Heidi (Aether Foundation) / Zed, Edda (Punk Girl) / Leena, Buddy (Youth Athlete)",847,Weavile,Default,Focus Sash,Taunt,Ice Punch,Night Slash,Fake Out,Jolly,255 Attack / 255 Speed,0,255,0,255,0,0,31 all,31 all,Pressure (2/3) / Pickpocket (1/3),PID-derived species ratio (sex_vector=127),255,NPC + Agency,"104,105,106,119,148,149,150,151",Trainer IDs 90-189 (31 IV),Pressure / Pressure / Pickpocket,127
"Lou, Benji (Police Officer) / Heidi (Aether Foundation) / Dan, Omar (Worker)",848,Gliscor,Default,Focus Sash,Earthquake,Acrobatics,U-turn,Counter,Jolly,255 HP / 255 Speed,255,0,0,255,0,0,31 all,31 all,Hyper Cutter (1/3) / Sand Veil (1/3) / Poison Heal (1/3),PID-derived species ratio (sex_vector=127),255,NPC + Agency,"91,92,106,164,165",Trainer IDs 90-189 (31 IV),Hyper Cutter / Sand Veil / Poison Heal,127
"Iniko, Arnold (Black Belt) / Carrie (Dancer) / Poppy (Ace Trainer) / Zed, Edda (Punk Girl) / Donna, Gilroy (Bellhop)",849,Zoroark,Default,Focus Band,Protect,Counter,Dark Pulse,Focus Blast,Timid,255 Speed / 255 Sp. Atk,0,0,0,255,255,0,31 all,31 all,Illusion (3/3),PID-derived species ratio (sex_vector=31),255,NPC + Agency,"97,98,99,119,148,149,170,171",Trainer IDs 90-189 (31 IV),Illusion / Illusion / Illusion,31
"Rendor (Police Officer) / Harvey, Luke (Aether Foundation) / Poppy (Ace Trainer) / Zed, Edda (Punk Girl) / Sina (Pokémon Trainer)",850,Mandibuzz,Default,Leftovers,Substitute,Swagger,Punishment,Roost,Careful,170 HP / 170 Defense / 170 Sp. Def,170,0,170,0,0,170,31 all,31 all,Big Pecks (1/3) / Overcoat (1/3) / Weak Armor (1/3),Female-only,255,NPC + Agency,"90,102,103,119,148,149,201",Battle Legend/featured IDs 190-205 (31 IV); Trainer IDs 90-189 (31 IV),Big Pecks / Overcoat / Weak Armor,254
"Rendor (Police Officer) / Harvey, Luke (Aether Foundation) / Dexio, Kukui (Pokémon Trainer)",851,Braviary,Default,Wacan Berry,Brave Bird,Tailwind,Superpower,Giga Impact,Adamant,255 Attack / 255 Speed,0,255,0,255,0,0,31 all,31 all,Keen Eye (1/3) / Sheer Force (1/3) / Defiant (1/3),Male-only,255,NPC + Agency,"90,102,103,202,205",Battle Legend/featured IDs 190-205 (31 IV); Trainer IDs 90-189 (31 IV),Keen Eye / Sheer Force / Defiant,0
"Rendor (Police Officer) / Harvey, Luke (Aether Foundation) / Bette (Ace Trainer) / Zed, Edda (Punk Girl) / Dolly, Joaquin (Rising Star) / Sika, Paulo (Janitor) / Patrick, Susanna (Golfer) / Presta, Calder (Firefighter)",852,Tentacruel,Default,Black Sludge,Surf,Toxic,Venoshock,Protect,Bold,255 HP / 255 Defense,255,0,255,0,0,0,31 all,31 all,Clear Body (1/3) / Liquid Ooze (1/3) / Rain Dish (1/3),PID-derived species ratio (sex_vector=127),255,NPC + Agency,"90,102,103,121,148,149,154,156,162,163,172,175,180,181",Trainer IDs 90-189 (31 IV),Clear Body / Liquid Ooze / Rain Dish,127
"Granville, Raz, Hashim (Ace Trainer) / Heidi (Aether Foundation) / Leena, Buddy (Youth Athlete) / Presta, Calder (Firefighter) / Sam, Dennis (Collector) / Blue (Battle Legend)",853,Aerodactyl,Default,Choice Band,Stone Edge,Aerial Ace,Earthquake,Crunch,Jolly,255 Attack / 255 Speed,0,255,0,255,0,0,31 all,31 all,Rock Head (1/3) / Pressure (1/3) / Unnerve (1/3),PID-derived species ratio (sex_vector=31),255,NPC + Agency,"104,105,106,117,150,151,180,181,184,185,191",Battle Legend/featured IDs 190-205 (31 IV); Trainer IDs 90-189 (31 IV),Rock Head / Pressure / Unnerve,31
"Harvey, Luke, Heidi, Haley (Aether Foundation) / Tamah (Ace Trainer) / Savir, Harding (Office Worker) / Sam, Dennis (Collector) / Colress (Pokémon Trainer)",854,Porygon2,Default,Eviolite,Tri Attack,Thunder Wave,Shadow Ball,Ice Beam,Modest,255 HP / 255 Sp. Atk,255,0,0,0,255,0,31 all,31 all,Trace (1/3) / Download (1/3) / Analytic (1/3),Genderless,255,NPC + Agency,"102,103,106,107,120,142,143,184,185,195",Battle Legend/featured IDs 190-205 (31 IV); Trainer IDs 90-189 (31 IV),Trace / Download / Analytic,255
"Lou, Benji (Police Officer) / Heidi (Aether Foundation) / Sika, Paulo (Janitor) / Dan, Omar (Worker) / Danby, Izel (Pokémon Breeder) / Presta, Calder (Firefighter)",855,Palossand,Default,Weakness Policy,Earth Power,Shadow Ball,Giga Drain,Destiny Bond,Calm,255 HP / 255 Sp. Def,255,0,0,0,0,255,31 all,31 all,Water Compaction (2/3) / Sand Veil (1/3),PID-derived species ratio (sex_vector=127),255,NPC + Agency,"91,92,106,162,163,164,165,178,179,180,181",Trainer IDs 90-189 (31 IV),Water Compaction / Water Compaction / Sand Veil,127
"Harvey, Luke, Heidi (Aether Foundation) / Hashim (Ace Trainer)",856,Yanmega,Default,King's Rock,Bug Buzz,Air Slash,Detect,Shadow Ball,Modest,255 Speed / 255 Sp. Atk,0,0,0,255,255,0,31 all,31 all,Speed Boost (1/3) / Tinted Lens (1/3) / Frisk (1/3),PID-derived species ratio (sex_vector=127),255,NPC + Agency,"102,103,106,117",Trainer IDs 90-189 (31 IV),Speed Boost / Tinted Lens / Frisk,127
"Rendor (Police Officer) / Carrie (Dancer) / Heidi (Aether Foundation) / Tamah (Ace Trainer) / Aino, Xio (Veteran) / Savir, Harding, Darrel, Jana (Office Worker) / Donna, Gilroy (Bellhop) / Perri (Pokémon Center Lady)",857,Gardevoir,Default,Gardevoirite,Psychic,Hyper Beam,Shadow Ball,Focus Blast,Modest,255 HP / 255 Sp. Atk,255,0,0,0,255,0,31 all,31 all,Synchronize (1/3) / Trace (1/3) / Telepathy (1/3),PID-derived species ratio (sex_vector=127),255,NPC + Agency,"90,99,106,120,126,127,142,143,144,145,170,171,187",Trainer IDs 90-189 (31 IV),Synchronize / Trace / Telepathy,127
"Rendor (Police Officer) / Chucky (Black Belt) / Heidi (Aether Foundation) / Bette (Ace Trainer) / Aino (Veteran) / Savir, Harding (Office Worker) / Donna, Gilroy (Bellhop) / Wally (Pokémon Trainer)",858,Gallade,Default,Galladite,Psycho Cut,Close Combat,Rock Slide,Destiny Bond,Jolly,255 Attack / 255 Speed,0,255,0,255,0,0,31 all,31 all,Steadfast (2/3) / Justified (1/3),Male-only,255,NPC + Agency,"90,96,106,121,126,142,143,170,171,194",Battle Legend/featured IDs 190-205 (31 IV); Trainer IDs 90-189 (31 IV),Steadfast / Steadfast / Justified,0
"Heidi (Aether Foundation) / Lea, Sylvia, Levi, Munin (Ace Trainer) / Jo, Tasanee (Dancer) / Xenophon (Veteran) / Erix, Marianne (Rising Star) / Larry, Tony (Cook)",859,Exeggutor,Alolan,Assault Vest,Dragon Hammer,Wood Hammer,Earthquake,Brick Break,Brave,255 HP / 255 Attack,255,255,0,0,0,0,31 all,31 all,Frisk (2/3) / Harvest (1/3),PID-derived species ratio (sex_vector=127),255,NPC + Agency,"106,108,109,114,115,116,118,123,155,157,182,183",Trainer IDs 90-189 (31 IV),Frisk / Frisk / Harvest,127
"Rendor (Police Officer) / Harvey, Luke (Aether Foundation) / Levi (Ace Trainer) / Hilario, Thamina (Youth Athlete) / Sika, Paulo (Janitor) / Presta, Calder (Firefighter)",860,Starmie,Default,King's Rock,Surf,Psychic,Thunderbolt,Ice Beam,Timid,255 Speed / 255 Sp. Atk,0,0,0,255,255,0,31 all,31 all,Illuminate (1/3) / Natural Cure (1/3) / Analytic (1/3),Genderless,255,NPC + Agency,"90,102,103,116,152,153,162,163,180,181",Trainer IDs 90-189 (31 IV),Illuminate / Natural Cure / Analytic,255
"Lou, Benji (Police Officer) / Heidi (Aether Foundation) / Munin, Tamah (Ace Trainer) / Dan, Omar (Worker) / Patrick, Susanna (Golfer) / Larry, Tony (Cook)",861,Flygon,Default,Rockium Z,Earthquake,Dragon Rush,Crunch,Stone Edge,Adamant,255 Attack / 255 Speed,0,255,0,255,0,0,31 all,31 all,Levitate (3/3),PID-derived species ratio (sex_vector=127),255,NPC + Agency,"91,92,106,118,120,164,165,172,175,182,183",Trainer IDs 90-189 (31 IV),Levitate / Levitate / Levitate,127
"Rendor (Police Officer) / Harvey, Luke, Heidi, Haley (Aether Foundation) / Poppy (Ace Trainer) / Savir, Harding (Office Worker) / Dan, Omar (Worker) / Colress (Pokémon Trainer)",862,Klinklang,Default,Leftovers,Flash Cannon,Thunderbolt,Protect,Toxic,Modest,255 Speed / 255 Sp. Atk,0,0,0,255,255,0,31 all,31 all,Plus (1/3) / Minus (1/3) / Clear Body (1/3),Genderless,255,NPC + Agency,"90,102,103,106,107,119,142,143,164,165,195",Battle Legend/featured IDs 190-205 (31 IV); Trainer IDs 90-189 (31 IV),Plus / Minus / Clear Body,255
"Cal, Tivon, Robyn (Scientist) / Lea, Sylvia, Bette (Ace Trainer) / Christian, Ezra (Sightseer) / Larry, Tony (Cook)",863,Chandelure,Default,Leftovers,Calm Mind,Will-O-Wisp,Shadow Ball,Heat Wave,Bold,255 HP / 255 Sp. Def,255,0,0,0,0,255,31 all,31 all,Flash Fire (1/3) / Flame Body (1/3) / Infiltrator (1/3),PID-derived species ratio (sex_vector=127),255,NPC + Agency,"93,94,95,108,109,121,160,161,182,183",Trainer IDs 90-189 (31 IV),Flash Fire / Flame Body / Infiltrator,127
"Rendor (Police Officer) / Harvey, Luke (Aether Foundation) / Sika, Paulo (Janitor) / Moe, Bruce (Golfer) / Presta, Calder (Firefighter)",864,Vaporeon,Default,Expert Belt,Surf,Ice Beam,Shadow Ball,Baby-Doll Eyes,Modest,255 HP / 255 Sp. Atk,255,0,0,0,255,0,31 all,31 all,Water Absorb (2/3) / Hydration (1/3),PID-derived species ratio (sex_vector=31),255,NPC + Agency,"90,102,103,162,163,173,174,180,181",Trainer IDs 90-189 (31 IV),Water Absorb / Water Absorb / Hydration,31
"Granville, Raz, Munin (Ace Trainer) / Heidi (Aether Foundation) / Kikujiro (Veteran) / Leena, Buddy (Youth Athlete) / Dan, Omar (Worker) / Moe, Bruce (Golfer)",865,Jolteon,Default,Darkinium Z,Thunderbolt,Hyper Beam,Fake Tears,Shadow Ball,Timid,255 Speed / 255 Sp. Atk,0,0,0,255,255,0,31 all,31 all,Volt Absorb (2/3) / Quick Feet (1/3),PID-derived species ratio (sex_vector=31),255,NPC + Agency,"104,105,106,118,122,150,151,164,165,173,174",Trainer IDs 90-189 (31 IV),Volt Absorb / Volt Absorb / Quick Feet,31
"Rendor (Police Officer) / Harvey, Luke (Aether Foundation) / Moe, Bruce (Golfer) / Presta, Calder (Firefighter) / Larry, Tony (Cook)",866,Flareon,Default,Firium Z,Bite,Quick Attack,Giga Impact,Flare Blitz,Adamant,255 Attack / 255 Sp. Def,0,255,0,0,0,255,31 all,31 all,Flash Fire (2/3) / Guts (1/3),PID-derived species ratio (sex_vector=31),255,NPC + Agency,"90,102,103,173,174,180,181,182,183",Trainer IDs 90-189 (31 IV),Flash Fire / Flash Fire / Guts,31
"Rendor (Police Officer) / Harvey, Luke (Aether Foundation) / Levi (Ace Trainer) / Christian, Ezra (Sightseer) / Moe, Bruce (Golfer) / Dexio (Pokémon Trainer)",867,Espeon,Default,Expert Belt,Psychic,Shadow Ball,Grass Knot,Dazzling Gleam,Timid,255 Speed / 255 Sp. Atk,0,0,0,255,255,0,31 all,31 all,Synchronize (2/3) / Magic Bounce (1/3),PID-derived species ratio (sex_vector=31),255,NPC + Agency,"90,102,103,116,160,161,173,174,202",Battle Legend/featured IDs 190-205 (31 IV); Trainer IDs 90-189 (31 IV),Synchronize / Synchronize / Magic Bounce,31
"Rendor (Police Officer) / Harvey, Luke (Aether Foundation) / Poppy (Ace Trainer) / Zed, Edda (Punk Girl) / Moe, Bruce (Golfer)",868,Umbreon,Default,Chesto Berry,Curse,Trump Card,Payback,Rest,Careful,255 HP / 255 Defense,255,0,255,0,0,0,31 all,31 all,Synchronize (2/3) / Inner Focus (1/3),PID-derived species ratio (sex_vector=31),255,NPC + Agency,"90,102,103,119,148,149,173,174",Trainer IDs 90-189 (31 IV),Synchronize / Synchronize / Inner Focus,31
"Heidi (Aether Foundation) / Lea, Sylvia, Munin (Ace Trainer) / Erix, Marianne (Rising Star) / Moe, Bruce (Golfer)",869,Leafeon,Default,Quick Claw,Leaf Blade,X-Scissor,Aerial Ace,Detect,Adamant,255 Attack / 255 Defense,0,255,255,0,0,0,31 all,31 all,Leaf Guard (2/3) / Chlorophyll (1/3),PID-derived species ratio (sex_vector=31),255,NPC + Agency,"106,108,109,118,155,157,173,174",Trainer IDs 90-189 (31 IV),Leaf Guard / Leaf Guard / Chlorophyll,31
"Iniko, Arnold (Black Belt) / Heidi (Aether Foundation) / Christian, Ezra (Sightseer) / Moe, Bruce (Golfer) / Larry, Tony (Cook) / Sina (Pokémon Trainer)",870,Glaceon,Default,Bright Powder,Blizzard,Shadow Ball,Aurora Veil,Detect,Modest,255 Defense / 255 Sp. Atk,0,0,255,0,255,0,31 all,31 all,Snow Cloak (2/3) / Ice Body (1/3),PID-derived species ratio (sex_vector=31),255,NPC + Agency,"97,98,106,160,161,173,174,182,183,201",Battle Legend/featured IDs 190-205 (31 IV); Trainer IDs 90-189 (31 IV),Snow Cloak / Snow Cloak / Ice Body,31
"Rendor (Police Officer) / Chucky (Black Belt) / Heidi (Aether Foundation) / Poppy, Bette (Ace Trainer) / Savir, Harding (Office Worker) / Donna, Gilroy (Bellhop) / Anabel, Cynthia (Pokémon Trainer)",871,Lucario,Default,Weakness Policy,Aura Sphere,Dragon Pulse,Stone Edge,Extreme Speed,Serious,170 Attack / 170 Speed / 170 Sp. Atk,0,170,0,170,170,0,31 all,31 all,Steadfast (1/3) / Inner Focus (1/3) / Justified (1/3),PID-derived species ratio (sex_vector=31),255,NPC + Agency,"90,96,106,119,121,142,143,170,171,193,196",Battle Legend/featured IDs 190-205 (31 IV); Trainer IDs 90-189 (31 IV),Steadfast / Inner Focus / Justified,31
"Lou, Benji (Police Officer) / Heidi (Aether Foundation) / Tamah (Ace Trainer) / Vivek, Stellan (Hiker) / Sika, Paulo (Janitor) / Dan, Omar (Worker) / Presta, Calder (Firefighter)",872,Hippowdon,Default,Chesto Berry,Curse,Rest,Earthquake,Crunch,Sassy,255 HP / 255 Sp. Def,255,0,0,0,0,255,31 all,31 all,Sand Stream (2/3) / Sand Force (1/3),PID-derived species ratio (sex_vector=127),255,NPC + Agency,"91,92,106,120,140,141,162,163,164,165,180,181",Trainer IDs 90-189 (31 IV),Sand Stream / Sand Stream / Sand Force,127
"Iniko, Arnold (Black Belt) / Heidi (Aether Foundation) / Zed, Edda (Punk Girl) / Grimsley, Guzma (Pokémon Trainer)",873,Liepard,Default,Focus Sash,Dark Pulse,Shadow Ball,Grass Knot,Nasty Plot,Timid,255 Speed / 255 Sp. Atk,0,0,0,255,255,0,31 all,31 all,Limber (1/3) / Unburden (1/3) / Prankster (1/3),PID-derived species ratio (sex_vector=127),255,NPC + Agency,"97,98,106,148,149,192,198",Battle Legend/featured IDs 190-205 (31 IV); Trainer IDs 90-189 (31 IV),Limber / Unburden / Prankster,127
"Cal, Tivon, Robyn, Stein, Cadel (Scientist) / Bette (Ace Trainer) / Vivek, Stellan (Hiker) / Donna, Gilroy (Bellhop)",874,Dusknoir,Default,Ghostium Z,Shadow Sneak,Pain Split,Destiny Bond,Trick Room,Relaxed,255 HP / 255 Sp. Def,255,0,0,0,0,255,31 all,31 all,Pressure (2/3) / Frisk (1/3),PID-derived species ratio (sex_vector=127),255,NPC + Agency,"93,94,95,110,111,121,140,141,170,171",Trainer IDs 90-189 (31 IV),Pressure / Pressure / Frisk,127
"Iniko, Arnold (Black Belt) / Heidi (Aether Foundation) / Darrel, Jana (Office Worker) / Dan, Omar (Worker)",875,Mienshao,Default,Fightinium Z,Feint,Fake Out,High Jump Kick,Wide Guard,Impish,255 HP / 255 Attack,255,255,0,0,0,0,31 all,31 all,Inner Focus (1/3) / Regenerator (1/3) / Reckless (1/3),PID-derived species ratio (sex_vector=127),255,NPC + Agency,"97,98,106,144,145,164,165",Trainer IDs 90-189 (31 IV),Inner Focus / Regenerator / Reckless,127
"Variel, Atalanta (Dancer) / Heidi (Aether Foundation) / Dolly, Joaquin (Rising Star) / Donna, Gilroy (Bellhop)",876,Beartic,Default,Icium Z,Icy Wind,Icicle Crash,Rock Slide,Brick Break,Jolly,255 Attack / 255 Speed,0,255,0,255,0,0,31 all,31 all,Snow Cloak (1/3) / Slush Rush (1/3) / Swift Swim (1/3),PID-derived species ratio (sex_vector=127),255,NPC + Agency,"100,101,106,154,156,170,171",Trainer IDs 90-189 (31 IV),Snow Cloak / Slush Rush / Swift Swim,127
"Iniko, Arnold (Black Belt) / Carrie (Dancer) / Donna, Gilroy (Bellhop)",877,Bouffalant,Default,Life Orb,Earthquake,Head Charge,Payback,Protect,Adamant,255 HP / 255 Attack,255,255,0,0,0,0,31 all,31 all,Reckless (1/3) / Sap Sipper (1/3) / Soundproof (1/3),PID-derived species ratio (sex_vector=127),255,NPC + Agency,"97,98,99,170,171",Trainer IDs 90-189 (31 IV),Reckless / Sap Sipper / Soundproof,127
"Cal, Tivon, Robyn (Scientist) / Boris, Bryson (Black Belt) / Hashim, Poppy (Ace Trainer) / Vivek, Stellan (Hiker) / Savir, Harding (Office Worker) / Sika, Paulo (Janitor) / Dan, Omar (Worker)",878,Aggron,Default,Shuca Berry,Metal Burst,Taunt,Earthquake,Shadow Claw,Brave,255 Attack / 255 Sp. Def,0,255,0,0,0,255,31 all,31 all,Sturdy (1/3) / Rock Head (1/3) / Heavy Metal (1/3),PID-derived species ratio (sex_vector=127),255,NPC + Agency,"93,94,95,112,113,117,119,140,141,142,143,162,163,164,165",Trainer IDs 90-189 (31 IV),Sturdy / Rock Head / Heavy Metal,127
"Harvey, Luke, Heidi, Haley (Aether Foundation) / Boris, Bryson (Black Belt) / Levi, Hashim (Ace Trainer) / Presta, Calder (Firefighter)",879,Walrein,Default,Lax Incense,Sheer Cold,Fissure,Rest,Sleep Talk,Bold,255 Defense / 255 Sp. Def,0,0,255,0,0,255,31 all,31 all,Thick Fat (1/3) / Ice Body (1/3) / Oblivious (1/3),PID-derived species ratio (sex_vector=127),255,NPC + Agency,"102,103,106,107,112,113,116,117,180,181",Trainer IDs 90-189 (31 IV),Thick Fat / Ice Body / Oblivious,127
"Iniko, Arnold, Boris, Bryson (Black Belt) / Heidi, Haley (Aether Foundation) / Levi, Tamah (Ace Trainer) / Dan, Omar (Worker) / Donna, Gilroy (Bellhop)",880,Mamoswine,Default,Life Orb,Earthquake,Ice Fang,Double-Edge,Stone Edge,Adamant,255 HP / 255 Attack,255,255,0,0,0,0,31 all,31 all,Oblivious (1/3) / Snow Cloak (1/3) / Thick Fat (1/3),PID-derived species ratio (sex_vector=127),255,NPC + Agency,"97,98,106,107,112,113,116,120,164,165,170,171",Trainer IDs 90-189 (31 IV),Oblivious / Snow Cloak / Thick Fat,127
"Chucky (Black Belt) / Carrie, Jo, Tasanee (Dancer) / Heidi (Aether Foundation) / Hashim (Ace Trainer) / Darrel, Jana (Office Worker) / Donna, Gilroy (Bellhop) / Presta, Calder (Firefighter) / Red (Battle Legend)",881,Lapras,Default,Psychium Z,Blizzard,Hydro Pump,Psychic,Ice Shard,Quiet,255 Defense / 255 Sp. Atk,0,0,255,0,255,0,31 all,31 all,Water Absorb (1/3) / Shell Armor (1/3) / Hydration (1/3),PID-derived species ratio (sex_vector=127),255,NPC + Agency,"96,99,106,114,115,117,144,145,170,171,180,181,190",Battle Legend/featured IDs 190-205 (31 IV); Trainer IDs 90-189 (31 IV),Water Absorb / Shell Armor / Hydration,127
"Granville, Raz, Poppy, Bette (Ace Trainer) / Heidi (Aether Foundation) / Jo, Tasanee (Dancer) / Zed, Edda (Punk Girl) / Leena, Buddy (Youth Athlete) / Sika, Paulo (Janitor) / Plumeria (Pokémon Trainer)",882,Crobat,Default,Wide Lens,Hypnosis,Aerial Ace,Cross Poison,Taunt,Jolly,255 Attack / 255 Speed,0,255,0,255,0,0,31 all,31 all,Inner Focus (2/3) / Infiltrator (1/3),PID-derived species ratio (sex_vector=127),255,NPC + Agency,"104,105,106,114,115,119,121,148,149,150,151,162,163,197",Battle Legend/featured IDs 190-205 (31 IV); Trainer IDs 90-189 (31 IV),Inner Focus / Inner Focus / Infiltrator,127
"Rendor (Police Officer) / Harvey, Luke, Heidi, Haley (Aether Foundation) / Jo, Tasanee (Dancer) / Munin, Poppy (Ace Trainer) / Savir, Harding (Office Worker) / Christian, Ezra (Sightseer) / Dan, Omar (Worker) / Wally, Colress, Kukui, Sophocles (Pokémon Trainer)",883,Magnezone,Default,Assault Vest,Thunderbolt,Flash Cannon,Tri Attack,Volt Switch,Modest,255 HP / 255 Sp. Atk,255,0,0,0,255,0,31 all,31 all,Magnet Pull (1/3) / Sturdy (1/3) / Analytic (1/3),Genderless,255,NPC + Agency,"90,102,103,106,107,114,115,118,119,142,143,160,161,164,165,194,195,205,207",Battle Agency event IDs 207-208 (31 IV); Battle Legend/featured IDs 190-205 (31 IV); Trainer IDs 90-189 (31 IV),Magnet Pull / Sturdy / Analytic,255
"Harvey, Luke, Heidi (Aether Foundation) / Stein, Cadel (Scientist) / Boris, Bryson (Black Belt) / Tamah (Ace Trainer) / Vivek, Stellan (Hiker) / Alice, Chen (Sightseer) / Dan, Omar (Worker) / Danby, Izel (Pokémon Breeder) / Blue (Battle Legend)",884,Rhyperior,Default,Rockium Z,Rock Slide,Hammer Arm,Earthquake,Protect,Brave,255 HP / 255 Attack,255,255,0,0,0,0,31 all,31 all,Lightning Rod (1/3) / Solid Rock (1/3) / Reckless (1/3),PID-derived species ratio (sex_vector=127),255,NPC + Agency,"102,103,106,110,111,112,113,120,140,141,158,159,164,165,178,179,191",Battle Legend/featured IDs 190-205 (31 IV); Trainer IDs 90-189 (31 IV),Lightning Rod / Solid Rock / Reckless,127
"Cal, Tivon, Robyn (Scientist) / Lea, Sylvia, Munin (Ace Trainer) / Boris, Bryson (Black Belt) / Erix, Marianne (Rising Star) / Larry, Tony (Cook)",885,Tangrowth,Default,Groundium Z,Power Whip,Earthquake,Aerial Ace,Brick Break,Adamant,255 Attack / 255 Defense,0,255,255,0,0,0,31 all,31 all,Chlorophyll (1/3) / Leaf Guard (1/3) / Regenerator (1/3),PID-derived species ratio (sex_vector=127),255,NPC + Agency,"93,94,95,108,109,112,113,118,155,157,182,183",Trainer IDs 90-189 (31 IV),Chlorophyll / Leaf Guard / Regenerator,127
"Harvey, Luke, Heidi, Haley (Aether Foundation) / Jo, Tasanee (Dancer) / Tamah (Ace Trainer) / Savir, Harding (Office Worker) / Christian, Ezra (Sightseer) / Sam, Dennis (Collector) / Colress (Pokémon Trainer)",886,Porygon-Z,Default,Normalium Z,Tri Attack,Thunderbolt,Shadow Ball,Recover,Timid,255 Speed / 255 Sp. Atk,0,0,0,255,255,0,31 all,31 all,Adaptability (1/3) / Download (1/3) / Analytic (1/3),Genderless,255,NPC + Agency,"102,103,106,107,114,115,120,142,143,160,161,184,185,195",Battle Legend/featured IDs 190-205 (31 IV); Trainer IDs 90-189 (31 IV),Adaptability / Download / Analytic,255
"Iniko, Arnold (Black Belt) / Heidi (Aether Foundation) / Jo, Tasanee (Dancer) / Darrel, Jana (Office Worker) / Sika, Paulo (Janitor) / Larry, Tony (Cook)",887,Vanilluxe,Default,Maranga Berry,Taunt,Ice Beam,Acid Armor,Mirror Coat,Calm,255 HP / 255 Sp. Def,255,0,0,0,0,255,31 all,31 all,Ice Body (1/3) / Snow Warning (1/3) / Weak Armor (1/3),PID-derived species ratio (sex_vector=127),255,NPC + Agency,"97,98,106,114,115,144,145,162,163,182,183",Trainer IDs 90-189 (31 IV),Ice Body / Snow Warning / Weak Armor,127
"Cal, Tivon, Robyn (Scientist) / Munin (Ace Trainer) / Savir, Harding (Office Worker) / Sika, Paulo (Janitor) / Dan, Omar (Worker) / Larry, Tony (Cook) / Sam, Dennis (Collector)",888,Eelektross,Default,Leftovers,Charge Beam,Grass Knot,Flamethrower,Protect,Bold,255 HP / 255 Sp. Def,255,0,0,0,0,255,31 all,31 all,Levitate (3/3),PID-derived species ratio (sex_vector=127),255,NPC + Agency,"93,94,95,118,142,143,162,163,164,165,182,183,184,185",Trainer IDs 90-189 (31 IV),Levitate / Levitate / Levitate,127
"Chucky (Black Belt) / Carrie, Jo, Tasanee (Dancer) / Heidi (Aether Foundation) / Hashim, Poppy (Ace Trainer) / Etta, Dustin (Punk Guy) / Zed, Edda (Punk Girl) / Presta, Calder (Firefighter) / Larry, Tony (Cook) / Blue (Battle Legend) / Giovanni (Pokémon Trainer)",889,Gyarados,Default,Gyaradosite,Dragon Dance,Waterfall,Stone Edge,Crunch,Jolly,255 Attack / 255 Speed,0,255,0,255,0,0,31 all,31 all,Intimidate (2/3) / Moxie (1/3),PID-derived species ratio (sex_vector=127),255,NPC + Agency,"96,99,106,114,115,117,119,146,147,148,149,180,181,182,183,191,208",Battle Agency event IDs 207-208 (31 IV); Battle Legend/featured IDs 190-205 (31 IV); Trainer IDs 90-189 (31 IV),Intimidate / Intimidate / Moxie,127
"Harvey, Luke, Heidi, Haley (Aether Foundation) / Jo, Tasanee (Dancer) / Tamah (Ace Trainer) / Darrel, Jana (Office Worker) / Sika, Paulo (Janitor) / Lori, Colby (Pokémon Breeder) / Sam, Dennis (Collector) / Red (Battle Legend) / Anabel, Kukui (Pokémon Trainer)",890,Snorlax,Default,Assault Vest,Body Slam,Fissure,Earthquake,Crunch,Careful,255 HP / 255 Sp. Def,255,0,0,0,0,255,31 all,31 all,Immunity (1/3) / Thick Fat (1/3) / Gluttony (1/3),PID-derived species ratio (sex_vector=31),255,NPC + Agency,"102,103,106,107,114,115,120,144,145,162,163,176,177,184,185,190,193,205",Battle Legend/featured IDs 190-205 (31 IV); Trainer IDs 90-189 (31 IV),Immunity / Thick Fat / Gluttony,31
"Variel, Atalanta (Dancer) / Heidi (Aether Foundation) / Boris, Bryson (Black Belt) / Hashim, Munin (Ace Trainer) / Dolly, Joaquin (Rising Star) / Sika, Paulo (Janitor) / Presta, Calder (Firefighter)",891,Kingdra,Default,Dragonium Z,Draco Meteor,Surf,Blizzard,Protect,Modest,170 HP / 170 Speed / 170 Sp. Atk,170,0,0,170,170,0,31 all,31 all,Swift Swim (1/3) / Sniper (1/3) / Damp (1/3),PID-derived species ratio (sex_vector=127),255,NPC + Agency,"100,101,106,112,113,117,118,154,156,162,163,180,181",Trainer IDs 90-189 (31 IV),Swift Swim / Sniper / Damp,127
"Harvey, Luke, Heidi, Haley (Aether Foundation) / Jo, Tasanee (Dancer) / Tamah (Ace Trainer) / Darrel, Jana (Office Worker) / Sam, Dennis (Collector) / Perri (Pokémon Center Lady)",892,Blissey,Default,Chople Berry,Toxic,Minimize,Mud Bomb,Soft-Boiled,Bold,255 Defense / 255 Sp. Def,0,0,255,0,0,255,31 all,31 all,Natural Cure (1/3) / Serene Grace (1/3) / Healer (1/3),Female-only,255,NPC + Agency,"102,103,106,107,114,115,120,144,145,184,185,187",Trainer IDs 90-189 (31 IV),Natural Cure / Serene Grace / Healer,254
"Harvey, Luke, Heidi, Haley (Aether Foundation) / Jo, Tasanee (Dancer) / Hashim (Ace Trainer) / Darrel, Jana (Office Worker) / Presta, Calder (Firefighter) / Sam, Dennis (Collector) / Cynthia (Pokémon Trainer)",893,Milotic,Default,Leftovers,Ice Beam,Rest,Sleep Talk,Surf,Impish,255 HP / 255 Sp. Def,255,0,0,0,0,255,31 all,31 all,Marvel Scale (1/3) / Competitive (1/3) / Cute Charm (1/3),PID-derived species ratio (sex_vector=127),255,NPC + Agency,"102,103,106,107,114,115,117,144,145,180,181,184,185,196",Battle Legend/featured IDs 190-205 (31 IV); Trainer IDs 90-189 (31 IV),Marvel Scale / Competitive / Cute Charm,127
"Harvey, Luke, Heidi, Haley (Aether Foundation) / Zed, Edda (Punk Girl) / Larry, Tony (Cook)",894,Malamar,Default,Assault Vest,Psycho Cut,Superpower,Rock Slide,Night Slash,Careful,255 Attack / 255 Sp. Def,0,255,0,0,0,255,31 all,31 all,Contrary (1/3) / Suction Cups (1/3) / Infiltrator (1/3),PID-derived species ratio (sex_vector=127),255,NPC + Agency,"102,103,106,107,148,149,182,183",Trainer IDs 90-189 (31 IV),Contrary / Suction Cups / Infiltrator,127
"Iniko, Arnold (Black Belt) / Heidi (Aether Foundation) / Dan, Omar (Worker) / Sina (Pokémon Trainer)",895,Sandslash,Alolan,Icium Z,Hail,Icicle Spear,Iron Head,Aurora Veil,Adamant,255 Attack / 255 Speed,0,255,0,255,0,0,31 all,31 all,Snow Cloak (2/3) / Slush Rush (1/3),PID-derived species ratio (sex_vector=127),255,NPC + Agency,"97,98,106,164,165,201",Battle Legend/featured IDs 190-205 (31 IV); Trainer IDs 90-189 (31 IV),Snow Cloak / Snow Cloak / Slush Rush,127
"Chucky, Boris, Bryson (Black Belt) / Carrie (Dancer) / Heidi (Aether Foundation) / Munin (Ace Trainer) / Alice, Chen (Sightseer) / Sam, Dennis (Collector)",896,Haxorus,Default,Yache Berry,Dragon Dance,Dragon Claw,Dragon Tail,Earthquake,Jolly,255 Attack / 255 Speed,0,255,0,255,0,0,31 all,31 all,Rivalry (1/3) / Mold Breaker (1/3) / Unnerve (1/3),PID-derived species ratio (sex_vector=127),255,NPC + Agency,"96,99,106,112,113,118,158,159,184,185",Trainer IDs 90-189 (31 IV),Rivalry / Mold Breaker / Unnerve,127
"Rendor (Police Officer) / Iniko, Arnold, Boris, Bryson (Black Belt) / Poppy, Tamah (Ace Trainer) / Xio (Veteran) / Darrel, Jana (Office Worker) / Sam, Dennis (Collector) / Perri (Pokémon Center Lady) / Cynthia (Pokémon Trainer)",897,Togekiss,Default,Expert Belt,Aura Sphere,Air Slash,Grass Knot,Dazzling Gleam,Modest,255 Speed / 255 Sp. Atk,0,0,0,255,255,0,31 all,31 all,Hustle (1/3) / Serene Grace (1/3) / Super Luck (1/3),PID-derived species ratio (sex_vector=31),255,NPC + Agency,"90,97,98,112,113,119,120,127,144,145,184,185,187,196",Battle Legend/featured IDs 190-205 (31 IV); Trainer IDs 90-189 (31 IV),Hustle / Serene Grace / Super Luck,31
"Iniko, Arnold, Boris, Bryson (Black Belt) / Carrie (Dancer) / Levi, Hashim (Ace Trainer) / Christian, Ezra (Sightseer) / Patrick, Susanna (Golfer) / Sam, Dennis (Collector)",898,Volcarona,Default,Leftovers,Hurricane,Quiver Dance,Bug Buzz,Heat Wave,Bold,255 HP / 255 Defense,255,0,255,0,0,0,31 all,31 all,Flame Body (2/3) / Swarm (1/3),PID-derived species ratio (sex_vector=127),255,NPC + Agency,"97,98,99,112,113,116,117,160,161,172,175,184,185",Trainer IDs 90-189 (31 IV),Flame Body / Flame Body / Swarm,127
"Rendor (Police Officer) / Chucky (Black Belt) / Heidi (Aether Foundation) / Jo, Tasanee (Dancer) / Levi (Ace Trainer) / Etta, Dustin (Punk Guy) / Blue (Battle Legend) / Kiawe (Captain) / Giovanni (Pokémon Trainer)",899,Arcanine,Default,Fightinium Z,Close Combat,Flare Blitz,Crunch,Extreme Speed,Jolly,255 Attack / 255 Speed,0,255,0,255,0,0,31 all,31 all,Intimidate (1/3) / Flash Fire (1/3) / Justified (1/3),PID-derived species ratio (sex_vector=63),255,NPC + Agency,"90,96,106,114,115,116,146,147,191,199,208",Battle Agency event IDs 207-208 (31 IV); Battle Legend/featured IDs 190-205 (31 IV); Trainer IDs 90-189 (31 IV),Intimidate / Flash Fire / Justified,63
"Rendor (Police Officer) / Harvey, Luke (Aether Foundation) / Jo, Tasanee (Dancer) / Hashim, Poppy (Ace Trainer) / Alice, Chen (Sightseer) / Presta, Calder (Firefighter) / Sam, Dennis (Collector)",900,Archeops,Default,Sitrus Berry,Rock Slide,Earthquake,Aerial Ace,Protect,Jolly,255 Attack / 255 Speed,0,255,0,255,0,0,31 all,31 all,Defeatist (3/3),PID-derived species ratio (sex_vector=31),255,NPC + Agency,"90,102,103,114,115,117,119,158,159,180,181,184,185",Trainer IDs 90-189 (31 IV),Defeatist / Defeatist / Defeatist,31
"Rendor (Police Officer) / Harvey, Luke (Aether Foundation) / Jo, Tasanee (Dancer) / Munin, Poppy (Ace Trainer) / Victor, Naya (Preschooler) / Sam, Dennis (Collector) / Dooley (Veteran)",901,Dragonite,Default,Snowball,Dragon Rush,Iron Tail,Extreme Speed,Fire Punch,Adamant,255 Attack / 255 Speed,0,255,0,255,0,0,31 all,31 all,Inner Focus (2/3) / Multiscale (1/3),PID-derived species ratio (sex_vector=127),255,NPC + Agency,"90,102,103,114,115,118,119,135,137,184,185,188",Trainer IDs 90-189 (31 IV),Inner Focus / Inner Focus / Multiscale,127
"Lou, Benji (Police Officer) / Heidi (Aether Foundation) / Boris, Bryson (Black Belt) / Poppy (Ace Trainer) / Victor, Naya (Preschooler) / Vivek, Stellan (Hiker) / Zed, Edda (Punk Girl) / Sam, Dennis (Collector) / Dooley (Veteran) / Blue (Battle Legend) / Grimsley (Pokémon Trainer)",902,Tyranitar,Default,Tyranitarite,Stone Edge,Earthquake,Ice Fang,Payback,Brave,255 HP / 255 Attack,255,255,0,0,0,0,31 all,31 all,Sand Stream (2/3) / Unnerve (1/3),PID-derived species ratio (sex_vector=127),255,NPC + Agency,"91,92,106,112,113,119,135,137,140,141,148,149,184,185,188,191,192",Battle Legend/featured IDs 190-205 (31 IV); Trainer IDs 90-189 (31 IV),Sand Stream / Sand Stream / Unnerve,127
"Rendor (Police Officer) / Harvey, Luke (Aether Foundation) / Jo, Tasanee (Dancer) / Munin, Poppy (Ace Trainer) / Victor, Naya (Preschooler) / Etta, Dustin (Punk Guy) / Patrick, Susanna (Golfer) / Presta, Calder (Firefighter) / Sam, Dennis (Collector) / Dooley (Veteran)",903,Salamence,Default,Salamencite,Dragon Rush,Crunch,Earthquake,Double-Edge,Jolly,255 Attack / 255 Speed,0,255,0,255,0,0,31 all,31 all,Intimidate (2/3) / Moxie (1/3),PID-derived species ratio (sex_vector=127),255,NPC + Agency,"90,102,103,114,115,118,119,135,137,146,147,172,175,180,181,184,185,188",Trainer IDs 90-189 (31 IV),Intimidate / Intimidate / Moxie,127
"Harvey, Luke, Heidi, Haley (Aether Foundation) / Jo, Tasanee (Dancer) / Levi, Poppy (Ace Trainer) / Aino, Dooley (Veteran) / Victor, Naya (Preschooler) / Savir, Harding (Office Worker) / Sam, Dennis (Collector) / Colress (Pokémon Trainer)",904,Metagross,Default,Metagrossite,Zen Headbutt,Meteor Mash,Brick Break,Bullet Punch,Jolly,255 Attack / 255 Speed,0,255,0,255,0,0,31 all,31 all,Clear Body (2/3) / Light Metal (1/3),Genderless,255,NPC + Agency,"102,103,106,107,114,115,116,119,126,135,137,142,143,184,185,188,195",Battle Legend/featured IDs 190-205 (31 IV); Trainer IDs 90-189 (31 IV),Clear Body / Clear Body / Light Metal,255
"Lou, Benji (Police Officer) / Heidi (Aether Foundation) / Jo, Tasanee (Dancer) / Munin, Tamah (Ace Trainer) / Victor, Naya (Preschooler) / Vivek, Stellan (Hiker) / Sam, Dennis (Collector) / Dooley (Veteran) / Wally, Cynthia (Pokémon Trainer)",905,Garchomp,Default,Garchompite,Sandstorm,Stone Edge,Earthquake,Dragon Claw,Adamant,255 HP / 255 Attack,255,255,0,0,0,0,31 all,31 all,Sand Veil (2/3) / Rough Skin (1/3),PID-derived species ratio (sex_vector=127),255,NPC + Agency,"91,92,106,114,115,118,120,135,137,140,141,184,185,188,194,196",Battle Legend/featured IDs 190-205 (31 IV); Trainer IDs 90-189 (31 IV),Sand Veil / Sand Veil / Rough Skin,127
"Iniko, Arnold, Boris, Bryson (Black Belt) / Heidi (Aether Foundation) / Munin, Poppy (Ace Trainer) / Victor, Naya (Preschooler) / Zed, Edda (Punk Girl) / Sam, Dennis (Collector)",906,Hydreigon,Default,Roseli Berry,Dragon Rush,Earthquake,Crunch,Dragon Tail,Jolly,255 Attack / 255 Speed,0,255,0,255,0,0,31 all,31 all,Levitate (3/3),PID-derived species ratio (sex_vector=127),255,NPC + Agency,"97,98,106,112,113,118,119,135,137,148,149,184,185",Trainer IDs 90-189 (31 IV),Levitate / Levitate / Levitate,127
"Harvey, Luke, Heidi, Haley (Aether Foundation) / Boris, Bryson (Black Belt) / Tamah (Ace Trainer) / Zed, Edda (Punk Girl) / Alice, Chen (Sightseer) / Patrick, Susanna (Golfer)",907,Slaking,Default,Life Orb,Return,Night Slash,Rock Slide,Aerial Ace,Jolly,255 Attack / 255 Speed,0,255,0,255,0,0,31 all,31 all,Truant (3/3),PID-derived species ratio (sex_vector=127),255,NPC + Agency,"102,103,106,107,112,113,120,148,149,158,159,172,175",Trainer IDs 90-189 (31 IV),Truant / Truant / Truant,127
"Jo (Dancer) / Placido (Veteran) / Napoleon, Brady (Youngster) / Inez (Lass) / Gwenny (Backpacker) / Donny, Gracie (Madame)",908,Articuno,Default,Icy Rock,Hail,Blizzard,Fly,Roost,Modest,255 HP / 255 Sp. Atk,255,0,0,0,255,0,31 all,31 all,Pressure (2/3) / Snow Cloak (1/3),Genderless,255,NPC + Agency,"114,124,130,131,133,138,168,169",Trainer IDs 90-189 (31 IV),Pressure / Pressure / Snow Cloak,255
"Jo (Dancer) / Kikujiro, Priya (Veteran) / Napoleon (Youngster) / Inez (Lass) / Donny, Gracie (Madame) / Patrick, Susanna (Golfer)",909,Zapdos,Default,Rockium Z,Thunderbolt,Thunder Wave,U-turn,Ancient Power,Timid,255 Speed / 255 Sp. Atk,0,0,0,255,255,0,31 all,31 all,Pressure (2/3) / Static (1/3),Genderless,255,NPC + Agency,"114,122,128,130,133,168,169,172,175",Trainer IDs 90-189 (31 IV),Pressure / Pressure / Static,255
"Jo (Dancer) / Placido (Veteran) / Napoleon (Youngster) / Inez (Lass) / Erix, Marianne (Rising Star) / Donny, Gracie (Madame)",910,Moltres,Default,White Herb,Overheat,Air Slash,Agility,Will-O-Wisp,Modest,255 Speed / 255 Sp. Atk,0,0,0,255,255,0,31 all,31 all,Pressure (2/3) / Flame Body (1/3),Genderless,255,NPC + Agency,"114,124,130,133,155,157,168,169",Trainer IDs 90-189 (31 IV),Pressure / Pressure / Flame Body,255
"Tasanee (Dancer) / Kikujiro, Priya (Veteran) / Napoleon (Youngster) / Inez (Lass) / Hilario, Thamina (Youth Athlete) / Mechabob, Abel (Gentleman) / Anabel (Pokémon Trainer)",911,Raikou,Default,Shuca Berry,Thunderbolt,Volt Switch,Shadow Ball,Extrasensory,Timid,255 Speed / 255 Sp. Atk,0,0,0,255,255,0,31 all,31 all,Pressure (2/3) / Inner Focus (1/3),Genderless,255,NPC + Agency,"115,122,128,130,133,152,153,166,167,193",Battle Legend/featured IDs 190-205 (31 IV); Trainer IDs 90-189 (31 IV),Pressure / Pressure / Inner Focus,255
"Tasanee (Dancer) / Placido (Veteran) / Napoleon (Youngster) / Inez (Lass) / Mechabob, Abel (Gentleman) / Patrick, Susanna (Golfer) / Anabel (Pokémon Trainer)",912,Entei,Default,Focus Sash,Overheat,Flame Charge,Fire Fang,Stone Edge,Lonely,255 Attack / 255 Speed,0,255,0,255,0,0,31 all,31 all,Pressure (2/3) / Inner Focus (1/3),Genderless,255,NPC + Agency,"115,124,130,133,166,167,172,175,193",Battle Legend/featured IDs 190-205 (31 IV); Trainer IDs 90-189 (31 IV),Pressure / Pressure / Inner Focus,255
"Tasanee (Dancer) / Priya (Veteran) / Napoleon (Youngster) / Inez (Lass) / Dolly, Joaquin (Rising Star) / Mechabob, Abel (Gentleman)",913,Suicune,Default,Chesto Berry,Calm Mind,Surf,Ice Beam,Rest,Bold,255 HP / 255 Defense,255,0,255,0,0,0,31 all,31 all,Pressure (2/3) / Inner Focus (1/3),Genderless,255,NPC + Agency,"115,128,130,133,154,156,166,167",Trainer IDs 90-189 (31 IV),Pressure / Pressure / Inner Focus,255
"Bryson (Black Belt) / Placido (Veteran) / Napoleon (Youngster) / Inez (Lass) / Vivek, Stellan (Hiker) / Mechabob, Abel (Gentleman) / Horace (Ace Trainer)",914,Regirock,Default,Leftovers,Sandstorm,Curse,Rock Slide,Hammer Arm,Careful,255 HP / 255 Sp. Def,255,0,0,0,0,255,31 all,31 all,Clear Body (2/3) / Sturdy (1/3),Genderless,255,NPC + Agency,"113,124,130,133,140,141,166,167,186",Trainer IDs 90-189 (31 IV),Clear Body / Clear Body / Sturdy,255
"Bryson (Black Belt) / Priya (Veteran) / Napoleon (Youngster) / Inez (Lass) / Mechabob, Abel (Gentleman) / Horace (Ace Trainer)",915,Regice,Default,Sitrus Berry,Thunderbolt,Ice Beam,Focus Blast,Toxic,Modest,255 HP / 255 Sp. Atk,255,0,0,0,255,0,31 all,31 all,Clear Body (2/3) / Ice Body (1/3),Genderless,255,NPC + Agency,"113,128,130,133,166,167,186",Trainer IDs 90-189 (31 IV),Clear Body / Clear Body / Ice Body,255
"Bryson (Black Belt) / Placido (Veteran) / Napoleon (Youngster) / Inez (Lass) / Mechabob, Abel (Gentleman) / Horace (Ace Trainer)",916,Registeel,Default,Chesto Berry,Curse,Amnesia,Iron Head,Rest,Careful,255 HP / 255 Sp. Def,255,0,0,0,0,255,31 all,31 all,Clear Body (2/3) / Light Metal (1/3),Genderless,255,NPC + Agency,"113,124,130,133,166,167,186",Trainer IDs 90-189 (31 IV),Clear Body / Clear Body / Light Metal,255
"Boris (Black Belt) / Priya (Veteran) / Napoleon (Youngster) / Inez (Lass) / Mechabob, Abel (Gentleman)",917,Cobalion,Default,Chesto Berry,Focus Blast,Flash Cannon,Calm Mind,Rest,Bold,255 HP / 255 Sp. Def,255,0,0,0,0,255,31 all,31 all,Justified (3/3),Genderless,255,NPC + Agency,"112,128,130,133,166,167",Trainer IDs 90-189 (31 IV),Justified / Justified / Justified,255
"Boris (Black Belt) / Placido (Veteran) / Napoleon (Youngster) / Inez (Lass) / Vivek, Stellan (Hiker) / Mechabob, Abel (Gentleman)",918,Terrakion,Default,Expert Belt,Close Combat,Earthquake,Stone Edge,Aerial Ace,Jolly,255 Attack / 255 Speed,0,255,0,255,0,0,31 all,31 all,Justified (3/3),Genderless,255,NPC + Agency,"112,124,130,133,140,141,166,167",Trainer IDs 90-189 (31 IV),Justified / Justified / Justified,255
"Boris (Black Belt) / Xenophon, Priya (Veteran) / Napoleon (Youngster) / Inez (Lass) / Mechabob, Abel (Gentleman)",919,Virizion,Default,Fightinium Z,Sacred Sword,Leaf Blade,Taunt,Stone Edge,Jolly,255 Attack / 255 Speed,0,255,0,255,0,0,31 all,31 all,Justified (3/3),Genderless,255,NPC + Agency,"112,123,128,130,133,166,167",Trainer IDs 90-189 (31 IV),Justified / Justified / Justified,255
"Bryson (Black Belt) / Placido (Veteran) / Napoleon (Youngster) / Inez (Lass) / Mechabob, Abel (Gentleman)",920,Tornadus,Default,Flyinium Z,Hurricane,Grass Knot,Focus Blast,Dark Pulse,Timid,255 Speed / 255 Sp. Atk,0,0,0,255,255,0,31 all,31 all,Prankster (2/3) / Defiant (1/3),Male-only,255,NPC + Agency,"113,124,130,133,166,167",Trainer IDs 90-189 (31 IV),Prankster / Prankster / Defiant,0
"Bryson (Black Belt) / Kikujiro, Priya (Veteran) / Napoleon (Youngster) / Inez (Lass) / Mechabob, Abel (Gentleman)",921,Thundurus,Default,Chesto Berry,Thunderbolt,Protect,Toxic,Rest,Bold,255 HP / 255 Sp. Def,255,0,0,0,0,255,31 all,31 all,Prankster (2/3) / Defiant (1/3),Male-only,255,NPC + Agency,"113,122,128,130,133,166,167",Trainer IDs 90-189 (31 IV),Prankster / Prankster / Defiant,0
"Jo (Dancer) / Placido (Veteran) / Napoleon (Youngster) / Inez (Lass) / Donny, Gracie (Madame)",922,Latias,Default,Lax Incense,Calm Mind,Mist Ball,Dragon Pulse,Recover,Bold,255 HP / 255 Defense,255,0,255,0,0,0,31 all,31 all,Levitate (3/3),Female-only,255,NPC + Agency,"114,124,130,133,168,169",Trainer IDs 90-189 (31 IV),Levitate / Levitate / Levitate,254
"Jo (Dancer) / Priya (Veteran) / Napoleon (Youngster) / Inez (Lass) / Christian, Ezra (Sightseer) / Donny, Gracie (Madame) / Anabel (Pokémon Trainer)",923,Latios,Default,Lax Incense,Calm Mind,Luster Purge,Dragon Pulse,Recover,Bold,255 HP / 255 Defense,255,0,255,0,0,0,31 all,31 all,Levitate (3/3),Male-only,255,NPC + Agency,"114,128,130,133,160,161,168,169,193",Battle Legend/featured IDs 190-205 (31 IV); Trainer IDs 90-189 (31 IV),Levitate / Levitate / Levitate,0
"Boris (Black Belt) / Placido (Veteran) / Brady (Youngster) / Gwenny (Backpacker) / Erix, Marianne (Rising Star) / Christian, Ezra (Sightseer) / Donny, Gracie (Madame)",924,Heatran,Default,Focus Sash,Lava Plume,Earth Power,Flash Cannon,Dark Pulse,Modest,255 HP / 255 Sp. Atk,255,0,0,0,255,0,31 all,31 all,Flash Fire (2/3) / Flame Body (1/3),PID-derived species ratio (sex_vector=127),255,NPC + Agency,"112,124,131,138,155,157,160,161,168,169",Trainer IDs 90-189 (31 IV),Flash Fire / Flash Fire / Flame Body,127
"Tasanee (Dancer) / Priya (Veteran) / Brady (Youngster) / Gwenny (Backpacker) / Donny, Gracie (Madame)",925,Cresselia,Default,Chesto Berry,Calm Mind,Psychic,Shadow Ball,Rest,Bold,255 HP / 255 Defense,255,0,255,0,0,0,31 all,31 all,Levitate (3/3),Female-only,255,NPC + Agency,"115,128,131,138,168,169",Trainer IDs 90-189 (31 IV),Levitate / Levitate / Levitate,254
"Bryson (Black Belt) / Placido (Veteran) / Brady (Youngster) / Gwenny (Backpacker) / Mechabob, Abel (Gentleman)",926,Landorus,Default,Bright Powder,Rest,Sleep Talk,Smack Down,Fissure,Careful,255 Defense / 255 Sp. Def,0,0,255,0,0,255,31 all,31 all,Sand Force (2/3) / Sheer Force (1/3),Male-only,255,NPC + Agency,"113,124,131,138,166,167",Trainer IDs 90-189 (31 IV),Sand Force / Sand Force / Sheer Force,0
"Boris (Black Belt) / Priya (Veteran) / Brady (Youngster) / Gwenny (Backpacker) / Alice, Chen (Sightseer) / Mechabob, Abel (Gentleman) / Patrick, Susanna (Golfer)",927,Regigigas,Default,Leftovers,Confuse Ray,Double Team,Bulldoze,Payback,Adamant,255 HP / 255 Attack,255,255,0,0,0,0,31 all,31 all,Slow Start (3/3),Genderless,255,NPC + Agency,"112,128,131,138,158,159,166,167,172,175",Trainer IDs 90-189 (31 IV),Slow Start / Slow Start / Slow Start,255
"Jo (Dancer) / Placido (Veteran) / Napoleon, Brady (Youngster) / Inez (Lass) / Gwenny (Backpacker) / Donny, Gracie (Madame)",928,Articuno,Default,Lum Berry,Sheer Cold,Mind Reader,Ice Shard,Ice Beam,Bold,255 HP / 255 Sp. Def,255,0,0,0,0,255,31 all,31 all,Pressure (2/3) / Snow Cloak (1/3),Genderless,255,NPC + Agency,"114,124,130,131,133,138,168,169",Trainer IDs 90-189 (31 IV),Pressure / Pressure / Snow Cloak,255
"Jo (Dancer) / Kikujiro, Priya (Veteran) / Napoleon (Youngster) / Inez (Lass) / Donny, Gracie (Madame) / Patrick, Susanna (Golfer)",929,Zapdos,Default,Bright Powder,Charge Beam,Ancient Power,Double Team,Roost,Bold,255 HP / 255 Sp. Def,255,0,0,0,0,255,31 all,31 all,Pressure (2/3) / Static (1/3),Genderless,255,NPC + Agency,"114,122,128,130,133,168,169,172,175",Trainer IDs 90-189 (31 IV),Pressure / Pressure / Static,255
"Jo (Dancer) / Placido (Veteran) / Napoleon (Youngster) / Inez (Lass) / Erix, Marianne (Rising Star) / Donny, Gracie (Madame)",930,Moltres,Default,Power Herb,Flame Charge,Sky Attack,Aerial Ace,Fire Blast,Naughty,255 Attack / 255 Speed,0,255,0,255,0,0,31 all,31 all,Pressure (2/3) / Flame Body (1/3),Genderless,255,NPC + Agency,"114,124,130,133,155,157,168,169",Trainer IDs 90-189 (31 IV),Pressure / Pressure / Flame Body,255
"Tasanee (Dancer) / Kikujiro, Priya (Veteran) / Napoleon (Youngster) / Inez (Lass) / Hilario, Thamina (Youth Athlete) / Mechabob, Abel (Gentleman) / Anabel (Pokémon Trainer)",931,Raikou,Default,Electrium Z,Charge Beam,Thunder Wave,Calm Mind,Shadow Ball,Timid,255 Defense / 255 Speed,0,0,255,255,0,0,31 all,31 all,Pressure (2/3) / Inner Focus (1/3),Genderless,255,NPC + Agency,"115,122,128,130,133,152,153,166,167,193",Battle Legend/featured IDs 190-205 (31 IV); Trainer IDs 90-189 (31 IV),Pressure / Pressure / Inner Focus,255
"Tasanee (Dancer) / Placido (Veteran) / Napoleon (Youngster) / Inez (Lass) / Mechabob, Abel (Gentleman) / Patrick, Susanna (Golfer) / Anabel (Pokémon Trainer)",932,Entei,Default,Chesto Berry,Calm Mind,Will-O-Wisp,Flamethrower,Rest,Bold,170 HP / 170 Defense / 170 Sp. Def,170,0,170,0,0,170,31 all,31 all,Pressure (2/3) / Inner Focus (1/3),Genderless,255,NPC + Agency,"115,124,130,133,166,167,172,175,193",Battle Legend/featured IDs 190-205 (31 IV); Trainer IDs 90-189 (31 IV),Pressure / Pressure / Inner Focus,255
"Tasanee (Dancer) / Priya (Veteran) / Napoleon (Youngster) / Inez (Lass) / Dolly, Joaquin (Rising Star) / Mechabob, Abel (Gentleman)",933,Suicune,Default,Sitrus Berry,Hydro Pump,Ice Beam,Shadow Ball,Mirror Coat,Modest,255 HP / 255 Sp. Atk,255,0,0,0,255,0,31 all,31 all,Pressure (2/3) / Inner Focus (1/3),Genderless,255,NPC + Agency,"115,128,130,133,154,156,166,167",Trainer IDs 90-189 (31 IV),Pressure / Pressure / Inner Focus,255
"Bryson (Black Belt) / Placido (Veteran) / Napoleon (Youngster) / Inez (Lass) / Vivek, Stellan (Hiker) / Mechabob, Abel (Gentleman) / Horace (Ace Trainer)",934,Regirock,Default,Custap Berry,Stone Edge,Hammer Arm,Earthquake,Explosion,Adamant,255 HP / 255 Attack,255,255,0,0,0,0,31 all,31 all,Clear Body (2/3) / Sturdy (1/3),Genderless,255,NPC + Agency,"113,124,130,133,140,141,166,167,186",Trainer IDs 90-189 (31 IV),Clear Body / Clear Body / Sturdy,255
"Bryson (Black Belt) / Priya (Veteran) / Napoleon (Youngster) / Inez (Lass) / Mechabob, Abel (Gentleman) / Horace (Ace Trainer)",935,Regice,Default,Chesto Berry,Thunderbolt,Icy Wind,Ice Beam,Rest,Timid,170 HP / 170 Defense / 170 Speed,170,0,170,170,0,0,31 all,31 all,Clear Body (2/3) / Ice Body (1/3),Genderless,255,NPC + Agency,"113,128,130,133,166,167,186",Trainer IDs 90-189 (31 IV),Clear Body / Clear Body / Ice Body,255
"Bryson (Black Belt) / Placido (Veteran) / Napoleon (Youngster) / Inez (Lass) / Mechabob, Abel (Gentleman) / Horace (Ace Trainer)",936,Registeel,Default,Fightinium Z,Rock Polish,Earthquake,Iron Head,Superpower,Jolly,255 Attack / 255 Speed,0,255,0,255,0,0,31 all,31 all,Clear Body (2/3) / Light Metal (1/3),Genderless,255,NPC + Agency,"113,124,130,133,166,167,186",Trainer IDs 90-189 (31 IV),Clear Body / Clear Body / Light Metal,255
"Boris (Black Belt) / Priya (Veteran) / Napoleon (Youngster) / Inez (Lass) / Mechabob, Abel (Gentleman)",937,Cobalion,Default,Maranga Berry,Metal Burst,Sacred Sword,Quick Attack,Iron Head,Brave,255 HP / 255 Attack,255,255,0,0,0,0,31 all,31 all,Justified (3/3),Genderless,255,NPC + Agency,"112,128,130,133,166,167",Trainer IDs 90-189 (31 IV),Justified / Justified / Justified,255
"Boris (Black Belt) / Placido (Veteran) / Napoleon (Youngster) / Inez (Lass) / Vivek, Stellan (Hiker) / Mechabob, Abel (Gentleman)",938,Terrakion,Default,Choice Scarf,Sacred Sword,Earthquake,Stone Edge,Aerial Ace,Adamant,255 Attack / 255 Speed,0,255,0,255,0,0,31 all,31 all,Justified (3/3),Genderless,255,NPC + Agency,"112,124,130,133,140,141,166,167",Trainer IDs 90-189 (31 IV),Justified / Justified / Justified,255
"Boris (Black Belt) / Xenophon, Priya (Veteran) / Napoleon (Youngster) / Inez (Lass) / Mechabob, Abel (Gentleman)",939,Virizion,Default,Poisonium Z,Energy Ball,Focus Blast,Calm Mind,Toxic,Timid,255 Defense / 255 Speed,0,0,255,255,0,0,31 all,31 all,Justified (3/3),Genderless,255,NPC + Agency,"112,123,128,130,133,166,167",Trainer IDs 90-189 (31 IV),Justified / Justified / Justified,255
"Bryson (Black Belt) / Placido (Veteran) / Napoleon (Youngster) / Inez (Lass) / Mechabob, Abel (Gentleman)",940,Tornadus,Default,Yache Berry,Substitute,Double Team,Focus Blast,Hurricane,Modest,255 HP / 255 Sp. Atk,255,0,0,0,255,0,31 all,31 all,Prankster (2/3) / Defiant (1/3),Male-only,255,NPC + Agency,"113,124,130,133,166,167",Trainer IDs 90-189 (31 IV),Prankster / Prankster / Defiant,0
"Bryson (Black Belt) / Kikujiro, Priya (Veteran) / Napoleon (Youngster) / Inez (Lass) / Mechabob, Abel (Gentleman)",941,Thundurus,Default,Choice Specs,Thunderbolt,Dark Pulse,Focus Blast,Grass Knot,Timid,255 Speed / 255 Sp. Atk,0,0,0,255,255,0,31 all,31 all,Prankster (2/3) / Defiant (1/3),Male-only,255,NPC + Agency,"113,122,128,130,133,166,167",Trainer IDs 90-189 (31 IV),Prankster / Prankster / Defiant,0
"Jo (Dancer) / Placido (Veteran) / Napoleon (Youngster) / Inez (Lass) / Donny, Gracie (Madame)",942,Latias,Default,White Herb,Draco Meteor,Thunder,Psychic,Mist Ball,Timid,255 Speed / 255 Sp. Atk,0,0,0,255,255,0,31 all,31 all,Levitate (3/3),Female-only,255,NPC + Agency,"114,124,130,133,168,169",Trainer IDs 90-189 (31 IV),Levitate / Levitate / Levitate,254
"Jo (Dancer) / Priya (Veteran) / Napoleon (Youngster) / Inez (Lass) / Christian, Ezra (Sightseer) / Donny, Gracie (Madame) / Anabel (Pokémon Trainer)",943,Latios,Default,White Herb,Draco Meteor,Thunderbolt,Psychic,Protect,Timid,255 Speed / 255 Sp. Atk,0,0,0,255,255,0,31 all,31 all,Levitate (3/3),Male-only,255,NPC + Agency,"114,128,130,133,160,161,168,169,193",Battle Legend/featured IDs 190-205 (31 IV); Trainer IDs 90-189 (31 IV),Levitate / Levitate / Levitate,0
"Boris (Black Belt) / Placido (Veteran) / Brady (Youngster) / Gwenny (Backpacker) / Erix, Marianne (Rising Star) / Christian, Ezra (Sightseer) / Donny, Gracie (Madame)",944,Heatran,Default,White Herb,Overheat,Will-O-Wisp,Flash Cannon,Protect,Modest,255 HP / 255 Sp. Atk,255,0,0,0,255,0,31 all,31 all,Flash Fire (2/3) / Flame Body (1/3),PID-derived species ratio (sex_vector=127),255,NPC + Agency,"112,124,131,138,155,157,160,161,168,169",Trainer IDs 90-189 (31 IV),Flash Fire / Flash Fire / Flame Body,127
"Tasanee (Dancer) / Priya (Veteran) / Brady (Youngster) / Gwenny (Backpacker) / Donny, Gracie (Madame)",945,Cresselia,Default,Leftovers,Double Team,Moonlight,Toxic,Protect,Bold,255 HP / 255 Sp. Def,255,0,0,0,0,255,31 all,31 all,Levitate (3/3),Female-only,255,NPC + Agency,"115,128,131,138,168,169",Trainer IDs 90-189 (31 IV),Levitate / Levitate / Levitate,254
"Bryson (Black Belt) / Placido (Veteran) / Brady (Youngster) / Gwenny (Backpacker) / Mechabob, Abel (Gentleman)",946,Landorus,Default,Choice Scarf,Earth Power,Extrasensory,Focus Blast,Grass Knot,Modest,255 Speed / 255 Sp. Atk,0,0,0,255,255,0,31 all,31 all,Sand Force (2/3) / Sheer Force (1/3),Male-only,255,NPC + Agency,"113,124,131,138,166,167",Trainer IDs 90-189 (31 IV),Sand Force / Sand Force / Sheer Force,0
"Boris (Black Belt) / Priya (Veteran) / Brady (Youngster) / Gwenny (Backpacker) / Alice, Chen (Sightseer) / Mechabob, Abel (Gentleman) / Patrick, Susanna (Golfer)",947,Regigigas,Default,Zoom Lens,Thunder,Toxic,Focus Blast,Confuse Ray,Quiet,255 HP / 255 Sp. Atk,255,0,0,0,255,0,31 all,31 all,Slow Start (3/3),Genderless,255,NPC + Agency,"112,128,131,138,158,159,166,167,172,175",Trainer IDs 90-189 (31 IV),Slow Start / Slow Start / Slow Start,255
"Fernanda (Backpacker) / Donny, Gracie (Madame) / Dooley (Veteran)",948,Articuno,Default,Charti Berry,Frost Breath,Reflect,Steel Wing,U-turn,Jolly,255 Attack / 255 Speed,0,255,0,255,0,0,31 all,31 all,Pressure (2/3) / Snow Cloak (1/3),Genderless,255,NPC + Agency,"139,168,169,188",Trainer IDs 90-189 (31 IV),Pressure / Pressure / Snow Cloak,255
"Samantha (Lass) / Dolly, Joaquin (Rising Star) / Donny, Gracie (Madame) / Patrick, Susanna (Golfer) / Dooley, Demiathena (Veteran)",949,Zapdos,Default,Petaya Berry,Thunder,Light Screen,Rain Dance,Drill Peck,Naive,255 Speed / 255 Sp. Atk,0,0,0,255,255,0,31 all,31 all,Pressure (2/3) / Static (1/3),Genderless,255,NPC + Agency,"132,154,156,168,169,172,175,188,189",Trainer IDs 90-189 (31 IV),Pressure / Pressure / Static,255
"Fernanda (Backpacker) / Erix, Marianne (Rising Star) / Donny, Gracie (Madame)",950,Moltres,Default,Heat Rock,Sunny Day,Solar Beam,Flamethrower,Air Slash,Timid,255 Speed / 255 Sp. Atk,0,0,0,255,255,0,31 all,31 all,Pressure (2/3) / Flame Body (1/3),Genderless,255,NPC + Agency,"139,155,157,168,169",Trainer IDs 90-189 (31 IV),Pressure / Pressure / Flame Body,255
"Ignacio, Candy, Dooley, Demiathena (Veteran) / Samantha (Lass) / Hilario, Thamina (Youth Athlete) / Mechabob, Abel (Gentleman) / Anabel (Pokémon Trainer)",951,Raikou,Default,Electrium Z,Thunderbolt,Volt Switch,Shadow Ball,Protect,Timid,255 Speed / 255 Sp. Atk,0,0,0,255,255,0,31 all,31 all,Pressure (2/3) / Inner Focus (1/3),Genderless,255,NPC + Agency,"125,129,132,152,153,166,167,188,189,193",Battle Legend/featured IDs 190-205 (31 IV); Trainer IDs 90-189 (31 IV),Pressure / Pressure / Inner Focus,255
"Fernanda (Backpacker) / Mechabob, Abel (Gentleman) / Patrick, Susanna (Golfer) / Dooley (Veteran) / Anabel (Pokémon Trainer)",952,Entei,Default,Choice Scarf,Eruption,Fire Blast,Extrasensory,Solar Beam,Timid,255 Speed / 255 Sp. Atk,0,0,0,255,255,0,31 all,31 all,Pressure (2/3) / Inner Focus (1/3),Genderless,255,NPC + Agency,"139,166,167,172,175,188,193",Battle Legend/featured IDs 190-205 (31 IV); Trainer IDs 90-189 (31 IV),Pressure / Pressure / Inner Focus,255
"Samantha (Lass) / Dolly, Joaquin (Rising Star) / Mechabob, Abel (Gentleman) / Dooley, Demiathena (Veteran)",953,Suicune,Default,Leftovers,Surf,Blizzard,Calm Mind,Protect,Bold,255 HP / 255 Defense,255,0,255,0,0,0,31 all,31 all,Pressure (2/3) / Inner Focus (1/3),Genderless,255,NPC + Agency,"132,154,156,166,167,188,189",Trainer IDs 90-189 (31 IV),Pressure / Pressure / Inner Focus,255
"Fernanda (Backpacker) / Vivek, Stellan (Hiker) / Mechabob, Abel (Gentleman) / Horace (Ace Trainer)",954,Regirock,Default,Rockium Z,Thunder Wave,Stone Edge,Hammer Arm,Earthquake,Adamant,255 HP / 255 Attack,255,255,0,0,0,0,31 all,31 all,Clear Body (2/3) / Sturdy (1/3),Genderless,255,NPC + Agency,"139,140,141,166,167,186",Trainer IDs 90-189 (31 IV),Clear Body / Clear Body / Sturdy,255
"Samantha (Lass) / Mechabob, Abel (Gentleman) / Horace (Ace Trainer)",955,Regice,Default,Leftovers,Charge Beam,Ice Beam,Amnesia,Protect,Bold,255 HP / 255 Defense,255,0,255,0,0,0,31 all,31 all,Clear Body (2/3) / Ice Body (1/3),Genderless,255,NPC + Agency,"132,166,167,186",Trainer IDs 90-189 (31 IV),Clear Body / Clear Body / Ice Body,255
"Fernanda (Backpacker) / Mechabob, Abel (Gentleman) / Horace (Ace Trainer)",956,Registeel,Default,Leftovers,Amnesia,Iron Defense,Charge Beam,Flash Cannon,Bold,255 HP / 255 Sp. Def,255,0,0,0,0,255,31 all,31 all,Clear Body (2/3) / Light Metal (1/3),Genderless,255,NPC + Agency,"139,166,167,186",Trainer IDs 90-189 (31 IV),Clear Body / Clear Body / Light Metal,255
"Ignacio, Candy (Veteran) / Samantha (Lass) / Mechabob, Abel (Gentleman)",957,Cobalion,Default,Lax Incense,Swagger,Substitute,Psych Up,Iron Head,Jolly,255 Attack / 255 Speed,0,255,0,255,0,0,31 all,31 all,Justified (3/3),Genderless,255,NPC + Agency,"125,129,132,166,167",Trainer IDs 90-189 (31 IV),Justified / Justified / Justified,255
"Ignacio, Candy, Dooley (Veteran) / Fernanda (Backpacker) / Vivek, Stellan (Hiker) / Mechabob, Abel (Gentleman)",958,Terrakion,Default,Sitrus Berry,Swords Dance,Sacred Sword,Earthquake,Rock Slide,Jolly,255 Attack / 255 Speed,0,255,0,255,0,0,31 all,31 all,Justified (3/3),Genderless,255,NPC + Agency,"125,129,139,140,141,166,167,188",Trainer IDs 90-189 (31 IV),Justified / Justified / Justified,255
"Ignacio, Candy, Demiathena (Veteran) / Samantha (Lass) / Mechabob, Abel (Gentleman)",959,Virizion,Default,Coba Berry,Leaf Blade,Stone Edge,Sacred Sword,Protect,Jolly,255 Attack / 255 Speed,0,255,0,255,0,0,31 all,31 all,Justified (3/3),Genderless,255,NPC + Agency,"125,129,132,166,167,189",Trainer IDs 90-189 (31 IV),Justified / Justified / Justified,255
"Ignacio, Candy, Dooley (Veteran) / Fernanda (Backpacker) / Mechabob, Abel (Gentleman)",960,Tornadus,Default,Chesto Berry,Rest,Air Slash,Dark Pulse,Focus Blast,Bold,255 HP / 255 Sp. Def,255,0,0,0,0,255,31 all,31 all,Prankster (2/3) / Defiant (1/3),Male-only,255,NPC + Agency,"125,129,139,166,167,188",Trainer IDs 90-189 (31 IV),Prankster / Prankster / Defiant,0
"Ignacio, Candy, Dooley, Demiathena (Veteran) / Samantha (Lass) / Mechabob, Abel (Gentleman)",961,Thundurus,Default,Sitrus Berry,Wild Charge,U-turn,Crunch,Sky Drop,Jolly,255 Attack / 255 Speed,0,255,0,255,0,0,31 all,31 all,Prankster (2/3) / Defiant (1/3),Male-only,255,NPC + Agency,"125,129,132,166,167,188,189",Trainer IDs 90-189 (31 IV),Prankster / Prankster / Defiant,0
"Ignacio, Candy, Demiathena (Veteran) / Victor, Naya (Preschooler) / Fernanda (Backpacker) / Donny, Gracie (Madame)",962,Latias,Default,Life Orb,Zen Headbutt,Earthquake,Thunder Wave,Dragon Claw,Adamant,255 Attack / 255 Speed,0,255,0,255,0,0,31 all,31 all,Levitate (3/3),Female-only,255,NPC + Agency,"125,129,135,137,139,168,169,189",Trainer IDs 90-189 (31 IV),Levitate / Levitate / Levitate,254
"Ignacio, Candy, Dooley, Demiathena (Veteran) / Samantha (Lass) / Victor, Naya (Preschooler) / Christian, Ezra (Sightseer) / Donny, Gracie (Madame) / Anabel (Pokémon Trainer)",963,Latios,Default,Choice Specs,Draco Meteor,Thunder,Psychic,Energy Ball,Timid,255 Speed / 255 Sp. Atk,0,0,0,255,255,0,31 all,31 all,Levitate (3/3),Male-only,255,NPC + Agency,"125,129,132,135,137,160,161,168,169,188,189,193",Battle Legend/featured IDs 190-205 (31 IV); Trainer IDs 90-189 (31 IV),Levitate / Levitate / Levitate,0
"Victor, Naya (Preschooler) / Fernanda (Backpacker) / Erix, Marianne (Rising Star) / Christian, Ezra (Sightseer) / Donny, Gracie (Madame) / Dooley (Veteran)",964,Heatran,Default,Shuca Berry,Sunny Day,Fire Blast,Solar Beam,Earth Power,Modest,255 HP / 255 Sp. Atk,255,0,0,0,255,0,31 all,31 all,Flash Fire (2/3) / Flame Body (1/3),PID-derived species ratio (sex_vector=127),255,NPC + Agency,"135,137,139,155,157,160,161,168,169,188",Trainer IDs 90-189 (31 IV),Flash Fire / Flash Fire / Flame Body,127
"Samantha (Lass) / Victor, Naya (Preschooler) / Donny, Gracie (Madame) / Dooley, Demiathena (Veteran)",965,Cresselia,Default,Lum Berry,Future Sight,Moonlight,Double Team,Swagger,Bold,255 HP / 255 Sp. Def,255,0,0,0,0,255,31 all,31 all,Levitate (3/3),Female-only,255,NPC + Agency,"132,135,137,168,169,188,189",Trainer IDs 90-189 (31 IV),Levitate / Levitate / Levitate,254
"Victor, Naya (Preschooler) / Fernanda (Backpacker) / Vivek, Stellan (Hiker) / Mechabob, Abel (Gentleman) / Dooley (Veteran)",966,Landorus,Default,Smooth Rock,Sandstorm,Earthquake,Rock Slide,Protect,Jolly,255 Attack / 255 Speed,0,255,0,255,0,0,31 all,31 all,Sand Force (2/3) / Sheer Force (1/3),Male-only,255,NPC + Agency,"135,137,139,140,141,166,167,188",Trainer IDs 90-189 (31 IV),Sand Force / Sand Force / Sheer Force,0
"Samantha (Lass) / Alice, Chen (Sightseer) / Mechabob, Abel (Gentleman) / Patrick, Susanna (Golfer)",967,Regigigas,Default,Leftovers,Confuse Ray,Knock Off,Thunder Wave,Rock Slide,Adamant,255 HP / 255 Attack,255,255,0,0,0,0,31 all,31 all,Slow Start (3/3),Genderless,255,NPC + Agency,"132,158,159,166,167,172,175",Trainer IDs 90-189 (31 IV),Slow Start / Slow Start / Slow Start,255
"Fernanda (Backpacker) / Donny, Gracie (Madame) / Dooley (Veteran)",968,Articuno,Default,Leftovers,Tailwind,Blizzard,Sky Drop,Protect,Modest,255 Speed / 255 Sp. Atk,0,0,0,255,255,0,31 all,31 all,Pressure (2/3) / Snow Cloak (1/3),Genderless,255,NPC + Agency,"139,168,169,188",Trainer IDs 90-189 (31 IV),Pressure / Pressure / Snow Cloak,255
"Samantha (Lass) / Donny, Gracie (Madame) / Patrick, Susanna (Golfer) / Dooley, Demiathena (Veteran)",969,Zapdos,Default,Flyinium Z,Wild Charge,Drill Peck,Thunder Wave,Roost,Adamant,255 HP / 255 Attack,255,255,0,0,0,0,31 all,31 all,Pressure (2/3) / Static (1/3),Genderless,255,NPC + Agency,"132,168,169,172,175,188,189",Trainer IDs 90-189 (31 IV),Pressure / Pressure / Static,255
"Fernanda (Backpacker) / Erix, Marianne (Rising Star) / Donny, Gracie (Madame)",970,Moltres,Default,Firium Z,Heat Wave,Burn Up,Air Slash,Protect,Timid,255 Speed / 255 Sp. Atk,0,0,0,255,255,0,31 all,31 all,Pressure (2/3) / Flame Body (1/3),Genderless,255,NPC + Agency,"139,155,157,168,169",Trainer IDs 90-189 (31 IV),Pressure / Pressure / Flame Body,255
"Ignacio, Candy, Dooley, Demiathena (Veteran) / Samantha (Lass) / Hilario, Thamina (Youth Athlete) / Mechabob, Abel (Gentleman) / Anabel (Pokémon Trainer)",971,Raikou,Default,Air Balloon,Thunder,Discharge,Reflect,Extrasensory,Timid,255 Speed / 255 Sp. Atk,0,0,0,255,255,0,31 all,31 all,Pressure (2/3) / Inner Focus (1/3),Genderless,255,NPC + Agency,"125,129,132,152,153,166,167,188,189,193",Battle Legend/featured IDs 190-205 (31 IV); Trainer IDs 90-189 (31 IV),Pressure / Pressure / Inner Focus,255
"Fernanda (Backpacker) / Mechabob, Abel (Gentleman) / Patrick, Susanna (Golfer) / Dooley (Veteran) / Anabel (Pokémon Trainer)",972,Entei,Default,Life Orb,Sacred Fire,Bulldoze,Stone Edge,Protect,Adamant,255 HP / 255 Attack,255,255,0,0,0,0,31 all,31 all,Pressure (2/3) / Inner Focus (1/3),Genderless,255,NPC + Agency,"139,166,167,172,175,188,193",Battle Legend/featured IDs 190-205 (31 IV); Trainer IDs 90-189 (31 IV),Pressure / Pressure / Inner Focus,255
"Samantha (Lass) / Dolly, Joaquin (Rising Star) / Mechabob, Abel (Gentleman) / Dooley, Demiathena (Veteran)",973,Suicune,Default,Lum Berry,Snarl,Surf,Blizzard,Protect,Timid,255 Speed / 255 Sp. Atk,0,0,0,255,255,0,31 all,31 all,Pressure (2/3) / Inner Focus (1/3),Genderless,255,NPC + Agency,"132,154,156,166,167,188,189",Trainer IDs 90-189 (31 IV),Pressure / Pressure / Inner Focus,255
"Fernanda (Backpacker) / Vivek, Stellan (Hiker) / Mechabob, Abel (Gentleman) / Horace (Ace Trainer)",974,Regirock,Default,Sitrus Berry,Rock Polish,Rock Slide,Superpower,Explosion,Jolly,255 Attack / 255 Speed,0,255,0,255,0,0,31 all,31 all,Clear Body (2/3) / Sturdy (1/3),Genderless,255,NPC + Agency,"139,140,141,166,167,186",Trainer IDs 90-189 (31 IV),Clear Body / Clear Body / Sturdy,255
"Samantha (Lass) / Mechabob, Abel (Gentleman) / Horace (Ace Trainer)",975,Regice,Default,Zoom Lens,Thunder,Blizzard,Focus Blast,Thunder Wave,Impish,255 HP / 255 Sp. Def,255,0,0,0,0,255,31 all,31 all,Clear Body (2/3) / Ice Body (1/3),Genderless,255,NPC + Agency,"132,166,167,186",Trainer IDs 90-189 (31 IV),Clear Body / Clear Body / Ice Body,255
"Fernanda (Backpacker) / Mechabob, Abel (Gentleman) / Horace (Ace Trainer)",976,Registeel,Default,Leftovers,Toxic,Double Team,Earthquake,Protect,Adamant,255 HP / 255 Attack,255,255,0,0,0,0,31 all,31 all,Clear Body (2/3) / Light Metal (1/3),Genderless,255,NPC + Agency,"139,166,167,186",Trainer IDs 90-189 (31 IV),Clear Body / Clear Body / Light Metal,255
"Ignacio, Candy (Veteran) / Samantha (Lass) / Mechabob, Abel (Gentleman)",977,Cobalion,Default,Life Orb,Iron Head,Close Combat,Quick Guard,Protect,Jolly,255 Attack / 255 Speed,0,255,0,255,0,0,31 all,31 all,Justified (3/3),Genderless,255,NPC + Agency,"125,129,132,166,167",Trainer IDs 90-189 (31 IV),Justified / Justified / Justified,255
"Ignacio, Candy, Dooley (Veteran) / Fernanda (Backpacker) / Vivek, Stellan (Hiker) / Mechabob, Abel (Gentleman)",978,Terrakion,Default,King's Rock,Bulldoze,Rock Slide,Earthquake,Sacred Sword,Jolly,255 Attack / 255 Speed,0,255,0,255,0,0,31 all,31 all,Justified (3/3),Genderless,255,NPC + Agency,"125,129,139,140,141,166,167,188",Trainer IDs 90-189 (31 IV),Justified / Justified / Justified,255
"Ignacio, Candy, Demiathena (Veteran) / Samantha (Lass) / Mechabob, Abel (Gentleman)",979,Virizion,Default,Chesto Berry,Leaf Blade,Swords Dance,Sacred Sword,Rest,Impish,255 HP / 255 Defense,255,0,255,0,0,0,31 all,31 all,Justified (3/3),Genderless,255,NPC + Agency,"125,129,132,166,167,189",Trainer IDs 90-189 (31 IV),Justified / Justified / Justified,255
"Ignacio, Candy, Dooley (Veteran) / Fernanda (Backpacker) / Dolly, Joaquin (Rising Star) / Mechabob, Abel (Gentleman)",980,Tornadus,Default,Damp Rock,Hurricane,Focus Blast,Taunt,Rain Dance,Timid,255 Speed / 255 Sp. Atk,0,0,0,255,255,0,31 all,31 all,Prankster (2/3) / Defiant (1/3),Male-only,255,NPC + Agency,"125,129,139,154,156,166,167,188",Trainer IDs 90-189 (31 IV),Prankster / Prankster / Defiant,0
"Ignacio, Candy, Dooley, Demiathena (Veteran) / Samantha (Lass) / Mechabob, Abel (Gentleman)",981,Thundurus,Default,Electrium Z,Discharge,Focus Blast,Volt Switch,Taunt,Timid,255 Speed / 255 Sp. Atk,0,0,0,255,255,0,31 all,31 all,Prankster (2/3) / Defiant (1/3),Male-only,255,NPC + Agency,"125,129,132,166,167,188,189",Trainer IDs 90-189 (31 IV),Prankster / Prankster / Defiant,0
"Ignacio, Candy, Demiathena (Veteran) / Victor, Naya (Preschooler) / Fernanda (Backpacker) / Donny, Gracie (Madame)",982,Latias,Default,Latiasite,Dragon Pulse,Roost,Thunder Wave,Psychic,Modest,255 HP / 255 Sp. Atk,255,0,0,0,255,0,31 all,31 all,Levitate (3/3),Female-only,255,NPC + Agency,"125,129,135,137,139,168,169,189",Trainer IDs 90-189 (31 IV),Levitate / Levitate / Levitate,254
"Ignacio, Candy, Dooley, Demiathena (Veteran) / Samantha (Lass) / Victor, Naya (Preschooler) / Christian, Ezra (Sightseer) / Donny, Gracie (Madame) / Anabel (Pokémon Trainer)",983,Latios,Default,Latiosite,Zen Headbutt,Earthquake,Dragon Dance,Dragon Claw,Adamant,255 Attack / 255 Speed,0,255,0,255,0,0,31 all,31 all,Levitate (3/3),Male-only,255,NPC + Agency,"125,129,132,135,137,160,161,168,169,188,189,193",Battle Legend/featured IDs 190-205 (31 IV); Trainer IDs 90-189 (31 IV),Levitate / Levitate / Levitate,0
"Victor, Naya (Preschooler) / Fernanda (Backpacker) / Christian, Ezra (Sightseer) / Donny, Gracie (Madame) / Dooley (Veteran)",984,Heatran,Default,Choice Scarf,Magma Storm,Earth Power,Dark Pulse,Flash Cannon,Timid,255 Speed / 255 Sp. Atk,0,0,0,255,255,0,31 all,31 all,Flash Fire (2/3) / Flame Body (1/3),PID-derived species ratio (sex_vector=127),255,NPC + Agency,"135,137,139,160,161,168,169,188",Trainer IDs 90-189 (31 IV),Flash Fire / Flash Fire / Flame Body,127
"Stein, Cadel (Scientist) / Samantha (Lass) / Victor, Naya (Preschooler) / Vivek, Stellan (Hiker) / Donny, Gracie (Madame) / Dooley, Demiathena (Veteran)",985,Cresselia,Default,Iron Ball,Psychic,Shadow Ball,Moonblast,Trick Room,Quiet,255 Defense / 255 Sp. Atk,0,0,255,0,255,0,31 all,31 all,Levitate (3/3),Female-only,255,NPC + Agency,"110,111,132,135,137,140,141,168,169,188,189",Trainer IDs 90-189 (31 IV),Levitate / Levitate / Levitate,254
"Victor, Naya (Preschooler) / Fernanda (Backpacker) / Mechabob, Abel (Gentleman) / Dooley (Veteran)",986,Landorus,Default,White Herb,Hammer Arm,Earthquake,Explosion,U-turn,Adamant,255 Attack / 255 Defense,0,255,255,0,0,0,31 all,31 all,Sand Force (2/3) / Sheer Force (1/3),Male-only,255,NPC + Agency,"135,137,139,166,167,188",Trainer IDs 90-189 (31 IV),Sand Force / Sand Force / Sheer Force,0
"Samantha (Lass) / Alice, Chen (Sightseer) / Mechabob, Abel (Gentleman) / Patrick, Susanna (Golfer)",987,Regigigas,Default,Leftovers,Wide Guard,Double Team,Confuse Ray,Toxic,Careful,255 HP / 255 Defense,255,0,255,0,0,0,31 all,31 all,Slow Start (3/3),Genderless,255,NPC + Agency,"132,158,159,166,167,172,175",Trainer IDs 90-189 (31 IV),Slow Start / Slow Start / Slow Start,255
"Rendor (Police Officer) / Variel, Atalanta (Dancer) / Heidi, Haley (Aether Foundation) / Levi, Bette (Ace Trainer) / Aino, Dooley (Veteran) / Dolly, Joaquin (Rising Star) / Presta, Calder (Firefighter)",988,Rotom,Wash,Sitrus Berry,Hydro Pump,Thunder,Will-O-Wisp,Shadow Ball,Modest,255 HP / 255 Sp. Atk,255,0,0,0,255,0,31 all,31 all,Levitate (3/3),Genderless,255,NPC + Agency,"90,100,101,106,107,116,121,126,154,156,180,181,188",Trainer IDs 90-189 (31 IV),Levitate / Levitate / Levitate,255
"Lou, Benji (Police Officer) / Carrie, Jo, Tasanee (Dancer) / Munin, Poppy (Ace Trainer) / Xenophon (Veteran) / Savir, Harding (Office Worker) / Zed, Edda (Punk Girl) / Sika, Paulo (Janitor)",989,Rotom,Mow,White Herb,Leaf Storm,Thunder,Thunder Wave,Dark Pulse,Modest,255 HP / 255 Sp. Atk,255,0,0,0,255,0,31 all,31 all,Levitate (3/3),Genderless,255,NPC + Agency,"91,92,99,114,115,118,119,123,142,143,148,149,162,163",Trainer IDs 90-189 (31 IV),Levitate / Levitate / Levitate,255
"Cal, Tivon, Robyn, Stein, Cadel (Scientist) / Harvey, Luke (Aether Foundation) / Darrel, Jana (Office Worker) / Dan, Omar (Worker)",990,Rotom,Fan,Zoom Lens,Blizzard,Thunder,Will-O-Wisp,Shadow Ball,Modest,255 HP / 255 Sp. Atk,255,0,0,0,255,0,31 all,31 all,Levitate (3/3),Genderless,255,NPC + Agency,"93,94,95,102,103,110,111,144,145,164,165",Trainer IDs 90-189 (31 IV),Levitate / Levitate / Levitate,255
"Chucky, Iniko, Arnold (Black Belt) / Hashim, Tamah (Ace Trainer) / Etta, Dustin (Punk Guy) / Donna, Gilroy (Bellhop)",991,Rotom,Frost,Choice Scarf,Air Slash,Thunder,Dark Pulse,Trick,Timid,255 Speed / 255 Sp. Atk,0,0,0,255,255,0,31 all,31 all,Levitate (3/3),Genderless,255,NPC + Agency,"96,97,98,117,120,146,147,170,171",Trainer IDs 90-189 (31 IV),Levitate / Levitate / Levitate,255
"Rendor (Police Officer) / Iniko, Arnold (Black Belt) / Harvey, Heidi (Aether Foundation) / Munin (Ace Trainer) / Kikujiro (Veteran) / Savir, Harding (Office Worker) / Dan, Omar (Worker) / Mechabob, Abel (Gentleman) / Sophocles (Pokémon Trainer)",992,Electivire,Default,Life Orb,Wild Charge,Feint,Ice Punch,Cross Chop,Adamant,255 HP / 255 Attack,255,255,0,0,0,0,31 all,31 all,Motor Drive (2/3) / Vital Spirit (1/3),PID-derived species ratio (sex_vector=63),255,NPC + Agency,"90,97,98,102,106,118,122,142,143,164,165,166,167,207",Battle Agency event IDs 207-208 (31 IV); Trainer IDs 90-189 (31 IV),Motor Drive / Motor Drive / Vital Spirit,63
"Chucky, Boris, Bryson (Black Belt) / Luke, Haley (Aether Foundation) / Lea, Sylvia, Levi, Bette (Ace Trainer) / Dolly, Joaquin (Rising Star) / Larry, Tony (Cook) / Sam, Dennis (Collector)",993,Magmortar,Default,Air Balloon,Fire Blast,Psychic,Will-O-Wisp,Focus Blast,Modest,255 HP / 255 Sp. Atk,255,0,0,0,255,0,31 all,31 all,Flame Body (2/3) / Vital Spirit (1/3),PID-derived species ratio (sex_vector=63),255,NPC + Agency,"96,103,107,108,109,112,113,116,121,154,156,182,183,184,185",Trainer IDs 90-189 (31 IV),Flame Body / Flame Body / Vital Spirit,63
"Lou, Benji (Police Officer) / Chucky (Black Belt) / Luke, Haley (Aether Foundation) / Hashim, Poppy (Ace Trainer) / Vivek, Stellan (Hiker) / Sika, Paulo (Janitor)",994,Probopass,Default,Sitrus Berry,Tri Attack,Power Gem,Flash Cannon,Dazzling Gleam,Calm,255 HP / 255 Sp. Def,255,0,0,0,0,255,31 all,31 all,Sturdy (1/3) / Magnet Pull (1/3) / Sand Force (1/3),PID-derived species ratio (sex_vector=127),255,NPC + Agency,"91,92,96,103,107,117,119,140,141,162,163",Trainer IDs 90-189 (31 IV),Sturdy / Magnet Pull / Sand Force,127
"Tivon, Robyn, Stein, Cadel (Scientist) / Chucky (Black Belt) / Harvey, Heidi (Aether Foundation) / Tamah (Ace Trainer) / Darrel, Jana (Office Worker) / Donna, Gilroy (Bellhop) / Sam, Dennis (Collector)",995,Lickilicky,Default,Normalium Z,Explosion,Brutal Swing,Hammer Arm,Dragon Tail,Adamant,255 HP / 255 Attack,255,255,0,0,0,0,31 all,31 all,Own Tempo (1/3) / Oblivious (1/3) / Cloud Nine (1/3),PID-derived species ratio (sex_vector=127),255,NPC + Agency,"94,95,96,102,106,110,111,120,144,145,170,171,184,185",Trainer IDs 90-189 (31 IV),Own Tempo / Oblivious / Cloud Nine,127
Grunt (Team Rainbow Rocket),996,Raticate,Default,Oran Berry,Super Fang,Quick Attack,Bite,Focus Energy,Modest,255 Defense / 255 Sp. Atk,0,0,255,0,255,0,31 all,Not NPC,Run Away (1/3) / Guts (1/3) / Hustle (1/3),PID-derived species ratio (sex_vector=127),255,Agency tutorial,209,Battle Agency tutorial ID 209,Run Away / Guts / Hustle,127
Grunt (Team Rainbow Rocket),997,Arbok,Default,Lum Berry,Poison Sting,Bite,Glare,Wrap,Mild,255 Defense / 255 Sp. Atk,0,0,255,0,255,0,31 all,Not NPC,Intimidate (1/3) / Shed Skin (1/3) / Unnerve (1/3),PID-derived species ratio (sex_vector=127),255,Agency tutorial,209,Battle Agency tutorial ID 209,Intimidate / Shed Skin / Unnerve,127
Grunt (Team Rainbow Rocket),998,Golbat,Default,Rocky Helmet,Screech,Bite,Wing Attack,Toxic,Quiet,255 Sp. Atk / 255 Sp. Def,0,0,0,0,255,255,31 all,Not NPC,Inner Focus (2/3) / Infiltrator (1/3),PID-derived species ratio (sex_vector=127),255,Agency tutorial,209,Battle Agency tutorial ID 209,Inner Focus / Inner Focus / Infiltrator,127
